o escape_tunnel_shell
v 54.7753599639 4.77535996391 -4.22464003609
v 54.8 4.62961034615 -4.2
v 54.8 4.7751164285 -4.2248835715
v 54.8 4.8 -4.2292773947
v 54.7726625186 4.8 -4.22733748144
v 54.2406779074 4.8 -4.2
v 54.6226043199 4.62260431989 -4.2
v 55.7455110784 4.74551107836 -4.25448892164
v 55.8 4.51591128422 -4.2
v 55.8 4.74573952025 -4.25426047975
v 55.8 4.8 -4.26740998928
v 55.7362315436 4.8 -4.26376845639
v 55.4831416402 4.48314164021 -4.2
v 56.730019424 4.73001942403 -4.26998057597
v 56.8 4.50653697897 -4.2
v 56.8 4.73127457955 -4.26872542045
v 56.8 4.8 -4.29022511374
v 56.7134091035 4.8 -4.28659089653
v 56.4577056399 4.4577056399 -4.2
v 57.7378928349 4.73789283494 -4.26210716506
v 57.8 4.58003592794 -4.2
v 57.8 4.73976147871 -4.26023852129
v 57.8 4.8 -4.2840034041
v 57.7182818847 4.8 -4.2817181153
v 57.5284876852 4.52848768517 -4.2
v 58.7628997541 4.76289975406 -4.23710024594
v 58.8 4.68423513482 -4.2
v 58.8 4.76398563971 -4.23601436029
v 58.8 4.8 -4.25291419177
v 58.7477557495 4.8 -4.25224425049
v 58.6550644153 4.65506441528 -4.2
v 59.7987622271 4.79876222711 -4.20123777289
v 59.8 4.79655037579 -4.2
v 59.8 4.79881009693 -4.20118990307
v 59.8 4.8 -4.20183779669
v 59.7981500823 4.8 -4.20184991767
v 59.7956758506 4.79567585059 -4.2
v 59.8269770748 4.8 -4.2
v 54.8 5.23647023002 -4.2
v 55.7448592235 5.74485922345 -4.25514077655
v 55.8 5.74167968814 -4.25832031186
v 55.8 5.8 -4.25803684161
v 55.7480241701 5.8 -4.25197582986
v 55.2002127826 5.8 -4.2
v 56.6700426974 5.67004269744 -4.32995730256
v 56.8 5.66485768221 -4.33514231779
v 56.8 5.8 -4.34294824648
v 56.6706265273 5.8 -4.32937347267
v 57.6222399929 5.62223999287 -4.37776000713
v 57.8 5.6178017508 -4.3821982492
v 57.8 5.8 -4.40677322896
v 57.6125060935 5.8 -4.38749390655
v 58.5959766691 5.59597666908 -4.40402333092
v 58.8 5.5937839094 -4.4062160906
v 58.8 5.8 -4.44918284356
v 58.5692883872 5.8 -4.43071161284
v 59.5868991744 5.58689917442 -4.41310082558
v 59.8 5.58800146521 -4.41199853479
v 59.8 5.8 -4.47184905016
v 59.5429624387 5.8 -4.45703756131
v 60.5936729716 5.59367297156 -4.40632702844
v 60.8 5.00347439673 -4.2
v 60.8 5.59754207645 -4.40245792355
v 60.8 5.8 -4.47468775487
v 60.5348849191 5.8 -4.46511508092
v 61.6144374586 5.61443745862 -4.38556254138
v 61.8 5.18697361064 -4.2
v 61.8 5.62007551599 -4.37992448401
v 61.8 5.8 -4.45760063987
v 61.5463180211 5.8 -4.45368197888
v 61.0215569893 5.02155698928 -4.2
v 62.6475601516 5.64756015165 -4.35243984835
v 62.8 5.35554664951 -4.2
v 62.8 5.65371581332 -4.34628418668
v 62.8 5.8 -4.42047630957
v 62.5785453429 5.8 -4.42145465712
v 62.2350395084 5.23503950837 -4.2
v 63.6916097344 5.69160973439 -4.30839026561
v 63.8 5.51490976229 -4.2
v 63.8 5.69692072472 -4.30307927528
v 63.8 5.8 -4.3631912798
v 63.6328742173 5.8 -4.36712578274
v 63.437920661 5.43792066104 -4.2
v 64.7029925366 5.70299253658 -4.29700746342
v 64.8 5.53808337902 -4.2
v 64.8 5.70030196645 -4.29969803355
v 64.8 5.8 -4.36105463257
v 64.645812688 5.8 -4.35418731201
v 64.5284569461 5.52845694611 -4.2
v 65.6909183321 5.69091833211 -4.30908166789
v 65.8 5.49801145708 -4.2
v 65.8 5.6854462231 -4.3145537769
v 65.8 5.8 -4.38466031417
v 65.6249099176 5.8 -4.37509008235
v 65.5182104729 5.51821047288 -4.2
v 66.6763945636 5.67639456359 -4.32360543641
v 66.8 5.45720200696 -4.2
v 66.8 5.67037291413 -4.32962708587
v 66.8 5.8 -4.40855904491
v 66.6019872604 5.8 -4.3980127396
v 66.4795100204 5.47951002041 -4.2
v 67.661642993 5.66164299304 -4.33835700696
v 67.8 5.41570292002 -4.2
v 67.8 5.65509189822 -4.34490810178
v 67.8 5.8 -4.43274329267
v 67.5787465497 5.8 -4.42125345034
v 67.4400529065 5.4400529065 -4.2
v 68.6466739264 5.64667392636 -4.35332607364
v 68.8 5.37355816845 -4.2
v 68.8 5.63961234483 -4.36038765517
v 68.8 5.8 -4.45720564612
v 68.5551970197 5.8 -4.44480298027
v 68.3998855561 5.39988555613 -4.2
v 69.6314969588 5.63149695884 -4.36850304116
v 69.8 5.32699542667 -4.2
v 69.8 5.62239795012 -4.37760204988
v 69.8 5.8 -4.48319574951
v 69.5313476111 5.8 -4.46865238885
v 69.3590507997 5.35905079969 -4.2
v 70.6196081932 5.6196081932 -4.3803918068
v 70.8 5.29776209867 -4.2
v 70.8 5.61471330672 -4.38528669328
v 70.8 5.8 -4.49378327859
v 70.5129348058 5.8 -4.48706519422
v 70.3222610255 5.3222610255 -4.2
v 71.6153603088 5.61536030882 -4.38463969118
v 71.8 5.27692275754 -4.2
v 71.8 5.61027051223 -4.38972948777
v 71.8 5.8 -4.49789572883
v 71.5071063807 5.8 -4.49289361929
v 71.2988350458 5.29883504583 -4.2
v 72.6111283707 5.61112837069 -4.38887162931
v 72.8 5.25672373002 -4.2
v 72.8 5.60614603297 -4.39385396703
v 72.8 5.8 -4.50157927146
v 72.5032720992 5.8 -4.49672790084
v 72.2783174333 5.27831743329 -4.2
v 73.6071932241 5.6071932241 -4.3928067759
v 73.8 5.23715788875 -4.2
v 73.8 5.60231930612 -4.39768069388
v 73.8 5.8 -4.50487254069
v 73.4998331677 5.8 -4.50016683225
v 73.2583903245 5.25839032448 -4.2
v 74.603536718 5.60353671799 -4.39646328201
v 74.8 5.21821727094 -4.2
v 74.8 5.59877138744 -4.40122861256
v 74.8 5.8 -4.50780969659
v 74.4967555038 5.8 -4.50324449621
v 74.239051845 5.23905184498 -4.2
v 75.6001420129 5.6001420129 -4.3998579871
v 75.8 5.19989323031 -4.2
v 75.8 5.59548480893 -4.40451519107
v 75.8 5.8 -4.51042105076
v 75.4940087864 5.8 -4.50599121356
v 75.2202987927 5.22029879269 -4.2
v 76.5701848078 5.8 -4.42981519216
v 76.301323355 5.30132335501 -4.2
v 55.8 6.02264083771 -4.2
v 56.8 6.50371117362 -4.2
v 56.2961637876 6.29616378763 -4.2
v 57.7243764213 6.72437642133 -4.27562357867
v 57.8 6.7154026165 -4.2845973835
v 57.8 6.8 -4.27431907703
v 57.7373378039 6.8 -4.26266219612
v 57.2618995851 6.8 -4.2
v 58.6159253344 6.6159253344 -4.3840746656
v 58.8 6.60021828247 -4.39978171753
v 58.8 6.8 -4.38995043951
v 58.6361261615 6.8 -4.36387383854
v 59.5356606865 6.53566068646 -4.46433931354
v 59.8 6.5205866802 -4.4794133198
v 59.8 6.8 -4.48598945023
v 59.5476670824 6.8 -4.45233291756
v 60.4802366619 6.48023666189 -4.51976333811
v 60.8 6.46957797626 -4.53042202374
v 60.8 6.8 -4.56239074162
v 60.4731416389 6.8 -4.52685836113
v 61.446658198 6.44665819804 -4.55334180196
v 61.8 6.44193866487 -4.55806133513
v 61.8 6.8 -4.61909208423
v 61.4137511478 6.8 -4.58624885221
v 62.4322946295 6.43229462953 -4.56770537047
v 62.8 6.43361502635 -4.56638497365
v 62.8 6.8 -4.65601584386
v 62.3707193298 6.8 -4.62928067018
v 63.4348407459 6.43484074595 -4.56515925405
v 63.8 6.44143023837 -4.55856976163
v 63.8 6.8 -4.67307024177
v 63.3452945437 6.8 -4.65470545628
v 64.4385158117 6.43851581171 -4.56148418829
v 64.8 6.42649287816 -4.57350712184
v 64.8 6.8 -4.70072423897
v 64.3237756344 6.8 -4.67622436557
v 65.4223826534 6.42238265344 -4.57761734656
v 65.8 6.40701616885 -4.59298383115
v 65.8 6.8 -4.7284208245
v 65.2948942869 6.8 -4.70510571314
v 66.4031812515 6.40318125149 -4.59681874851
v 66.8 6.3874926825 -4.6125073175
v 66.8 6.8 -4.75628856544
v 66.2675818359 6.8 -4.73241816413
v 67.3839137729 6.3839137729 -4.6160862271
v 67.8 6.36791989606 -4.63208010394
v 67.8 6.8 -4.78432774092
v 67.2400739916 6.8 -4.75992600837
v 68.3645797146 6.36457971457 -4.63542028543
v 68.8 6.34829599989 -4.65170400011
v 68.8 6.8 -4.81253787828
v 68.2123729184 6.8 -4.78762708163
v 69.3451790069 6.34517900693 -4.65482099307
v 69.8 6.32707452815 -4.67292547185
v 69.8 6.8 -4.84137688261
v 69.1844811983 6.8 -4.81551880169
v 70.3303818808 6.3303818808 -4.6696181192
v 70.8 6.32225443835 -4.67774556165
v 70.8 6.8 -4.84642498155
v 70.1616818331 6.8 -4.83831816687
v 71.3276544766 6.3276544766 -4.6723455234
v 71.8 6.32166084949 -4.67833915051
v 71.8 6.8 -4.84418454051
v 71.1585398685 6.8 -4.84146013152
v 72.326994568 6.32699456795 -4.67300543205
v 72.8 6.32122319932 -4.67877680068
v 72.8 6.8 -4.84192311648
v 72.1607322682 6.8 -4.83926773181
v 73.3264925569 6.32649255685 -4.67350744315
v 73.8 6.32092962506 -4.67907037494
v 73.8 6.8 -4.83964191649
v 73.1629472184 6.8 -4.83705278164
v 74.3261365287 6.32613652874 -4.67386347126
v 74.8 6.32076942346 -4.67923057654
v 74.8 6.8 -4.8373420604
v 74.1651834441 6.8 -4.83481655594
v 75.3259157255 6.32591572547 -4.67408427453
v 75.8 6.3207329142 -4.6792670858
v 75.8 6.8 -4.83502458813
v 75.1674397607 6.8 -4.83256023933
v 76.3685991243 6.3685991243 -4.6314008757
v 76.2107961592 6.8 -4.78920384084
v 57.8 6.99351165353 -4.2
v 58.8 7.40576672833 -4.2
v 58.1862916681 7.18629166806 -4.2
v 59.7512951766 7.75129517659 -4.24870482341
v 59.8 7.742717995 -4.257282005
v 59.8 7.8 -4.24396946748
v 59.763978947 7.8 -4.236021053
v 59.5487886051 7.8 -4.2
v 60.5960208629 7.59602086287 -4.40397913713
v 60.8 7.56926780685 -4.43073219315
v 60.8 7.8 -4.39373526713
v 60.6375514546 7.8 -4.3624485454
v 61.4755049056 7.47550490559 -4.52449509441
v 61.8 7.44487436639 -4.55512563361
v 61.8 7.8 -4.52393525612
v 61.5221051692 7.8 -4.47789483085
v 62.3854499948 7.38544999475 -4.61455000525
v 62.8 7.35892321689 -4.64107678311
v 62.8 7.8 -4.63452998606
v 62.418774171 7.8 -4.58122582899
v 63.3220843905 7.32208439051 -4.67791560949
v 63.8 7.30363548912 -4.69636451088
v 63.8 7.8 -4.72546337391
v 63.3287169252 7.8 -4.67128307482
v 64.2928138441 7.29281384415 -4.70718615585
v 64.8 7.26833795424 -4.73166204576
v 64.8 7.8 -4.76774599594
v 64.2637560566 7.8 -4.73624394342
v 65.260761158 7.26076115799 -4.73923884201
v 65.8 7.23766076455 -4.76233923545
v 65.8 7.8 -4.80690784322
v 65.224794549 7.8 -4.77520545105
v 66.2311216265 7.23112162649 -4.76887837351
v 66.8 7.20768728129 -4.79231271871
v 66.8 7.8 -4.84566017464
v 66.186760933 7.8 -4.81323906695
v 67.2020493684 7.20204936844 -4.79795063156
v 67.8 7.17833144061 -4.82166855939
v 67.8 7.8 -4.88405491894
v 67.1490049594 7.8 -4.85099504062
v 68.1734791608 7.17347916078 -4.82652083922
v 68.8 7.14952038659 -4.85047961341
v 68.8 7.8 -4.9221369033
v 68.111492022 7.8 -4.88850797803
v 69.1453552238 7.14535522381 -4.85464477619
v 69.8 7.12075727426 -4.87924272574
v 69.8 7.8 -4.96051437197
v 69.0741919103 7.8 -4.9258080897
v 70.1230850185 7.12308501846 -4.87691498154
v 70.8 7.1154158357 -4.8845841643
v 70.8 7.8 -4.96787474744
v 70.0414332196 7.8 -4.9585667804
v 71.1192354885 7.11923548848 -4.88076451152
v 71.8 7.11666230298 -4.88333769702
v 71.8 7.8 -4.96828910658
v 71.035282922 7.8 -4.96471707801
v 72.1204913975 7.12049139751 -4.87950860249
v 72.8 7.11798488537 -4.88201511463
v 72.8 7.8 -4.96845810451
v 72.0348658168 7.8 -4.96513418318
v 73.1218187419 7.12181874188 -4.87818125812
v 73.8 7.11937591365 -4.88062408635
v 73.8 7.8 -4.96840731952
v 73.0346921768 7.8 -4.96530782324
v 74.1232106574 7.12321065737 -4.87678934263
v 74.8 7.12082872481 -4.87917127519
v 74.8 7.8 -4.96815903542
v 74.0347369246 7.8 -4.96526307537
v 75.124661144 7.12466114402 -4.87533885598
v 75.8 7.12233750183 -4.87766249817
v 75.8 7.8 -4.96773274098
v 75.0349781633 7.8 -4.96502183667
v 76.1590055793 7.15900557934 -4.84099442066
v 76.0626606033 7.8 -4.93733939668
v 59.8 7.88916171908 -4.2
v 60.8 8.25812098386 -4.2
v 59.9669940727 7.96699407267 -4.2
v 61.8 8.71985415615 -4.2
v 61.6775440358 8.67754403582 -4.2
v 62.6211736462 8.62117364621 -4.37882635379
v 62.8 8.58640046177 -4.41359953823
v 62.8 8.8 -4.35554887194
v 62.6733500889 8.8 -4.32664991112
v 61.9608667762 8.8 -4.2
v 63.4535815584 8.45358155845 -4.54641844155
v 63.8 8.40297679283 -4.59702320717
v 63.8 8.8 -4.51399077366
v 63.5355922614 8.8 -4.4644077386
v 64.3751652433 8.3751652433 -4.6248347567
v 64.8 8.34376939466 -4.65623060534
v 64.8 8.8 -4.56349519136
v 64.4607415579 8.8 -4.53925844206
v 65.3159281299 8.31592812989 -4.68407187011
v 65.8 8.28313711135 -4.71686288865
v 65.8 8.8 -4.621448892
v 65.4102666331 8.8 -4.58973336685
v 66.2605545598 8.26055455984 -4.73944544016
v 66.8 8.22624721202 -4.77375278798
v 66.8 8.8 -4.67795579906
v 66.3563089197 8.8 -4.64369108026
v 67.2080070123 8.20800701226 -4.79199298774
v 67.8 8.17255663679 -4.82744336321
v 67.8 8.8 -4.73316328552
v 67.3033006288 8.8 -4.69669937122
v 68.1579230531 8.15792305308 -4.84207694692
v 68.8 8.12162299584 -4.87837700416
v 68.8 8.8 -4.78719977268
v 68.2511627114 8.8 -4.74883728863
v 69.1099999148 8.10999991482 -4.89000008518
v 69.8 8.07246262486 -4.92753737514
v 69.8 8.8 -4.84181378864
v 69.1998241486 8.8 -4.80017585144
v 70.0706313105 8.07063131048 -4.92936868952
v 70.8 8.06058436382 -4.93941563618
v 70.8 8.8 -4.85906457425
v 70.1560607038 8.8 -4.84393929615
v 71.0606039546 8.06060395459 -4.93939604541
v 71.8 8.05677658653 -4.94322341347
v 71.8 8.8 -4.87107507771
v 71.1409582718 8.8 -4.85904172821
v 72.0571038923 8.0571038923 -4.9428961077
v 72.8 8.05356954903 -4.94643045097
v 72.8 8.8 -4.88199010927
v 72.1293034459 8.8 -4.87069655407
v 73.054154802 8.05415480205 -4.94584519795
v 73.8 8.05088253109 -4.94911746891
v 73.8 8.8 -4.89192059931
v 73.1186803762 8.8 -4.88131962377
v 74.0516855456 8.05168554564 -4.94831445436
v 74.8 8.04864842889 -4.95135157111
v 74.8 8.8 -4.90096350319
v 74.108989976 8.8 -4.89101002401
v 75.0496364789 8.0496364789 -4.9503635211
v 75.8 8.0468110224 -4.9531889776
v 75.8 8.8 -4.90920388295
v 75.100144788 8.8 -4.89985521198
v 76.0822243345 8.08222433453 -4.91777566547
v 76.1297574549 8.8 -4.87024254512
v 62.8 9.09191678474 -4.2
v 63.8 9.42933968143 -4.2
v 63.2652664804 9.26526648045 -4.2
v 64.8 9.56559572284 -4.2
v 64.5443458202 9.54434582019 -4.2
v 65.8 9.73888698287 -4.2
v 65.7321489307 9.73214893071 -4.2
v 66.7180282753 9.7180282753 -4.2819717247
v 66.8 9.70702949115 -4.29297050885
v 66.8 9.8 -4.25364866839
v 66.7520060426 9.8 -4.24799395745
v 66.1468431203 9.8 -4.2
v 67.6038624996 9.60386249962 -4.39613750038
v 67.8 9.5798103281 -4.4201896719
v 67.8 9.8 -4.33214501399
v 67.6810988028 9.8 -4.3189011972
v 68.4991194089 9.49911940887 -4.50088059113
v 68.8 9.46522812962 -4.53477187038
v 68.8 9.8 -4.40823306719
v 68.6116353421 9.8 -4.38836465792
v 69.4007178307 9.40071783072 -4.59928216928
v 69.8 9.35759561283 -4.64240438717
v 69.8 9.8 -4.48472617384
v 69.5421905658 9.8 -4.4578094342
v 70.3318894802 9.33188948015 -4.66811051985
v 70.8 9.31527177441 -4.68472822559
v 70.8 9.8 -4.52092180892
v 70.4936967319 9.8 -4.50630326812
v 71.2957107411 9.29571074109 -4.70428925891
v 71.8 9.28221196068 -4.71778803932
v 71.8 9.8 -4.55340392047
v 71.4617886409 9.8 -4.53821135909
v 72.2663993011 9.26639930105 -4.73360069895
v 72.8 9.25358373369 -4.74641626631
v 72.8 9.8 -4.58332122843
v 72.4319721423 9.8 -4.56802785773
v 73.2407262173 9.24072621733 -4.75927378267
v 73.8 9.22861943879 -4.77138056121
v 73.8 9.8 -4.61093018734
v 73.4043110978 9.8 -4.5956889022
v 74.2181176686 9.21811766864 -4.78188233136
v 74.8 9.20671793094 -4.79328206906
v 74.8 9.8 -4.63645524251
v 74.378617837 9.8 -4.62138216304
v 75.1981128502 9.19811285015 -4.80188714985
v 75.8 9.18740185463 -4.81259814537
v 75.8 9.8 -4.66009356351
v 75.3547240336 9.8 -4.64527596645
v 76.2609457133 9.26094571327 -4.73905428673
v 66.8 9.87897811147 -4.2
v 67.8 10.003346954 -4.2
v 66.8968446919 9.89684469195 -4.2
v 68.8 10.1347822822 -4.2
v 68.0482276488 10.0482276488 -4.2
v 69.8 10.2787127343 -4.2
v 69.2101308888 10.2101308888 -4.2
v 70.8 10.3665964328 -4.2
v 70.3409827618 10.3409827618 -4.2
v 71.8 10.4579108923 -4.2
v 71.4400853685 10.4400853685 -4.2
v 72.8 10.5516150476 -4.2
v 72.5395866067 10.5395866067 -4.2
v 73.8 10.647792113 -4.2
v 73.6409580954 10.6409580954 -4.2
v 74.8 10.7465312229 -4.2
v 74.7443117279 10.7443117279 -4.2
v 75.7645880416 10.7645880416 -4.23541195841
v 75.8 10.7624872887 -4.23751271129
v 75.8 10.8 -4.22105452252
v 75.7801977721 10.8 -4.21980222791
v 75.343734087 10.8 -4.2
v 75.9729720844 10.8 -4.2
v 75.8 10.8335275002 -4.2
v 75.8279718707 10.8279718707 -4.2
v 45.7681530157 2.76815301569 -3.23184698431
v 45.8 2.69624028362 -3.2
v 45.8 2.76374925932 -3.23625074068
v 45.8 2.8 -3.2553830637
v 45.7524369149 2.8 -3.24756308511
v 45.242504393 2.8 -3.2
v 45.7186142212 2.71861422117 -3.2
v 46.7103542312 2.71035423116 -3.28964576884
v 46.8 2.50432022075 -3.2
v 46.8 2.69819812642 -3.30180187358
v 46.8 2.8 -3.35434874062
v 46.6669322107 2.8 -3.33306778933
v 46.5674070059 2.56740700592 -3.2
v 47.6499339025 2.64993390246 -3.35006609754
v 47.8 2.298692555 -3.2
v 47.8 2.62996168224 -3.37003831776
v 47.8 2.8 -3.45584752105
v 47.5786149307 2.8 -3.42138506927
v 47.4046017856 2.40460178562 -3.2
v 48.5867099119 2.58670991191 -3.41329008809
v 48.8 2.07798538792 -3.2
v 48.8 2.55882585196 -3.44117414804
v 48.8 2.8 -3.56011439983
v 48.4872975071 2.8 -3.51270249286
v 48.2291355169 2.22913551685 -3.2
v 49.5204794308 2.52047943076 -3.47952056924
v 49.8 1.84060967433 -3.2
v 49.8 2.48455434034 -3.51544565966
v 49.8 2.8 -3.66739731401
v 49.3927765848 2.8 -3.60722341518
v 49.0397794819 2.0397794819 -3.2
v 50.4921530844 2.49215308441 -3.50784691559
v 50.8 1.95115574513 -3.2
v 50.8 2.50236626334 -3.49763373666
v 50.8 2.8 -3.6619159593
v 50.3414096724 2.8 -3.65859032762
v 49.8420124507 1.84201245074 -3.2
v 51.5274314759 2.52743147594 -3.47256852406
v 51.8 2.1503668201 -3.2
v 51.8 2.54578463654 -3.45421536346
v 51.8 2.8 -3.62113443298
v 51.3684843962 2.8 -3.63151560375
v 50.9676287853 1.96762878534 -3.2
v 52.5838241981 2.58382419807 -3.41617580193
v 52.8 2.33826562396 -3.2
v 52.8 2.60128194686 -3.39871805314
v 52.8 2.8 -3.55197639724
v 52.4294728216 2.8 -3.57052717844
v 52.1999701486 2.1999701486 -3.2
v 53.6544932294 2.65449322945 -3.34550677055
v 53.8 2.51819746212 -3.2
v 53.8 2.66815283091 -3.33184716909
v 53.8 2.8 -3.45015342827
v 53.528361051 2.8 -3.47163894902
v 53.4293250737 2.42932507374 -3.2
v 54.7392564081 2.73925640812 -3.26074359188
v 54.8 2.69231447885 -3.2
v 54.8 2.74573829499 -3.25426170501
v 54.8 2.8 -3.31050578138
v 54.6756097561 2.8 -3.32439024388
v 54.6568341377 2.65683413765 -3.2
v 55.4107904408 2.8 -3.2
v 42.765593549 3.765593549 -3.234406451
v 42.8 3.62856961547 -3.2
v 42.8 3.76563674552 -3.23436325448
v 42.8 3.8 -3.24323875934
v 42.7596225491 3.8 -3.24037745093
v 41.915139298 3.8 -3.2
v 42.6112823587 3.61128235866 -3.2
v 43.7153135332 3.71531353317 -3.28468646683
v 43.8 3.33031521961 -3.2
v 43.8 3.7042247666 -3.2957752334
v 43.8 3.8 -3.31972148768
v 43.6948555805 3.8 -3.30514441949
v 43.4502264034 3.45022640341 -3.2
v 44.6582938149 3.65829381493 -3.34170618507
v 44.8 2.97117739379 -3.2
v 44.8 3.63898096493 -3.36101903507
v 44.8 3.8 -3.39889700601
v 44.6250851183 3.8 -3.37491488166
v 44.2200730907 3.22007309065 -3.2
v 45.5976356423 3.59763564233 -3.40236435767
v 45.8 3.57049720061 -3.42950279939
v 45.8 3.8 -3.4800699512
v 45.5528962298 3.8 -3.4471037702
v 44.9351244888 2.93512448875 -3.2
v 46.533665326 3.53366532604 -3.46633467396
v 46.8 3.49848409533 -3.50151590467
v 46.8 3.8 -3.56340535632
v 46.4783704561 3.8 -3.52162954391
v 47.4661036639 3.46610366389 -3.53389633611
v 47.8 3.422615835 -3.577384165
v 47.8 3.8 -3.64907744706
v 47.40136103 3.8 -3.59863897
v 48.3946342451 3.39463424511 -3.60536575489
v 48.8 3.34252436792 -3.65747563208
v 48.8 3.8 -3.73727124178
v 48.3217087457 3.8 -3.6782912543
v 49.3188976396 3.31889763963 -3.68110236037
v 49.8 3.25779244071 -3.74220755929
v 49.8 3.8 -3.8281842654
v 49.239240547 3.8 -3.76075945304
v 50.240182044 3.24018204398 -3.75981795602
v 50.8 3.23688584106 -3.76311415894
v 50.8 3.8 -3.89879662978
v 50.1553451616 3.8 -3.84465483845
v 51.2275380328 3.22753803282 -3.77246196718
v 51.8 3.23795762803 -3.76204237197
v 51.8 3.8 -3.94889538267
v 51.0932468575 3.8 -3.90675314249
v 52.2363301887 3.2363301887 -3.7636698113
v 52.8 3.25619701642 -3.74380298358
v 52.8 3.8 -3.97919078152
v 52.0498628412 3.8 -3.95013715882
v 53.2625708573 3.26257085734 -3.73742914266
v 53.8 3.29036966995 -3.70963033005
v 53.8 3.8 -3.98659605781
v 53.0252565823 3.8 -3.97474341766
v 54.3059045728 3.30590457278 -3.69409542722
v 54.8 3.33934543485 -3.66065456515
v 54.8 3.8 -3.96738553808
v 54.0240215385 3.8 -3.97597846147
v 55.3660012343 3.36600123428 -3.63399876572
v 55.8 2.89358165226 -3.2
v 55.8 3.40208740933 -3.59791259067
v 55.8 3.8 -3.91702209255
v 55.0524175101 3.8 -3.94758248994
v 56.4425554916 3.4425554916 -3.5574445084
v 56.8 3.1315017341 -3.2
v 56.8 3.4776423583 -3.5223576417
v 56.8 3.8 -3.82992557591
v 56.1192034047 3.8 -3.8807965953
v 55.9092559499 2.90925594986 -3.2
v 57.5391286413 3.53912864135 -3.46087135865
v 57.8 3.35607840629 -3.2
v 57.8 3.56892618109 -3.43107381891
v 57.8 3.8 -3.68862658173
v 57.2419107371 3.8 -3.75808926294
v 57.200612368 3.20061236801 -3.2
v 58.6489056511 3.64890565115 -3.35109434885
v 58.8 3.55632218239 -3.2
v 58.8 3.66535816168 -3.33464183832
v 58.8 3.8 -3.50416084944
v 58.4385987197 3.8 -3.56140128034
v 58.4789710489 3.47897104887 -3.2
v 59.7610249944 3.7610249944 -3.2389750056
v 59.8 3.73995251018 -3.2
v 59.8 3.76526404729 -3.23473595271
v 59.8 3.8 -3.28325321681
v 59.6977174633 3.8 -3.30228253674
v 59.7225261384 3.72252613844 -3.2
v 60.1333937302 3.8 -3.2
v 42.7840606318 4.78406063181 -3.21593936819
v 42.8 4.7829002451 -3.2170997549
v 42.8 4.8 -3.21673924707
v 42.7852793654 4.8 -3.21472063461
v 42.6536081031 4.8 -3.2
v 42.0526250512 4.05262505123 -3.2
v 43.7343022252 4.73430222516 -3.26569777484
v 43.8 4.72473400095 -3.27526599905
v 43.8 4.8 -3.27140070807
v 43.7356201977 4.8 -3.26437980231
v 44.6758649661 4.67586496613 -3.32413503387
v 44.8 4.65764389503 -3.34235610497
v 44.8 4.8 -3.3325275499
v 44.6819194665 4.8 -3.3180805335
v 45.6133032484 4.61330324841 -3.38669675159
v 45.8 4.58610649204 -3.41389350796
v 45.8 4.8 -3.39525454736
v 45.6255705442 4.8 -3.37442945576
v 46.5463372208 4.54633722076 -3.45366277924
v 46.8 4.50961045047 -3.49038954953
v 46.8 4.8 -3.45969425512
v 46.5674163841 4.8 -3.43258361591
v 47.4744758091 4.47447580908 -3.52552419092
v 47.8 4.42755889697 -3.57244110303
v 47.8 4.8 -3.52596713288
v 47.5073533545 4.8 -3.49264664551
v 48.3971443698 4.39714436978 -3.60285563022
v 48.8 4.33925132351 -3.66074867649
v 48.8 4.8 -3.59420259232
v 48.4452682732 4.8 -3.55473172684
v 49.309475011 4.30947501105 -3.69052498895
v 49.8 4.2397231436 -3.7602768564
v 49.8 4.8 -3.67982636977
v 49.376947799 4.8 -3.62305220097
v 50.1855698737 4.18556987374 -3.81443012626
v 50.8 4.1291744164 -3.8708255836
v 50.8 4.8 -3.81831928778
v 50.264323558 4.8 -3.735676442
v 51.0956109151 4.09561091508 -3.90438908492
v 51.8 4.05325067605 -3.94674932395
v 51.8 4.8 -3.94624212567
v 51.1455210412 4.8 -3.8544789588
v 52.0329274732 4.03292747321 -3.96707252679
v 52.8 4.00530411388 -3.99469588612
v 52.8 4.8 -4.0619377593
v 52.0334066912 4.8 -3.96659330878
v 52.9932556558 3.9932556558 -4.0067443442
v 53.8 3.98268979271 -4.01731020729
v 53.8 4.8 -4.1634110179
v 52.9293177911 4.8 -4.07068220888
v 53.9758844181 3.97588441808 -4.02411558192
v 54.8 3.98306652084 -4.01693347916
v 53.8349929911 4.8 -4.16500700885
v 54.9801514408 3.98015144078 -4.01984855922
v 55.8 4.00435417922 -3.99564582078
v 56.005440708 4.00544070803 -3.99455929197
v 56.8 4.04469804156 -3.95530195844
v 57.05475615 4.05475614996 -3.94524385004
v 57.8 4.11120493555 -3.88879506445
v 58.132430105 4.13243010499 -3.86756989501
v 58.8 4.19199358291 -3.80800641709
v 59.224183439 4.22418343896 -3.77581656104
v 59.8 4.28031142382 -3.71968857618
v 60.3253208945 4.32532089449 -3.67467910551
v 60.8 3.96732591306 -3.2
v 60.8 4.37473774373 -3.62526225627
v 60.8 4.8 -4.07860053579
v 61.4341444044 4.43414440441 -3.56585559559
v 61.8 4.19821905599 -3.2
v 61.8 4.47418140659 -3.52581859341
v 61.8 4.8 -3.91785555548
v 60.9505346738 4.8 -4.04946532618
v 61.0049125792 4.00491257921 -3.2
v 62.5492831927 4.54928319275 -3.45071680725
v 62.8 4.40935442881 -3.2
v 62.8 4.57779116266 -3.42220883734
v 62.8 4.8 -3.72043567998
v 62.1621107175 4.8 -3.83788928248
v 62.2886877432 4.28868774323 -3.2
v 63.6696248594 4.66962485938 -3.33037514062
v 63.8 4.60603186854 -3.2
v 63.8 4.68489366192 -3.31510633808
v 63.8 4.8 -3.48577010195
v 63.437150383 4.8 -3.562849617
v 63.5482696479 4.54826964786 -3.2
v 64.7206798794 4.72067987939 -3.27932012061
v 64.8 4.67200434007 -3.2
v 64.8 4.72167268882 -3.27832731118
v 64.8 4.8 -3.40145110791
v 64.5905140436 4.8 -3.40948595637
v 64.662526995 4.66252699504 -3.2
v 65.7053052392 4.70530523918 -3.29469476082
v 65.8 4.63456559917 -3.2
v 65.8 4.69957977385 -3.30042022615
v 65.8 4.8 -3.45505838427
v 65.5630671309 4.8 -3.43693286908
v 65.6469812017 4.64698120174 -3.2
v 66.6841985771 4.6841985771 -3.3158014229
v 66.8 4.59654082976 -3.2
v 66.8 4.6774575137 -3.3225424863
v 66.8 4.8 -3.50759581512
v 66.5134203104 4.8 -3.48657968962
v 66.6113149844 4.61131498439 -3.2
v 67.6629961856 4.66299618561 -3.33700381439
v 67.8 4.55795761301 -3.2
v 67.8 4.65530822765 -3.34469177235
v 67.8 4.8 -3.55916988605
v 67.4644556506 4.8 -3.53554434942
v 67.5749792799 4.57497927987 -3.2
v 68.6417064496 4.64170644963 -3.35829355037
v 68.8 4.51884178982 -3.2
v 68.8 4.63313395885 -3.36686604115
v 68.8 4.8 -3.60987359294
v 68.4161155322 4.8 -3.58388446784
v 68.5380075879 4.53800758793 -3.2
v 69.6197093765 4.6197093765 -3.3802906235
v 69.8 4.47082131222 -3.2
v 69.8 4.60732275226 -3.39267724774
v 69.8 4.8 -3.66464889716
v 69.367305149 4.8 -3.632694851
v 69.4995383279 4.49953832793 -3.2
v 70.5914710404 4.59147104038 -3.40852895962
v 70.8 4.42425629444 -3.2
v 70.8 4.58297467336 -3.41702532664
v 70.8 4.8 -3.71382287727
v 70.3106856403 4.8 -3.68931435971
v 70.4486272101 4.44862721009 -3.2
v 71.5706556244 4.57065562445 -3.42934437555
v 71.8 4.37642788901 -3.2
v 71.8 4.56009672184 -3.43990327816
v 71.8 4.8 -3.75331893981
v 71.2684482365 4.8 -3.73155176352
v 71.407444852 4.40744485199 -3.2
v 72.5491958114 4.54919581139 -3.45080418861
v 72.8 4.32902842396 -3.2
v 72.8 4.53831265556 -3.46168734444
v 72.8 4.8 -3.78897418702
v 72.2321776837 4.8 -3.76782231635
v 72.361990535 4.36199053495 -3.2
v 73.5286786491 4.52867864911 -3.47132135089
v 73.8 4.28208495485 -3.2
v 73.8 4.51756875888 -3.48243124112
v 73.8 4.8 -3.82125878495
v 73.1991484806 4.8 -3.80085151939
v 73.3167328464 4.31673284639 -3.2
v 74.5090674594 4.50906745944 -3.49093254056
v 74.8 4.23562103296 -3.2
v 74.8 4.49781313449 -3.50218686551
v 74.8 4.8 -3.85057188749
v 74.1690093749 4.8 -3.83099062509
v 74.2717139165 4.2717139165 -3.2
v 75.4903253778 4.49032537777 -3.50967462223
v 75.8 4.18965705811 -3.2
v 75.8 4.47899589563 -3.52100410437
v 75.8 4.8 -3.87725424386
v 75.1414545842 4.8 -3.85854541584
v 75.2269715126 4.22697151265 -3.2
v 76.1790134334 4.8 -3.82098656657
v 76.2498417972 4.24984179721 -3.2
v 42.8 4.85261780255 -3.2
v 43.8 5.0024340329 -3.2
v 42.8590859256 4.85908592556 -3.2
v 44.8 5.15490984518 -3.2
v 44.0400944168 5.04009441679 -3.2
v 45.8 5.29454504438 -3.2
v 45.2143382894 5.21433828936 -3.2
v 46.8 5.4227987039 -3.2
v 46.3693015732 5.3693015732 -3.2
v 47.8 5.54090422691 -3.2
v 47.5079978237 5.50799782369 -3.2
v 48.8 5.649912572 -3.2
v 48.6328187594 5.63281875942 -3.2
v 49.780000607 5.780000607 -3.219999393
v 49.8 5.77497004414 -3.22502995586
v 49.8 5.8 -3.21344212728
v 49.7885908532 5.8 -3.21140914682
v 49.6491890935 5.8 -3.2
v 50.5199249645 5.51992496448 -3.48007503552
v 50.8 5.44671202587 -3.55328797413
v 50.8 5.8 -3.40998099606
v 50.628862141 5.8 -3.37113785905
v 51.2971098401 5.29710984012 -3.70289015988
v 51.8 5.18901739597 -3.81098260403
v 51.8 5.8 -3.60157748715
v 51.4701495689 5.8 -3.52985043112
v 52.1105636568 5.11056365682 -3.88943634318
v 52.8 4.99157788601 -4.00842211399
v 52.8 5.8 -3.7873662749
v 52.3132107967 5.8 -3.68678920335
v 52.958516543 4.95851654303 -4.04148345697
v 53.8 4.84595552606 -4.15404447394
v 53.8 5.8 -3.96630273841
v 53.1583332283 5.8 -3.84166677166
v 53.8393385786 4.83933857855 -4.16066142145
v 54.8 5.8 -4.13711539778
v 54.0058816607 5.8 -3.99411833928
v 54.8563269494 5.8 -4.14367305062
v 60.8 4.87660058745 -4.12339941255
v 60.8813952595 4.88139525949 -4.11860474051
v 61.8 4.96424525408 -4.03575474592
v 61.9770861905 4.97708619051 -4.02291380949
v 62.8 5.05888181371 -3.94111818629
v 63.0824957053 5.08249570528 -3.91750429472
v 63.8 5.15913612532 -3.84086387468
v 64.1718285359 5.17182853593 -3.82817146407
v 64.8 5.18339624407 -3.81660375593
v 65.1830326825 5.18303268247 -3.81696731753
v 65.8 5.16021029425 -3.83978970575
v 66.1598939824 5.15989398238 -3.84010601762
v 66.8 5.13704399005 -3.86295600995
v 67.1367698754 5.13676987543 -3.86323012457
v 67.8 5.11389604349 -3.88610395651
v 68.1136596013 5.11365960133 -3.88634039867
v 68.8 5.09076526019 -3.90923473981
v 69.0905624306 5.09056243062 -3.90943756938
v 69.8 5.06466177086 -3.93533822914
v 70.0645967644 5.06459676443 -3.93540323557
v 70.8 5.04596183216 -3.95403816784
v 71.0465984843 5.04659848428 -3.95340151572
v 71.8 5.03066649522 -3.96933350478
v 72.0314203345 5.03142033445 -3.96857966555
v 72.8 5.01635032028 -3.98364967972
v 73.0171913215 5.01719132152 -3.98280867848
v 73.8 5.00294480596 -3.99705519404
v 74.0038481577 5.00384815773 -3.99615184227
v 74.8 4.99038668966 -4.00961331034
v 74.991331958 4.99133195802 -4.00866804198
v 75.8 4.97861758893 -4.02138241107
v 75.9965320812 4.99653208123 -4.00346791877
v 49.8 5.81711228941 -3.2
v 50.8 6.08268313929 -3.2
v 49.825346657 5.82534665704 -3.2
v 51.8 6.37709530923 -3.2
v 51.22425803 6.22425803001 -3.2
v 52.8 6.71199481869 -3.2
v 52.6799754355 6.67997543553 -3.2
v 53.5042953276 6.50429532756 -3.49570467244
v 53.8 6.36534695684 -3.63465304316
v 53.8 6.8 -3.38120775797
v 53.6582352013 6.8 -3.34176479869
v 53.046509884 6.8 -3.2
v 54.1695953446 6.16959534459 -3.83040465541
v 54.8 5.93175528274 -4.06824471726
v 54.8 6.8 -3.61823356315
v 54.4706975095 6.8 -3.52930249045
v 54.8919928119 5.89199281194 -4.10800718806
v 55.8 6.8 -3.85353644176
v 55.2815120546 6.8 -3.71848794545
v 56.8 6.8 -4.09425907505
v 56.0890492494 6.8 -3.91095075057
v 56.8895139335 6.8 -4.11048606647
v 53.8 6.98486061947 -3.2
v 54.8 7.24614036995 -3.2
v 54.0663692485 7.06636924853 -3.2
v 55.8 7.53484808167 -3.2
v 55.4491594031 7.44915940314 -3.2
v 56.6026879044 7.6026879044 -3.3973120956
v 56.8 7.3419466255 -3.6580533745
v 56.8 7.8 -3.29084401953
v 56.7350548772 7.8 -3.26494512281
v 56.5346684368 7.8 -3.2
v 56.9995597663 6.99955976634 -4.00044023366
v 57.8 7.8 -3.65239431815
v 57.4783376565 7.8 -3.52166234345
v 58.8 7.8 -3.98112278489
v 58.2236526024 7.8 -3.77634739757
v 58.975556049 7.8 -4.02444395104
v 56.8 7.87344304613 -3.2
v 57.8 8.20445184623 -3.2
v 56.9251894165 7.92518941652 -3.2
v 58.8 8.58190626526 -3.2
v 58.4852514582 8.4852514582 -3.2
v 59.3358086875 8.33580868747 -3.66419131253
v 59.8 8.8 -3.4017758445
v 59.6637293907 8.8 -3.33627060934
v 59.3346672655 8.8 -3.2
v 60.8 8.8 -3.79216855673
v 60.3851360566 8.8 -3.6148639434
v 61.8 8.8 -4.14969122821
v 61.1098817137 8.8 -3.89011828633
v 61.8396214585 8.8 -4.16037854145
v 59.8 8.9533110002 -3.2
v 60.8 9.2948628305 -3.2
v 60.0588627795 9.05886277945 -3.2
v 61.8 9.68264173223 -3.2
v 61.6306094914 9.63060949145 -3.2
v 61.9410436201 8.94104362012 -4.05895637988
v 62.8 9.8 -3.52492336865
v 62.5838448391 9.8 -3.41615516092
v 62.0918575397 9.8 -3.2
v 63.8 9.8 -3.87241916101
v 63.3069464524 9.8 -3.69305354763
v 64.8 9.8 -4.00402970573
v 64.0947597005 9.8 -3.90524029953
v 65.8 9.8 -4.15209049995
v 64.9746857218 9.8 -4.0253142782
v 65.8431121854 9.8 -4.15688781457
v 62.8 10.032391714 -3.2
v 63.8 10.2808438478 -3.2
v 63.1142958813 10.1142958813 -3.2
v 64.8 10.4138633573 -3.2
v 64.3769706766 10.3769706766 -3.2
v 65.8 10.5669633343 -3.2
v 65.540801887 10.540801887 -3.2
v 66.8 10.7279114765 -3.2
v 66.8 10.3220122058 -3.67798779421
v 66.7201588499 10.7201588499 -3.2
v 67.8 10.8 -3.30900863107
v 67.7108806005 10.8 -3.28911939946
v 67.2452247059 10.8 -3.2
v 68.8 10.8 -3.49328193918
v 68.5571129122 10.8 -3.44288708778
v 69.8 10.8 -3.67612507731
v 69.4031917613 10.8 -3.59680823873
v 70.8 10.8 -3.79088142061
v 70.2705067527 10.8 -3.72949324732
v 71.8 10.8 -3.8983230853
v 71.1701511282 10.8 -3.82984887177
v 72.8 10.8 -3.99495959706
v 72.0758260036 10.8 -3.92417399643
v 73.8 10.8 -4.08216919481
v 72.9892325584 10.8 -4.01076744163
v 74.8 10.8 -4.16111669888
v 73.909658668 10.8 -4.09034133202
v 74.8364581208 10.8 -4.16354187918
v 67.8 10.8705570882 -3.2
v 68.8 10.9987468788 -3.2
v 67.886421185 10.886421185 -3.2
v 69.8 11.1382255626 -3.2
v 69.0438056296 11.0438056296 -3.2
v 70.8 11.2471005581 -3.2
v 70.1950639535 11.1950639535 -3.2
v 71.8 11.3633392924 -3.2
v 71.3226762848 11.3226762848 -3.2
v 72.8 11.4822821438 -3.2
v 72.4543788714 11.4543788714 -3.2
v 73.8 11.6039704787 -3.2
v 73.5877434861 11.5877434861 -3.2
v 74.8 11.7284497968 -3.2
v 74.7228716113 11.7228716113 -3.2
v 75.2173508495 11.2173508495 -3.78264915054
v 75.8 11.8 -3.2545654205
v 75.7518843343 11.8 -3.24811566574
v 75.3770697861 11.8 -3.2
v 75.9896854504 10.9896854504 -4.01031454957
v 75.8 11.8429370941 -3.2
v 75.8370352183 11.8370352183 -3.2
v 31.7491030571 1.74910305706 -2.25089694294
v 31.8 1.32022180808 -2.2
v 31.8 1.74410049906 -2.25589950094
v 31.8 1.8 -2.26405625534
v 31.7447491016 1.8 -2.25525089836
v 31.0661596186 1.8 -2.2
v 31.4293139 1.42931390001 -2.2
v 32.6899147756 1.68991477556 -2.31008522444
v 32.8 1.04398974975 -2.2
v 32.8 1.68065689465 -2.31934310535
v 32.8 1.8 -2.34342630246
v 32.6748990376 1.8 -2.32510096237
v 32.1416668604 1.14166686043 -2.2
v 33.6399523258 1.63995232579 -2.36004767421
v 33.8 0.93083052329 -2.2
v 33.8 1.62856730371 -2.37143269629
v 33.8 1.8 -2.41606785086
v 33.6094324982 1.8 -2.39056750179
v 32.9866811962 0.986681196232 -2.2
v 34.5989182947 1.59891829466 -2.40108170534
v 34.8 0.892868148175 -2.2
v 34.8 1.58699989543 -2.41300010457
v 34.8 1.8 -2.48155603607
v 34.5489029773 1.8 -2.4510970227
v 33.9101122216 0.910112221632 -2.2
v 35.5665123361 1.56651233612 -2.43348766388
v 35.8 0.895750581614 -2.2
v 35.8 1.55521317785 -2.44478682215
v 35.8 1.8 -2.53940678736
v 35.4939268256 1.8 -2.50607317441
v 34.8833772122 0.883377212174 -2.2
v 36.5509444669 1.55094446685 -2.44905553315
v 36.8 0.99654602499 -2.2
v 36.8 1.552204835 -2.447795165
v 36.8 1.8 -2.56141492282
v 36.4554273131 1.8 -2.54457268689
v 35.8937813108 0.893781310847 -2.2
v 37.5627444709 1.56274447092 -2.43725552908
v 37.8 1.16618577063 -2.2
v 37.8 1.57478890022 -2.42521109978
v 37.8 1.8 -2.55269417473
v 37.4517197937 1.8 -2.54828020629
v 37.0057650796 1.00576507963 -2.2
v 38.599623353 1.59962335298 -2.40037664702
v 38.8 1.33422231888 -2.2
v 38.8 1.61323176214 -2.38676823786
v 38.8 1.8 -2.51510015427
v 38.4803992287 1.8 -2.51960077134
v 38.201258146 1.20125814604 -2.2
v 39.6545361449 1.65453614495 -2.34546385505
v 39.8 1.50117396431 -2.2
v 39.8 1.66691337427 -2.33308662573
v 39.8 1.8 -2.44277817106
v 39.5457107861 1.8 -2.4542892139
v 39.4074455153 1.40744551528 -2.2
v 40.7278241869 1.72782418687 -2.27217581313
v 40.8 1.66735352858 -2.2
v 40.8 1.73520668039 -2.26479331961
v 40.8 1.8 -2.32832343878
v 40.66024262 1.8 -2.33975737996
v 40.6223999743 1.62239997428 -2.2
v 41.5806721773 1.8 -2.2
v 45.7689623267 1.76896232667 -2.23103767333
v 45.8 1.74209122388 -2.2
v 45.8 1.76418027422 -2.23581972578
v 45.8 1.8 -2.29279767802
v 45.7274039577 1.8 -2.27259604231
v 45.3232903808 1.8 -2.2
v 45.7516460641 1.75164606409 -2.2
v 46.7033144635 1.70331446355 -2.29668553645
v 46.8 1.62062368684 -2.2
v 46.8 1.68869445871 -2.31130554129
v 46.8 1.8 -2.48987316491
v 46.5723751059 1.8 -2.42762489407
v 46.6495480243 1.64954802433 -2.2
v 47.6342908477 1.63429084767 -2.36570915233
v 47.8 1.49441738577 -2.2
v 47.8 1.60967157474 -2.39032842526
v 47.8 1.8 -2.69875820797
v 47.4070368393 1.8 -2.5929631607
v 47.5425858497 1.54258584966 -2.2
v 48.5615994671 1.56159946711 -2.43840053289
v 48.8 1.36319658918 -2.2
v 48.8 1.52676106431 -2.47323893569
v 48.8 1.8 -2.92122366548
v 48.2301003408 1.8 -2.76989965918
v 48.4305190253 1.43051902531 -2.2
v 49.4849105381 1.48491053805 -2.51508946195
v 49.8 1.22665764723 -2.2
v 49.8 1.43956994379 -2.56043005621
v 49.8 1.8 -3.15933067989
v 49.0400584626 1.8 -2.95994153744
v 49.3130785186 1.31307851862 -2.2
v 50.4774845549 1.47748455486 -2.52251544514
v 50.8 1.32251097655 -2.2
v 50.8 1.49859338702 -2.50140661298
v 50.8 1.8 -3.03071743472
v 49.8477874979 1.8 -3.15221250207
v 50.2683515125 1.26835151246 -2.2
v 51.6031881195 1.60318811946 -2.39681188054
v 51.8 1.55401729471 -2.2
v 51.8 1.63524712266 -2.36475287734
v 51.8 1.8 -2.70997094049
v 51.064056853 1.8 -2.93594314699
v 51.458324561 1.45832456098 -2.2
v 52.7773061931 1.77730619314 -2.22269380686
v 52.8 1.7736130863 -2.2
v 52.8 1.78132736334 -2.21867263666
v 52.8 1.8 -2.26546767143
v 52.6908582565 1.8 -2.30914174353
v 52.7630158711 1.76301587107 -2.2
v 52.916668155 1.8 -2.2
v 31.8 2.23085090408 -2.2
v 32.7580606533 2.75806065329 -2.24193934671
v 32.8 2.75123824631 -2.24876175369
v 32.8 2.8 -2.24449962751
v 32.7631555455 2.8 -2.2368444545
v 32.4737671717 2.8 -2.2
v 33.6452666164 2.64526661638 -2.35473338362
v 33.8 2.62351583875 -2.37648416125
v 33.8 2.8 -2.37020874398
v 33.6574028824 2.8 -2.34259711761
v 34.5449922284 2.54499222843 -2.45500777157
v 34.8 2.51423983975 -2.48576016025
v 34.8 2.8 -2.49113493791
v 34.5532230855 2.8 -2.44677691455
v 35.4568627509 2.4568627509 -2.5431372491
v 35.8 2.42169318672 -2.57830681328
v 35.8 2.8 -2.60807694108
v 35.4509362065 2.8 -2.54906379353
v 36.3785760616 2.37857606158 -2.62142393842
v 36.8 2.36049632483 -2.63950367517
v 36.8 2.8 -2.70480875988
v 36.3478804505 2.8 -2.65211954947
v 37.3320273198 2.3320273198 -2.6679726802
v 37.8 2.32719690675 -2.67280309325
v 37.8 2.8 -2.7857481961
v 37.2665183508 2.8 -2.73348164921
v 38.3106911323 2.31069113225 -2.68930886775
v 38.8 2.31588116303 -2.68411883697
v 38.8 2.8 -2.84915478981
v 38.1983032224 2.8 -2.80169677757
v 39.3101494842 2.31014948421 -2.68985051579
v 39.8 2.32553926175 -2.67446073825
v 39.8 2.8 -2.89122692872
v 39.1456380348 2.8 -2.8543619652
v 40.3307090183 2.33070901829 -2.66929098171
v 40.8 2.3551617616 -2.6448382384
v 40.8 2.8 -2.90712189967
v 40.1132181651 2.8 -2.88678183489
v 41.3726894695 2.3726894695 -2.6273105305
v 41.8 1.85251960841 -2.2
v 41.8 2.40374180739 -2.59625819261
v 41.8 2.8 -2.89058572322
v 41.1078558119 2.8 -2.89214418814
v 42.4364264476 2.43642644765 -2.56357355235
v 42.8 2.10041161354 -2.2
v 42.8 2.47027723833 -2.52972276167
v 42.8 2.8 -2.83341445617
v 42.1398298769 2.8 -2.8601701231
v 41.8598716643 1.85987166426 -2.2
v 43.4545260082 2.4545260082 -2.5454739918
v 43.8 2.06338306331 -2.2
v 43.8 2.42584218525 -2.57415781475
v 43.8 2.8 -2.95323913978
v 43.1503870492 2.8 -2.8496129508
v 43.0858177453 2.08581774532 -2.2
v 44.3963697152 2.39636971524 -2.60363028476
v 44.8 1.89158494793 -2.2
v 44.8 2.33986902749 -2.66013097251
v 44.8 2.8 -3.12378031578
v 44.0244321292 2.8 -2.97556787077
v 44.0400295344 2.04002953438 -2.2
v 45.3154831797 2.31548317966 -2.68451682034
v 45.8 2.24878464603 -2.75121535397
v 44.8696085888 2.8 -3.13039141121
v 44.8837619537 1.88376195365 -2.2
v 46.2293591811 2.22935918115 -2.77064081885
v 46.8 2.15200507534 -2.84799492466
v 47.1374223273 2.13742232727 -2.86257767273
v 47.8 2.04885863165 -2.95114136835
v 48.0390062736 2.03900627357 -2.96099372643
v 48.8 1.93856822577 -3.06143177423
v 48.9333354827 1.93333548273 -3.06666451727
v 49.8 1.82022930253 -3.17977069747
v 49.8211296959 1.82112969594 -3.17887030406
v 50.8 1.88058567592 -3.11941432408
v 50.8883946628 1.8883946628 -3.1116053372
v 51.8 2.00614906635 -2.99385093365
v 52.0311596467 2.03115964673 -2.96884035327
v 52.8 2.14460870028 -2.85539129972
v 53.1948213129 2.19482131294 -2.80517868706
v 53.8 2.05707773266 -2.2
v 53.8 2.29478144037 -2.70521855963
v 54.3789372482 2.37893724825 -2.62106275175
v 54.8 2.32558455463 -2.2
v 54.8 2.45560634493 -2.54439365507
v 54.1269690703 2.12696907032 -2.2
v 55.5831094271 2.58310942711 -2.41689057289
v 55.8 2.57394100692 -2.2
v 55.8 2.62612904678 -2.37387095322
v 55.8 2.8 -2.98268119173
v 55.4775492836 2.47754928355 -2.2
v 56.7681025299 2.8 -2.2
v 32.8 2.9151752534 -2.2
v 33.8 3.29822202344 -2.2
v 33.0175533472 3.01755334719 -2.2
v 34.8 3.78755729259 -2.2
v 34.7802727115 3.78027271149 -2.2
v 35.6193408618 3.61934086183 -2.38065913817
v 35.8 3.5791383462 -2.4208616538
v 35.8 3.8 -2.36920727394
v 35.6636064596 3.8 -2.33639354038
v 34.8229304977 3.8 -2.2
v 36.4523569328 3.45235693282 -2.54764306718
v 36.8 3.40302119781 -2.59697880219
v 36.8 3.8 -2.52844960935
v 36.5231256795 3.8 -2.47687432055
v 37.3176352239 3.3176352239 -2.6823647761
v 37.8 3.26462955346 -2.73537044654
v 37.8 3.8 -2.68132081484
v 37.3909046303 3.8 -2.60909536966
v 38.2091826722 3.20918267224 -2.79081732776
v 38.8 3.1612065495 -2.8387934505
v 38.8 3.8 -2.82625765069
v 38.2623525977 3.8 -2.7376474023
v 39.1264186284 3.12641862838 -2.87358137162
v 39.8 3.0906929188 -2.9093070812
v 39.8 3.8 -2.96127159548
v 39.1383866559 3.8 -2.86161334411
v 40.0696206403 3.06962064033 -2.93037935967
v 40.8 3.05107671926 -2.94892328074
v 40.8 3.8 -3.08380297581
v 40.020253331 3.8 -2.97974666905
v 41.0390650836 3.03906508359 -2.96093491641
v 41.8 3.04039625911 -2.95960374089
v 41.8 3.8 -3.19051167946
v 40.9096929873 3.8 -3.09030701266
v 42.0350292206 3.03502922059 -2.96497077941
v 42.8 3.05674259676 -2.94325740324
v 41.8092139538 3.8 -3.19078604615
v 43.0489972871 3.04899728708 -2.95100271292
v 43.8 2.967619658 -3.032380342
v 43.9626963792 2.9626963792 -3.0373036208
v 44.8 2.85249405054 -3.14750594946
v 44.8510558625 2.85105586252 -3.14894413748
v 55.8 2.86617326342 -3.13382673658
v 55.8775473964 2.87754739641 -3.12245260359
v 56.8 2.80987721893 -2.2
v 56.8 3.05366054182 -2.94633945818
v 57.1048683337 3.10486833368 -2.89513166632
v 57.8 3.1206664483 -2.2
v 57.8 3.25114494561 -2.74885505439
v 56.8127092357 2.81270923566 -2.2
v 58.3364116325 3.33641163246 -2.66358836754
v 58.8 3.35409108806 -2.2
v 58.8 3.42936139237 -2.57063860763
v 58.1992094311 3.19920943109 -2.2
v 59.5498319698 3.54983196985 -2.45016803015
v 59.8 3.56127171814 -2.2
v 59.8 3.59757958642 -2.40242041358
v 59.486854075 3.48685407504 -2.2
v 60.7523388635 3.75233886349 -2.24766113651
v 60.8 3.75514729033 -2.2
v 60.8 3.76132541401 -2.23867458599
v 60.8 3.8 -2.48150947685
v 60.7417630739 3.74176307395 -2.2
v 61.0365376014 3.8 -2.2
v 75.7970036284 3.79700362841 -2.20299637159
v 75.8 3.79578515892 -2.2
v 75.8 3.79678138325 -2.20321861675
v 75.8 3.8 -2.21360061912
v 75.7883240777 3.8 -2.21167592232
v 75.7331667107 3.8 -2.2
v 75.7961999251 3.79619992512 -2.2
v 75.8498941516 3.8 -2.2
v 35.8 4.10591658942 -2.2
v 36.8 4.4462344403 -2.2
v 36.2928233345 4.29282333446 -2.2
v 37.7666960301 4.7666960301 -2.2333039699
v 37.8 4.75586032235 -2.24413967765
v 37.8 4.8 -2.22413612557
v 37.7806569792 4.8 -2.21934302083
v 37.6859955006 4.8 -2.2
v 38.5035648463 4.50356484633 -2.49643515367
v 38.8 4.42222700352 -2.57777299648
v 38.8 4.8 -2.4288659445
v 38.6158819071 4.8 -2.38411809289
v 39.2760734499 4.27607344987 -2.72392655013
v 39.8 4.15779418919 -2.84220581081
v 39.8 4.8 -2.63263439948
v 39.4502037499 4.8 -2.5497962501
v 40.0844706045 4.08447060445 -2.91552939555
v 40.8 3.95615114414 -3.04384885586
v 40.8 4.8 -2.83475766406
v 40.2834233293 4.8 -2.71657667069
v 40.9289721596 3.92897215957 -3.07102784043
v 41.8 3.8113810814 -3.1886189186
v 41.8 4.8 -3.03431338147
v 41.1152666688 4.8 -2.88473333121
v 41.8097623285 3.80976232851 -3.19023767149
v 41.9453473821 4.8 -3.05465261789
v 60.8 3.93590710679 -3.06409289321
v 60.9619318258 3.96193182583 -3.03806817417
v 61.8 3.99636756698 -2.2
v 61.8 4.13160237489 -2.86839762511
v 62.1969403401 4.19694034013 -2.80305965987
v 62.8 4.23231508923 -2.2
v 62.8 4.31789885206 -2.68210114794
v 62.0448191973 4.04481919735 -2.2
v 63.4218509706 4.42185097062 -2.57814902938
v 63.8 4.44921928206 -2.2
v 63.8 4.49686988441 -2.50313011559
v 63.3382685719 4.33826857193 -2.2
v 64.5429009436 4.54290094364 -2.45709905636
v 64.8 4.52275177577 -2.2
v 64.8 4.55831441333 -2.44168558667
v 64.4993645929 4.49936459286 -2.2
v 65.5364060698 4.53640606979 -2.46359393021
v 65.8 4.47299087822 -2.2
v 65.8 4.51800572965 -2.48199427035
v 65.4988997596 4.49889975957 -2.2
v 66.4982128493 4.49821284926 -2.50178715074
v 66.8 4.4227185373 -2.2
v 66.8 4.47809648803 -2.52190351197
v 66.4515716926 4.4515716926 -2.2
v 67.4602493087 4.46024930873 -2.53975069127
v 67.8 4.37197530222 -2.2
v 67.8 4.43859614797 -2.56140385203
v 67.4035959052 4.40359590525 -2.2
v 68.4225388352 4.42253883523 -2.57746116477
v 68.8 4.32079809049 -2.2
v 68.8 4.39950991758 -2.60049008242
v 68.3550205468 4.35502054676 -2.2
v 69.3826174274 4.38261742736 -2.61738257264
v 69.8 4.250958737 -2.2
v 69.8 4.34991547888 -2.65008452112
v 69.303336049 4.30333604904 -2.2
v 70.3294355553 4.32943555533 -2.67056444467
v 70.8 4.18389295457 -2.2
v 70.8 4.30313042377 -2.69686957623
v 70.2306380434 4.23063804336 -2.2
v 71.285387586 4.28538758602 -2.71461241398
v 71.8 4.10550581093 -2.2
v 71.8 4.25340454622 -2.74659545378
v 71.1672470829 4.16724708294 -2.2
v 72.2387127027 4.23871270272 -2.76128729728
v 72.8 4.027318412 -2.2
v 72.8 4.20627446473 -2.79372553527
v 72.0930371073 4.09303710726 -2.2
v 73.1941959105 4.19419591055 -2.80580408945
v 73.8 3.94940188305 -2.2
v 73.8 4.16161628174 -2.83838371826
v 73.0186013427 4.0186013427 -2.2
v 74.1517683805 4.15176838048 -2.84823161952
v 74.8 3.871820018 -2.2
v 74.8 4.11930596632 -2.88069403368
v 73.9440293332 3.94402933323 -2.2
v 75.1113549377 4.11135493774 -2.88864506226
v 75.8 4.07922113899 -2.92077886101
v 74.8694032895 3.86940328949 -2.2
v 76.1077594759 4.10775947587 -2.89224052413
v 37.8 4.82948089164 -2.2
v 38.8 5.09190486035 -2.2
v 37.8432282074 4.84322820735 -2.2
v 39.8 5.38168612045 -2.2
v 39.2341124137 5.2341124137 -2.2
v 40.8 5.71118180956 -2.2
v 40.6798181382 5.6798181382 -2.2
v 41.4653125427 5.46531254274 -2.53468745726
v 41.8 5.26161554313 -2.73838445687
v 41.8 5.8 -2.39543327586
v 41.651310538 5.8 -2.34868946201
v 41.0519180002 5.8 -2.2
v 42.078861872 5.078861872 -2.921138128
v 42.8 5.8 -2.65577859024
v 42.4499481449 5.8 -2.55005185508
v 43.8 5.8 -2.69113898362
v 43.3394768604 5.8 -2.66052313958
v 44.8 5.8 -2.75698007265
v 44.2975184763 5.8 -2.70248152373
v 45.8 5.8 -2.82649054434
v 45.233957232 5.8 -2.76604276804
v 46.8 5.8 -2.90010648861
v 46.1665648557 5.8 -2.83343514426
v 47.8 5.8 -2.9783354033
v 47.0948888936 5.8 -2.90511110642
v 48.8 5.8 -3.061771504
v 48.0183994423 5.8 -2.98160055768
v 48.932362298 5.8 -3.06763770203
v 41.8 5.9719297985 -2.2
v 42.8 6.20299731979 -2.2
v 42.0333903638 6.03339036378 -2.2
v 43.8 6.21075238062 -2.2
v 43.206134571 6.20613457103 -2.2
v 44.8 6.24235705697 -2.2
v 44.2311954411 6.23119544105 -2.2
v 45.8 6.2719513744 -2.2
v 45.2627885923 6.26278859234 -2.2
v 46.8 6.29962490885 -2.2
v 46.2921775992 6.2921775992 -2.2
v 47.8 6.32546287712 -2.2
v 47.319487114 6.31948711404 -2.2
v 48.8 6.34954627967 -2.2
v 48.3448321845 6.34483218453 -2.2
v 49.8 6.4253589735 -2.2
v 49.8 5.84326721422 -3.15673278578
v 49.4135378972 6.41353789719 -2.2
v 49.9458510301 5.9458510301 -3.0541489699
v 50.8 6.69197649784 -2.2
v 50.8 6.52126077866 -2.47873922134
v 50.6630629903 6.66306299028 -2.2
v 51.8 6.8 -2.50985019115
v 51.6063855315 6.8 -2.39361446845
v 51.1881198833 6.8 -2.2
v 52.8 6.8 -3.05784146682
v 52.2709977231 6.8 -2.72900227688
v 52.8968901952 6.8 -3.10310980478
v 51.8 6.92536475808 -2.2
v 52.8 7.13537252226 -2.2
v 51.9678497168 6.9678497168 -2.2
v 53.8 7.35795588178 -2.2
v 53.8 7.09274656379 -2.90725343621
v 53.2496910223 7.2496910223 -2.2
v 54.2947424436 7.29474244357 -2.70525755643
v 54.8 7.59699482001 -2.2
v 54.8 7.48477716845 -2.51522283155
v 54.5491193532 7.54911935317 -2.2
v 55.8 7.8 -2.38181562564
v 55.7117923469 7.8 -2.28820765307
v 55.5930858014 7.8 -2.2
v 56.221286829 7.8 -2.77871317097
v 55.8 7.83912529445 -2.2
v 56.8 8.07757276425 -2.2
v 56.8 7.8917488722 -3.1082511278
v 55.8585179778 7.85851797781 -2.2
v 56.9842643905 7.98426439046 -3.01573560954
v 57.8 8.42518936648 -2.2
v 57.8 8.31737081538 -2.68262918462
v 57.2621260533 8.26212605331 -2.2
v 58.8 8.8 -2.29714736728
v 58.7675256583 8.8 -2.23247434169
v 58.749685179 8.8 -2.2
v 59.1431022869 8.8 -2.85689771306
v 58.8 8.81651652449 -2.2
v 59.8 9.13534741053 -2.2
v 59.8 8.98656458439 -3.01343541561
v 58.8275738195 8.82757381952 -2.2
v 60.1616295276 9.16162952762 -2.83837047238
v 60.8 9.49037825092 -2.2
v 60.8 9.41373504556 -2.58626495444
v 60.3548022321 9.35480223211 -2.2
v 61.8 9.8 -2.64815361011
v 61.6604023874 9.8 -2.33959761261
v 61.5916742282 9.8 -2.2
v 61.9946608142 9.8 -3.00533918581
v 61.8 9.868270351 -2.2
v 62.8 10.1942241688 -2.2
v 62.8 10.0762348158 -2.92376518425
v 61.9132737473 9.91327374734 -2.2
v 63.2011226917 10.2011226917 -2.79887730834
v 63.8 10.4445875478 -2.2
v 63.8 10.3750926088 -2.62490739124
v 63.3331602587 10.3331602587 -2.2
v 64.5204641179 10.5204641179 -2.47953588211
v 64.8 10.596042782 -2.2
v 64.8 10.5502593669 -2.44974063309
v 64.5754659666 10.5754659666 -2.2
v 65.7575084504 10.7575084504 -2.24249154958
v 65.8 10.770496946 -2.2
v 65.8 10.7628928323 -2.23710716774
v 65.7669707892 10.7669707892 -2.2
v 66.8 10.8 -2.88146862554
v 66.420750482 10.8 -2.57924951795
v 65.9719095496 10.8 -2.2
v 66.9832599177 10.8 -3.01674008229
v 66.8 10.9123926954 -2.2
v 67.8 11.0519097949 -2.2
v 67.8 10.8860471248 -3.11395287515
v 66.9391534828 10.9391534828 -2.2
v 67.9115094454 10.9115094454 -3.08849055462
v 68.8 11.1971212809 -2.2
v 68.8 11.0476057365 -2.95239426349
v 68.1098152176 11.1098152176 -2.2
v 69.1259061453 11.1259061453 -2.87409385465
v 69.8 11.3586856032 -2.2
v 69.8 11.2338784157 -2.76612158426
v 69.2917978696 11.2917978696 -2.2
v 70.3468337712 11.3468337712 -2.65316622878
v 70.8 11.5005816252 -2.2
v 70.8 11.3990644093 -2.60093559066
v 70.4659134743 11.4659134743 -2.2
v 71.565799249 11.565799249 -2.43420075102
v 71.8 11.6536805723 -2.2
v 71.8 11.5939169493 -2.40608305065
v 71.6366132919 11.6366132919 -2.2
v 72.8 11.8 -2.23349268417
v 72.7769322 11.8 -2.22306780004
v 72.734134494 11.8 -2.2
v 73.8 11.8 -2.66812970746
v 73.4625663279 11.8 -2.53743367209
v 74.8 11.8 -3.02546790915
v 74.1815155738 11.8 -2.81848442621
v 74.930129213 11.8 -3.06987078699
v 72.8 11.8085401806 -2.2
v 73.8 11.9335229142 -2.2
v 72.8103765847 11.8103765847 -2.2
v 74.8 12.0612686971 -2.2
v 73.9610873982 11.9610873982 -2.2
v 75.8 12.1917884071 -2.2
v 75.8 11.8659659794 -3.13403402055
v 75.113076377 12.113076377 -2.2
v 75.8530243221 11.8530243221 -3.14697567794
v 26.7826361687 -0.217363831307 -1.21736383131
v 26.8 -0.242371607107 -1.2
v 26.8 -0.218870502225 -1.21887050222
v 26.8 -0.2 -1.23399971009
v 26.7705563725 -0.2 -1.22944362752
v 26.4964187494 -0.2 -1.2
v 26.7628738727 -0.237126127344 -1.2
v 27.7258835824 -0.274116417591 -1.27411641759
v 27.8 -0.376810370884 -1.2
v 27.8 -0.280706795406 -1.28070679541
v 27.8 -0.2 -1.34833979719
v 27.6722297452 -0.2 -1.32777025477
v 27.6444854571 -0.355514542855 -1.2
v 28.6685828944 -0.33141710558 -1.33141710558
v 28.8 -0.505815631266 -1.2
v 28.8 -0.343506023422 -1.34350602342
v 28.8 -0.2 -1.46968377091
v 28.5691266686 -0.2 -1.4308733314
v 28.5298404399 -0.470159560087 -1.2
v 29.6716437577 -0.32835624233 -1.32835624233
v 29.8 -0.456013409541 -1.2
v 29.8 -0.325867888086 -1.32586788809
v 29.8 -0.2 -1.4504360119
v 29.5549757725 -0.2 -1.44502422755
v 29.5208850857 -0.479114914283 -1.2
v 30.702122343 -0.297877657037 -1.29787765704
v 30.8 -0.386290206057 -1.2
v 30.8 -0.297364624007 -1.29736462401
v 30.8 -0.2 -1.40622365947
v 30.5988819943 -0.2 -1.40111800569
v 30.5941012386 -0.405898761356 -1.2
v 31.736998606 -0.263001393975 -1.26300139398
v 31.8 -0.3127508881 -1.2
v 31.8 -0.262276080366 -1.26227608037
v 31.8 -0.2 -1.3405951749
v 31.6606272676 -0.2 -1.33937273235
v 31.6751155781 -0.324884421941 -1.2
v 32.7786146462 -0.221385353841 -1.22138535384
v 32.8 -0.236186891013 -1.2
v 32.8 -0.221017095044 -1.22101709504
v 32.8 -0.2 -1.25065020699
v 32.748918907 -0.2 -1.25108109302
v 32.7598632489 -0.240136751064 -1.2
v 33.252801741 -0.2 -1.2
v 22.7815269158 0.781526915809 -1.21847308419
v 22.8 0.729852784321 -1.2
v 22.8 0.779746129613 -1.22025387039
v 22.8 0.8 -1.22844874984
v 22.7747467206 0.8 -1.22525327935
v 22.5225249436 0.8 -1.2
v 22.7447153245 0.744715324484 -1.2
v 23.7173456892 0.717345689225 -1.28265431078
v 23.8 0.486304538795 -1.2
v 23.8 0.70914527177 -1.29085472823
v 23.8 0.8 -1.32774558997
v 23.6868197053 0.8 -1.31318029473
v 23.5525576503 0.552557650293 -1.2
v 24.651730461 0.651730461036 -1.34826953896
v 24.8 0.237445445415 -1.2
v 24.8 0.636562736818 -1.36343726318
v 24.8 0.8 -1.43002799495
v 24.5967388996 0.8 -1.4032611004
v 24.3567282061 0.356728206067 -1.2
v 25.5843663501 0.58436635008 -1.41563364992
v 25.8 -0.0181360688288 -1.2
v 25.8 0.56157252825 -1.43842747175
v 25.8 0.8 -1.53589078529
v 25.5040327604 0.8 -1.49596723955
v 25.1559208763 0.155920876253 -1.2
v 26.5148438271 0.514843827123 -1.48515617288
v 26.8 0.483617633532 -1.51638236647
v 26.8 0.8 -1.64610553364
v 26.4081082829 0.8 -1.59189171708
v 25.948544451 -0.051455549006 -1.2
v 27.4426206831 0.44262068309 -1.55737931691
v 27.8 0.401955536332 -1.59804446367
v 27.8 0.8 -1.76169248155
v 27.3081813416 0.8 -1.69181865843
v 28.3669641045 0.366964104494 -1.63303589551
v 28.8 0.315574081269 -1.68442591873
v 28.8 0.8 -1.88403083742
v 28.2031930417 0.8 -1.79680695833
v 29.3075835679 0.307583567904 -1.6924164321
v 29.8 0.300324068511 -1.69967593149
v 29.8 0.8 -1.9589963657
v 29.1090982878 0.8 -1.89090171224
v 30.3018010065 0.301801006505 -1.6981989935
v 30.8 0.293931066057 -1.70606893394
v 30.8 0.8 -2.02428294577
v 30.0420859441 0.8 -1.95791405594
v 31.300658827 0.300658826967 -1.69934117303
v 31.8 0.298120284351 -1.70187971565
v 31.8 0.8 -2.07729602675
v 30.9796491166 0.8 -2.02035088344
v 32.3097625312 0.309762531169 -1.69023746883
v 32.8 0.311992743845 -1.68800725616
v 32.8 0.8 -2.11648730476
v 31.9278062927 0.8 -2.07219370727
v 33.3285235524 0.328523552426 -1.67147644757
v 33.8 -0.132595449299 -1.2
v 33.8 0.334760949681 -1.66523905032
v 33.8 0.8 -2.13998255454
v 32.8887243132 0.8 -2.1112756868
v 34.3563858787 0.356385878732 -1.64361412127
v 34.8 -0.0115704876736 -1.2
v 34.8 0.365731097688 -1.63426890231
v 34.8 0.8 -2.14549928315
v 33.8651321128 0.8 -2.13486788721
v 33.8730997882 -0.126900211758 -1.2
v 35.3928254241 0.392825424082 -1.60717457592
v 35.8 0.105223046796 -1.2
v 35.8 0.404288672229 -1.59571132777
v 35.8 0.8 -2.13023688324
v 34.8605232046 0.8 -2.13947679539
v 35.0060266687 0.00602666867612 -1.2
v 36.4511675304 0.451167530427 -1.54883246957
v 36.8 0.243242224049 -1.2
v 36.8 0.470801928008 -1.52919807199
v 36.8 0.8 -2.02189419529
v 35.8839749111 0.8 -2.11602508893
v 36.1493858371 0.149385837143 -1.2
v 37.5638094898 0.563809489809 -1.43619051019
v 37.8 0.493102027945 -1.2
v 37.8 0.602907871454 -1.39709212855
v 37.8 0.8 -1.76594839616
v 37.0559038434 0.8 -1.94409615663
v 37.3581978989 0.358197898898 -1.2
v 38.7349453786 0.734945378558 -1.26505462144
v 38.8 0.722283567043 -1.2
v 38.8 0.746462757794 -1.25353724221
v 38.8 0.8 -1.37760163104
v 38.5301438816 0.8 -1.46985611837
v 38.6884845412 0.688484541173 -1.2
v 39.1311846303 0.8 -1.2
v 21.7482940702 1.74829407016 -1.25170592984
v 21.8 1.3263384805 -1.2
v 21.8 1.74276504449 -1.25723495551
v 21.8 1.8 -1.26454949891
v 21.7434787607 1.8 -1.25652123931
v 21.0319143444 1.8 -1.2
v 21.4428841465 1.44288414646 -1.2
v 22.6830232313 1.68302323134 -1.31697676866
v 22.8 1.66977199639 -1.33022800361
v 22.8 1.8 -1.34518128197
v 22.6691335842 1.8 -1.33086641575
v 22.1374173783 1.13741737831 -1.2
v 23.6151745245 1.61517452446 -1.38482547554
v 23.8 1.5935357031 -1.4064642969
v 23.8 1.8 -1.42642645585
v 23.5954266667 1.8 -1.40457333331
v 24.5449034576 1.54490345764 -1.45509654236
v 24.8 1.51376283557 -1.48623716443
v 24.8 1.8 -1.50795700047
v 24.5218871927 1.8 -1.47811280731
v 25.4714364192 1.47143641917 -1.52856358083
v 25.8 1.42943025778 -1.57056974222
v 25.8 1.8 -1.58977644662
v 25.4480883444 1.8 -1.55191165561
v 26.3937710471 1.39377104712 -1.60622895288
v 26.8 1.33907717301 -1.66092282699
v 26.8 1.8 -1.67188431109
v 26.373967098 1.8 -1.62603290199
v 27.3104493404 1.31044934036 -1.68955065964
v 27.8 1.24054300515 -1.75945699485
v 27.8 1.8 -1.75427388445
v 27.2994392128 1.8 -1.70056078718
v 28.2192668167 1.21926681666 -1.78073318334
v 28.8 1.13049125404 -1.86950874596
v 28.8 1.8 -1.84065236626
v 28.2243894932 1.8 -1.77561050678
v 29.1003455839 1.1003455839 -1.8996544161
v 29.8 1.03352741081 -1.96647258919
v 29.8 1.8 -2.00393441428
v 29.1278587907 1.8 -1.87214120932
v 30.017591613 1.01759161302 -1.98240838698
v 30.8 0.956550885271 -2.04344911473
v 30.8 1.8 -2.16185937888
v 29.9820788864 1.8 -2.01792111361
v 30.94894863 0.948948629977 -2.05105137002
v 31.8 0.900542236157 -2.09945776384
v 30.8360427603 1.8 -2.16395723973
v 31.8974650138 0.897465013816 -2.10253498618
v 32.8 0.862928066935 -2.13707193306
v 32.8620328321 0.862032832076 -2.13796716792
v 33.8 0.841568091589 -2.15843190841
v 33.8415978512 0.841597851153 -2.15840214885
v 34.8 0.834665466342 -2.16533453366
v 34.835162775 0.835162774973 -2.16483722503
v 35.8 0.840698704395 -2.1593012956
v 35.8423074031 0.842307403149 -2.15769259685
v 36.8 0.894552593285 -2.10544740671
v 36.9013808978 0.90138089781 -2.09861910219
v 37.8 1.00101774811 -1.99898225189
v 38.0217502314 1.02175023136 -1.97824976864
v 38.8 1.12779682872 -1.87220317128
v 39.1721473693 1.17214736929 -1.82785263071
v 39.8 1.00540230637 -1.2
v 39.8 1.27334822266 -1.72665177734
v 40.3532356294 1.35323562941 -1.64676437059
v 40.8 1.29545204599 -1.2
v 40.8 1.43617922873 -1.56382077127
v 40.0626182106 1.06261821059 -1.2
v 41.5657247583 1.5657247583 -1.4342752417
v 41.8 1.56151200446 -1.2
v 41.8 1.61484685344 -1.38515314656
v 41.8 1.8 -2.07685950713
v 41.4473280339 1.44732803392 -1.2
v 42.7567451019 1.8 -1.2
v 44.7786788882 1.77867888818 -1.22132111182
v 44.8 1.77266925502 -1.2
v 44.8 1.77469157887 -1.22530842113
v 44.8 1.8 -1.51765547189
v 44.6706236482 1.8 -1.32937635176
v 44.5197273814 1.8 -1.2
v 44.7767375726 1.77673757258 -1.2
v 45.702243613 1.70224361299 -1.29775638701
v 45.8 1.67725678829 -1.2
v 45.8 1.68411549236 -1.31588450764
v 45.139839275 1.8 -1.86016072503
v 45.6950554889 1.69505548892 -1.2
v 46.6198458407 1.61984584075 -1.38015415925
v 46.8 1.57873540017 -1.2
v 46.8 1.58664533191 -1.41335466809
v 46.6100007514 1.61000075139 -1.2
v 47.5306665673 1.53066656726 -1.46933343274
v 47.8 1.47691812305 -1.2
v 47.8 1.48122516885 -1.51877483115
v 47.5214162452 1.52141624522 -1.2
v 48.4337247897 1.43372478969 -1.56627521031
v 48.8 1.37160028181 -1.2
v 48.8 1.36658495178 -1.63341504822
v 48.4291253594 1.42912535939 -1.2
v 49.3278361813 1.32783618128 -1.67216381872
v 49.8 1.26255757272 -1.2
v 49.8 1.24118181009 -1.75881818991
v 49.3329302663 1.33293026626 -1.2
v 50.2907099083 1.2907099083 -1.7092900917
v 50.8 1.36042693464 -1.2
v 50.8 1.34480538829 -1.65519461171
v 50.312285493 1.31228549296 -1.2
v 51.5442426026 1.54424260263 -1.45575739737
v 51.8 1.63508428188 -1.2
v 51.8 1.62236522923 -1.37763477077
v 51.5560840888 1.5560840888 -1.2
v 52.8 1.8 -1.97765858576
v 52.5083437168 1.8 -1.4916562832
v 52.4165789182 1.8 -1.2
v 52.8678578885 1.8 -2.13214211145
v 21.8 2.30252250865 -1.2
v 22.8 2.66130433617 -1.2
v 22.5399848333 2.53998483327 -1.2
v 23.776781254 2.77678125395 -1.22321874605
v 23.8 2.77365942786 -1.22634057214
v 23.8 2.8 -1.22085719991
v 23.7805863332 2.8 -1.21941366685
v 23.3350003317 2.8 -1.2
v 24.7298125305 2.7298125305 -1.2701874695
v 24.8 2.71980194038 -1.28019805962
v 24.8 2.8 -1.26010835223
v 24.7438976646 2.8 -1.25610233542
v 25.6844793397 2.68447933966 -1.31552066034
v 25.8 2.66682290595 -1.33317709405
v 25.8 2.8 -1.29334331662
v 25.7125763981 2.8 -1.28742360185
v 26.6415184847 2.64151848466 -1.35848151534
v 26.8 2.61519046559 -1.38480953441
v 26.8 2.8 -1.31912738681
v 26.6879424829 2.8 -1.31205751712
v 27.602221568 2.60222156795 -1.39777843205
v 27.8 2.56576067667 -1.43423932333
v 27.8 2.8 -1.33555741564
v 27.6717879914 2.8 -1.32821200864
v 28.5690828909 2.56908289086 -1.43091710914
v 28.8 2.51701904451 -1.48298095549
v 28.8 2.8 -1.34421292582
v 28.6666089968 2.8 -1.33339100317
v 29.3150870516 2.31508705161 -1.68491294839
v 29.8 2.14687218326 -1.85312781674
v 29.8 2.8 -1.5761138814
v 29.5132813398 2.8 -1.48671866025
v 30.0632623961 2.06326239607 -1.93673760393
v 30.8 1.85984183758 -2.14015816242
v 30.8 2.8 -1.81030143798
v 30.3274253966 2.8 -1.67257460336
v 30.8478100894 1.84781008944 -2.15218991056
v 31.8 2.8 -2.04539782804
v 31.1349760088 2.8 -1.86502399121
v 31.9351876478 2.8 -2.06481235216
v 41.8 1.8374468877 -2.1625531123
v 41.844171847 1.84417184695 -2.15582815305
v 42.8 1.81465953625 -1.2
v 42.8 2.0375758633 -1.9624241367
v 43.0453634975 2.04536349748 -1.95463650252
v 43.8 1.89979139846 -1.2
v 43.8 2.02510334216 -1.97489665784
v 42.8152865766 1.81528657663 -1.2
v 44.0146596079 2.01465960792 -1.98534039208
v 44.8 1.88024812469 -2.11975187531
v 43.8944528881 1.89445288807 -1.2
v 44.8766889515 1.8766889515 -2.1233110485
v 52.8 1.93600576695 -1.2
v 53.8 2.27358710613 -1.2
v 53.8 2.13149030559 -1.86850969441
v 52.9863738829 1.98637388288 -1.2
v 54.3108470945 2.31084709453 -1.68915290547
v 54.8 2.57617212322 -1.2
v 54.8 2.50427700613 -1.49572299387
v 54.4545494216 2.45454942159 -1.2
v 55.8 2.8 -1.38658916384
v 55.6921055875 2.8 -1.30789441247
v 55.5936568317 2.8 -1.2
v 56.2027801535 2.8 -1.79721984646
v 23.8 2.84126550073 -1.2
v 24.8 2.90573039425 -1.2
v 23.8406501663 2.84065016626 -1.2
v 25.8 2.94567255493 -1.2
v 24.9021957014 2.90219570145 -1.2
v 26.8 2.96446647802 -1.2
v 25.938363572 2.93836357202 -1.2
v 27.8 2.96492991485 -1.2
v 26.9537022966 2.95370229658 -1.2
v 28.8 2.95084667209 -1.2
v 27.9532464509 2.95324645091 -1.2
v 29.8 3.21529482673 -1.2
v 29.0294401144 3.02944011441 -1.2
v 30.8 3.51646769511 -1.2
v 30.4296563925 3.42965639253 -1.2
v 31.6920707052 3.69207070521 -1.30792929479
v 31.8 3.55005040432 -1.44994959568
v 31.8 3.8 -1.25259243212
v 31.7628183738 3.8 -1.23718162616
v 31.6366678693 3.8 -1.2
v 32.1253431541 3.12534315412 -1.87465684588
v 32.8 3.8 -1.55793510045
v 32.5432543321 3.8 -1.45674566793
v 33.8 3.8 -1.87079592247
v 33.3117892999 3.8 -1.68821070005
v 34.8 3.8 -2.19278389897
v 34.0667336583 3.8 -1.93326634165
v 34.8059106971 3.8 -2.1940893029
v 55.8 2.88015757064 -1.2
v 56.8 3.25241438973 -1.2
v 56.8 2.81802818969 -2.18197181031
v 55.9133327315 2.91333273146 -1.2
v 56.8367927196 2.83679271957 -2.16320728043
v 57.8 3.56976631786 -1.2
v 57.8 3.38345096652 -1.61654903348
v 57.4322164109 3.43221641086 -1.2
v 58.6726205076 3.67262050756 -1.32737949244
v 58.8 3.75702891207 -1.2
v 58.8 3.72759397727 -1.27240602273
v 58.7423706104 3.74237061036 -1.2
v 59.8 3.8 -1.55219989608
v 59.5645198623 3.8 -1.43548013772
v 59.0394916028 3.8 -1.2
v 60.8 3.8 -2.06821890435
v 60.2349380095 3.8 -1.76506199051
v 60.8862831501 3.8 -2.1137168499
v 75.8 3.8 -2.15172655787
v 75.8258728413 3.8 -2.17412715867
v 31.8 3.84011100266 -1.2
v 32.8 4.08167678023 -1.2
v 31.8592805207 3.85928052071 -1.2
v 33.8 4.3466609938 -1.2
v 33.2133865171 4.21338651712 -1.2
v 34.8 4.64159280584 -1.2
v 34.5974861399 4.59748613994 -1.2
v 34.8360248618 3.83602486182 -2.16397513818
v 35.8 4.8 -1.41678291418
v 35.6577343347 4.8 -1.34226566529
v 35.2918043935 4.8 -1.2
v 36.8 4.8 -1.81131870158
v 36.3836347114 4.8 -1.61636528862
v 37.0899374433 4.8 -1.91006255667
v 59.8 3.99684436743 -1.2
v 60.8 4.22966376464 -1.2
v 60.0396975657 4.03969756567 -1.2
v 61.8 4.44018561955 -1.2
v 61.8 4.15161226262 -1.84838773738
v 61.325374476 4.32537447596 -1.2
v 62.3257910184 4.3257910184 -1.6742089816
v 62.8 4.63499041567 -1.2
v 62.8 4.52257710754 -1.47742289246
v 62.584381595 4.58438159498 -1.2
v 63.8 4.8 -1.24979409119
v 63.7669002132 4.8 -1.23309978675
v 63.6951889413 4.8 -1.2
v 64.8 4.8 -1.37736965408
v 64.653576948 4.8 -1.34642305202
v 65.7979511483 4.79795114827 -1.20204885173
v 65.8 4.79844705084 -1.2
v 65.8 4.79768979109 -1.20231020891
v 65.7757786491 4.8 -1.2
v 65.7986065207 4.79860652068 -1.2
v 66.7172403712 4.71724037115 -1.28275962885
v 66.8 4.73655623897 -1.2
v 66.8 4.70725564175 -1.29274435825
v 66.7428576652 4.74285766521 -1.2
v 67.6375241315 4.6375241315 -1.3624758685
v 67.8 4.67397618154 -1.2
v 67.8 4.61896703494 -1.38103296506
v 67.6860888942 4.68608889422 -1.2
v 68.5589702153 4.5589702153 -1.4410297847
v 68.8 4.61078283841 -1.2
v 68.8 4.53288419054 -1.46711580946
v 68.6283899902 4.62838999023 -1.2
v 69.4649840651 4.46498406511 -1.53501593489
v 69.8 4.51967966227 -1.2
v 69.8 4.41667118968 -1.58332881032
v 69.5560943099 4.55609430987 -1.2
v 70.3597702244 4.35977022437 -1.64022977563
v 70.8 4.43399673435 -1.2
v 70.8 4.31160317466 -1.68839682534
v 70.4698838848 4.46988388482 -1.2
v 71.2607380552 4.26073805518 -1.73926194482
v 71.8 4.32881694676 -1.2
v 71.8 4.19304235714 -1.80695764286
v 71.3855523088 4.38555230885 -1.2
v 72.1567706844 4.15677068438 -1.84322931562
v 72.8 4.22327315284 -1.2
v 72.8 4.08246958748 -1.91753041252
v 72.2901335888 4.29013358881 -1.2
v 73.0582951484 4.05829514836 -1.94170485164
v 73.8 4.11750106209 -1.2
v 73.8 3.97941548928 -2.02058451072
v 73.1936595781 4.19365957809 -1.2
v 73.9651876563 3.96518765632 -2.03481234368
v 74.8 4.01162391708 -1.2
v 74.8 3.88340418505 -2.11659581495
v 74.0962765776 4.0962765776 -1.2
v 74.8772805156 3.87728051563 -2.12271948437
v 75.8 3.90575357387 -1.2
v 74.998120994 3.99812099396 -1.2
v 75.9200401706 3.9200401706 -1.2
v 35.8 4.92111610788 -1.2
v 36.8 5.13205867177 -1.2
v 35.9616923379 4.96169233789 -1.2
v 37.8 5.35450299163 -1.2
v 37.8 4.86138267843 -2.13861732157
v 37.2442459449 5.24424594485 -1.2
v 37.9319754951 4.93197549509 -2.06802450491
v 38.8 5.59243728077 -1.2
v 38.8 5.38110652926 -1.61889347074
v 38.5431791093 5.54317910932 -1.2
v 39.8 5.8 -1.31192556953
v 39.7365695687 5.8 -1.26343043129
v 39.6143930856 5.8 -1.2
v 40.8 5.8 -1.99711632714
v 40.3726428964 5.8 -1.62735710358
v 40.9272982335 5.8 -2.07270176647
v 63.8 4.82723775323 -1.2
v 64.8 4.88651399148 -1.2
v 63.8281184322 4.82811843217 -1.2
v 64.8826058916 4.88260589162 -1.2
v 39.8 5.83348168241 -1.2
v 40.8 6.01023658824 -1.2
v 39.8430215777 5.84302157773 -1.2
v 41.8 6.19205849133 -1.2
v 41.8 6.01834792912 -1.98165207088
v 41.0698544747 6.06985447473 -1.2
v 42.1001479848 6.10014798479 -1.89985201521
v 42.8 6.37620511228 -1.2
v 42.8 6.28742273588 -1.71257726412
v 42.2975147755 6.29751477554 -1.2
v 43.2762706231 6.27627062312 -1.72372937688
v 43.8 6.35806087212 -1.2
v 43.8 6.28103993757 -1.71896006243
v 43.3652617857 6.36526178575 -1.2
v 44.2882642037 6.28826420369 -1.71173579631
v 44.8 6.35813064839 -1.2
v 44.8 6.29960553623 -1.70039446377
v 44.3651821146 6.36518211465 -1.2
v 45.3060511844 6.30605118443 -1.69394881557
v 45.8 6.35716629151 -1.2
v 45.8 6.31524898456 -1.68475101544
v 45.3644795966 6.3644795966 -1.2
v 46.3209459195 6.32094591951 -1.67905408049
v 46.8 6.35521959214 -1.2
v 46.8 6.32837561102 -1.67162438898
v 46.3627886155 6.3627886155 -1.2
v 47.3333638662 6.33336386616 -1.66663613384
v 47.8 6.35233916692 -1.2
v 47.8 6.33932009341 -1.66067990659
v 47.3601602726 6.3601602726 -1.2
v 48.3436448924 6.34364489245 -1.65635510755
v 48.8 6.34857067076 -1.2
v 48.8 6.34836109091 -1.65163890909
v 48.3566422189 6.35664221889 -1.2
v 49.3813289752 6.38132897524 -1.61867102476
v 49.8 6.37667145196 -1.2
v 49.8 6.39348247986 -1.60651752014
v 49.3815349312 6.38153493117 -1.2
v 50.5510251768 6.55102517676 -1.44897482324
v 50.8 6.57727139289 -1.2
v 50.8 6.59805976854 -1.40194023146
v 50.5378513825 6.53785138248 -1.2
v 51.7910442326 6.79104423265 -1.20895576735
v 51.8 6.79126114364 -1.2
v 51.8 6.79258406279 -1.20741593721
v 51.8 6.8 -1.24519189685
v 51.7898701301 6.78987013006 -1.2
v 51.8416478256 6.8 -1.2
v 51.8 6.90985572044 -2.09014427956
v 51.9341960242 6.93419602418 -2.06580397582
v 52.8 6.9444287152 -1.2
v 52.8 7.07940846836 -1.92059153164
v 53.1365012765 7.13650127653 -1.86349872347
v 53.8 7.09632996191 -1.2
v 53.8 7.2392674461 -1.7607325539
v 52.9808631278 6.98086312778 -1.2
v 54.3210407647 7.3210407647 -1.6789592353
v 54.8 7.2503162736 -1.2
v 54.8 7.38853403949 -1.61146596051
v 54.1690050401 7.1690050401 -1.2
v 55.4868098439 7.48680984391 -1.51319015609
v 55.8 7.40709546643 -1.2
v 55.8 7.52617067262 -1.47382932738
v 55.8 7.8 -2.07280568167
v 55.3567409169 7.35674091688 -1.2
v 56.6708671449 7.67086714491 -1.32913285509
v 56.8 7.61743127507 -1.2
v 56.8 7.68586140038 -1.31413859962
v 56.8 7.8 -1.5038653769
v 56.0703930466 7.8 -1.92960695343
v 56.5971355973 7.59713559731 -1.2
v 57.240071596 7.8 -1.2
v 55.8 7.82969066385 -2.17030933615
v 55.8385497549 7.83854975493 -2.16145024507
v 56.8 7.99862578727 -2.00137421273
v 57.082110362 8.08211036201 -1.91788963799
v 57.8 7.97915185828 -1.2
v 57.8 8.23276046579 -1.76723953421
v 58.4042738193 8.40427381926 -1.59572618074
v 58.8 8.31844289935 -1.2
v 58.8 8.48047665228 -1.51952334772
v 58.8 8.8 -2.1537420362
v 58.1040253642 8.10402536419 -1.2
v 59.7340503732 8.73405037322 -1.26594962678
v 59.8 8.71368825637 -1.2
v 59.8 8.74552832702 -1.25447167298
v 59.8 8.8 -1.3483822121
v 59.0438874102 8.8 -1.95611258984
v 59.6774478711 8.67744787115 -1.2
v 60.0105844996 8.8 -1.2
v 58.8 8.81217802361 -2.18782197639
v 58.8175126829 8.81751268287 -2.18248731713
v 59.8 9.04079386165 -1.95920613835
v 60.1407454168 9.14074541681 -1.85925458319
v 60.8 9.05238834438 -1.2
v 60.8 9.28046519508 -1.71953480492
v 61.4690938908 9.46909389082 -1.53090610918
v 61.8 9.40230125365 -1.2
v 61.8 9.53389259033 -1.46610740967
v 61.8 9.8 -2.00734428185
v 61.2246664351 9.22466643512 -1.2
v 62.7847094606 9.8 -1.2
v 61.8 9.85043347823 -2.14956652177
v 61.8722280817 9.87222808172 -2.12777191828
v 62.8 9.80504036381 -1.2
v 62.8 10.0839771245 -1.91602287553
v 63.153473614 10.153473614 -1.84652638601
v 63.8 10.0566387233 -1.2
v 63.8 10.264731296 -1.73526870404
v 62.8069350304 9.80693503043 -1.2
v 64.3389384512 10.3389384512 -1.6610615488
v 64.8 10.1976811878 -1.2
v 64.8 10.3691479599 -1.63085204007
v 64.1173161012 10.1173161012 -1.2
v 65.4692013105 10.4692013105 -1.53079868948
v 65.8 10.3732181438 -1.2
v 65.8 10.4944726455 -1.50552735447
v 65.3027657174 10.3027657174 -1.2
v 66.6131726737 10.6131726737 -1.38682732632
v 66.8 10.5585400422 -1.2
v 66.8 10.6269107173 -1.37308928274
v 66.8 10.8 -1.81073477887
v 66.5200356716 10.5200356716 -1.2
v 67.7645589664 10.7645589664 -1.23544103363
v 67.8 10.7541494213 -1.2
v 67.8 10.7670700236 -1.23292997644
v 67.8 10.8 -1.31676831102
v 67.5840641756 10.8 -1.41593582439
v 67.7470800602 10.7470800602 -1.2
v 68.0357280555 10.8 -1.2
v 66.8 10.8871573837 -2.11284261626
v 66.9046999257 10.9046999257 -2.09530007432
v 67.8 10.9958913353 -2.00410866467
v 68.0342403484 11.0342403484 -1.96575965159
v 68.8 10.9159175032 -1.2
v 68.8 11.1098091616 -1.89019083838
v 69.1753349954 11.1753349954 -1.82466500457
v 69.8 11.0892344424 -1.2
v 69.8 11.2401001161 -1.75989988392
v 68.9493057518 10.9493057518 -1.2
v 70.3209393278 11.3209393278 -1.67906067221
v 70.8 11.2504384609 -1.2
v 70.8 11.3607276343 -1.63927236571
v 70.1601892179 11.1601892179 -1.2
v 71.4680953088 11.4680953088 -1.53190469118
v 71.8 11.4273038552 -1.2
v 71.8 11.4963773146 -1.50362268537
v 71.3637924566 11.3637924566 -1.2
v 72.6276730609 11.6276730609 -1.37232693914
v 72.8 11.6099592815 -1.2
v 72.8 11.6419449996 -1.35805500036
v 72.8 11.8 -2.14513985607
v 72.5789893443 11.5789893443 -1.2
v 73.7985609388 11.7985609388 -1.20143906124
v 73.8 11.7984444133 -1.2
v 73.8 11.7986768829 -1.20132311709
v 73.8 11.8 -1.20891896045
v 73.6831915587 11.8 -1.31680844125
v 73.7982020314 11.7982020314 -1.2
v 73.8085179727 11.8 -1.2
v 72.8 11.8073962187 -2.19260378129
v 72.8090016606 11.8090016606 -2.19099833939
v 73.8 11.9177726564 -2.08222734356
v 73.9429534418 11.9429534418 -2.05704655824
v 74.8 11.9487336796 -1.2
v 74.8 12.0350164765 -1.96498352353
v 75.0846014775 12.0846014775 -1.91539852248
v 75.8 12.1025297146 -1.2
v 75.8 12.1599053746 -1.84009462543
v 74.9845049709 11.9845049709 -1.2
v 11.7891665991 -0.21083340087 -0.21083340087
v 11.8 -0.244804095531 -0.2
v 11.8 -0.211566101651 -0.211566101651
v 11.8 -0.2 -0.2156945826
v 11.7860126097 -0.2 -0.213987390288
v 11.4991266227 -0.2 -0.2
v 11.7584118151 -0.241588184932 -0.2
v 12.7528660549 -0.247133945144 -0.247133945144
v 12.8 -0.37832545265 -0.2
v 12.8 -0.250620793441 -0.250620793441
v 12.8 -0.2 -0.271147211182
v 12.7368528384 -0.2 -0.263147161577
v 12.6345266576 -0.365473342432 -0.2
v 13.7202770004 -0.279722999607 -0.279722999607
v 13.8 -0.475437865575 -0.2
v 13.8 -0.285147241925 -0.285147241925
v 13.8 -0.2 -0.324035455491
v 13.6893255003 -0.2 -0.310674499666
v 13.5393137547 -0.460686245345 -0.2
v 14.6914631608 -0.308536839197 -0.308536839197
v 14.8 -0.545212560062 -0.2
v 14.8 -0.315309611882 -0.315309611882
v 14.8 -0.2 -0.37423170768
v 14.6437173753 -0.2 -0.35628262474
v 14.467877035 -0.532122965032 -0.2
v 15.6663794 -0.333620600006 -0.333620600006
v 15.8 -0.593860888427 -0.2
v 15.8 -0.341241476016 -0.341241476016
v 15.8 -0.2 -0.421570754613
v 15.6002135648 -0.2 -0.399786435247
v 15.4158219698 -0.584178030168 -0.2
v 16.6535676221 -0.346432377904 -0.346432377904
v 16.8 -0.58930170797 -0.2
v 16.8 -0.350314974396 -0.350314974396
v 16.8 -0.2 -0.447157770385
v 16.5710730945 -0.2 -0.428926905458
v 16.3960313589 -0.603968641089 -0.2
v 17.6522376304 -0.347762369649 -0.347762369649
v 17.8 -0.559930310079 -0.2
v 17.8 -0.350149785174 -0.350149785174
v 17.8 -0.2 -0.460034036894
v 17.5565682308 -0.2 -0.443431769202
v 17.4154726578 -0.58452734215 -0.2
v 18.65833476 -0.341665240016 -0.341665240016
v 18.8 -0.51958292968 -0.2
v 18.8 -0.342992877795 -0.342992877795
v 18.8 -0.2 -0.461206244108
v 18.5528540404 -0.2 -0.447145959554
v 18.4556045567 -0.544395443282 -0.2
v 19.6712777029 -0.328722297092 -0.328722297092
v 19.8 -0.470647634155 -0.2
v 19.8 -0.329102251198 -0.329102251198
v 19.8 -0.2 -0.449173088175
v 19.5615798366 -0.2 -0.438420163415
v 19.5062709397 -0.493729060314 -0.2
v 20.6909570396 -0.30904296036 -0.30904296036
v 20.8 -0.414839402848 -0.2
v 20.8 -0.308701050461 -0.308701050461
v 20.8 -0.2 -0.422100339972
v 20.584935201 -0.2 -0.415064798959
v 20.5654820568 -0.434517943218 -0.2
v 21.7172798015 -0.282720198478 -0.282720198478
v 21.8 -0.353422990595 -0.2
v 21.8 -0.283287374975 -0.283287374975
v 21.8 -0.2 -0.38082728564
v 21.6256834532 -0.2 -0.374316546808
v 21.63172017 -0.368279829988 -0.2
v 22.6778233559 -0.322176644056 -0.322176644056
v 22.8 -0.435575328825 -0.2
v 22.8 -0.332761941862 -0.332761941862
v 22.8 -0.2 -0.503586863325
v 22.5472942065 -0.2 -0.452705793537
v 22.5827020836 -0.417297916375 -0.2
v 23.6255534243 -0.374446575719 -0.374446575719
v 23.8 -0.524938952334 -0.2
v 23.8 -0.389849225531 -0.389849225531
v 23.8 -0.2 -0.655479800194
v 23.4243269177 -0.2 -0.575673082313
v 23.5015672811 -0.498432718914 -0.2
v 24.5732289262 -0.426771073769 -0.426771073769
v 24.8 -0.606624880952 -0.2
v 24.8 -0.447193475199 -0.447193475199
v 24.8 -0.2 -0.828370488474
v 24.2885514115 -0.2 -0.711448588458
v 24.4240583134 -0.575941686617 -0.2
v 25.5208082573 -0.479191742678 -0.479191742678
v 25.8 -0.679926816 -0.2
v 25.8 -0.504862717428 -0.504862717428
v 25.8 -0.2 -1.03216534242
v 25.1339451915 -0.2 -0.866054808456
v 25.3529935038 -0.647006496225 -0.2
v 26.4682335933 -0.531766406657 -0.531766406657
v 26.8 -0.744037042449 -0.2
v 26.8 -0.562949200662 -0.562949200662
v 25.9512163224 -0.2 -1.04878367756
v 26.28907544 -0.710924560038 -0.2
v 27.4154231079 -0.584576892122 -0.584576892122
v 27.8 -0.798026261704 -0.2
v 27.8 -0.621580954353 -0.621580954353
v 27.2331462213 -0.766853778737 -0.2
v 28.3622583346 -0.637741665447 -0.637741665447
v 28.8 -0.840818267381 -0.2
v 28.8 -0.68094062094 -0.68094062094
v 28.1862264475 -0.8137735525 -0.2
v 29.353982677 -0.646017322984 -0.646017322984
v 29.8 -0.735093977928 -0.2
v 29.8 -0.617094407635 -0.617094407635
v 29.1921184046 -0.80788159535 -0.2
v 30.4412331027 -0.55876689727 -0.55876689727
v 30.8 -0.603615681122 -0.2
v 30.8 -0.530662124004 -0.530662124004
v 30.326325739 -0.673674260956 -0.2
v 31.5406524974 -0.459347502584 -0.459347502584
v 31.8 -0.477534881469 -0.2
v 31.8 -0.43769827339 -0.43769827339
v 31.4758123492 -0.524187650839 -0.2
v 32.6478283869 -0.352171613097 -0.352171613097
v 32.8 -0.355702300279 -0.2
v 32.8 -0.338790597666 -0.338790597666
v 32.6189205976 -0.381079402439 -0.2
v 33.7620682512 -0.237931748769 -0.237931748769
v 33.8 -0.237273199992 -0.2
v 33.8 -0.23444953987 -0.23444953987
v 33.8 -0.2 -0.664944292702
v 33.7568302038 -0.243169796151 -0.2
v 34.118254941 -0.2 -0.2
v 11.7792943022 0.779294302248 -0.220705697752
v 11.8 0.776786430254 -0.223213569746
v 11.8 0.8 -0.223588410685
v 11.7799201054 0.8 -0.220079894568
v 11.5600087776 0.8 -0.2
v 11.4092242962 0.409224296233 -0.2
v 12.6978166759 0.697816675864 -0.302183324136
v 12.8 0.685475724452 -0.314524275548
v 12.8 0.8 -0.321125043648
v 12.6963020458 0.8 -0.30369795421
v 13.6217551118 0.621755111801 -0.378244888199
v 13.8 0.602052521573 -0.397947478427
v 13.8 0.8 -0.41794428803
v 13.6122603911 0.8 -0.387739608865
v 14.5510817672 0.55108176723 -0.44891823277
v 14.8 0.525949230653 -0.474050769347
v 14.8 0.8 -0.514228934702
v 14.5276840958 0.8 -0.472315904175
v 15.4856144691 0.48561446908 -0.51438553092
v 15.8 0.456695331813 -0.543304668187
v 15.8 0.8 -0.610161733007
v 15.442435525 0.8 -0.557564474993
v 16.4258650345 0.425865034454 -0.574134965546
v 16.8 0.402038597779 -0.597961402221
v 16.8 0.8 -0.703039326733
v 16.3570536953 0.8 -0.642946304701
v 17.3805094439 0.380509443894 -0.619490556106
v 17.8 0.358900425392 -0.641099574608
v 17.8 0.8 -0.790335810006
v 17.2747068734 0.8 -0.725293126647
v 18.3449247759 0.344924775908 -0.655075224092
v 18.8 0.32647552419 -0.67352447581
v 18.8 0.8 -0.87171533885
v 18.1960694992 0.8 -0.803930500805
v 19.318698815 0.318698815016 -0.681301184984
v 19.8 0.304124161513 -0.695875838487
v 19.8 0.8 -0.946612483167
v 19.1214481525 0.8 -0.878551847533
v 20.3015962012 0.301596201204 -0.698403798796
v 20.8 0.291298707146 -0.708701292854
v 20.8 0.8 -1.01431701641
v 20.051479244 0.8 -0.948520755955
v 21.2934127793 0.293412779257 -0.706587220743
v 21.8 0.28227333153 -0.71772666847
v 21.8 0.8 -1.07569758563
v 20.9869653175 0.8 -1.01303468251
v 22.2594024018 0.259402401784 -0.740597598216
v 22.8 0.197305149172 -0.802694850828
v 21.9146483132 0.8 -1.08535168676
v 23.1764858949 0.17648589489 -0.82351410511
v 23.8 0.102822763305 -0.897177236695
v 24.0880242087 0.0880242086962 -0.911975791304
v 24.8 0.000298538793758 -0.999701461206
v 24.9914295266 -0.00857047338499 -1.00857047338
v 25.8 -0.113045828839 -1.11304582884
v 25.8836303283 -0.116369671678 -1.11636967168
v 33.8 -0.1398479368 -1.1398479368
v 33.8680436394 -0.131956360599 -1.1319563606
v 34.8 -0.0803540291476 -0.2
v 34.8 -0.0230811344239 -1.02308113442
v 35.0017143544 0.00171435435295 -0.998285645647
v 35.8 0.0841728905488 -0.2
v 35.8 0.0996179778178 -0.900382022182
v 34.9377580143 -0.0622419856671 -0.2
v 36.1563387992 0.156338799223 -0.843661200777
v 36.8 0.254484981769 -0.2
v 36.8 0.250768904467 -0.749231095533
v 36.1393866481 0.13938664809 -0.2
v 37.4292015022 0.42920150219 -0.57079849781
v 37.8 0.567337124066 -0.2
v 37.8 0.552055114632 -0.447944885368
v 37.4326940455 0.432694045486 -0.2
v 38.8 0.8 -0.593589279784
v 38.6446106365 0.8 -0.355389363506
v 38.6018664033 0.8 -0.2
v 38.9836069592 0.8 -1.01639304078
v 11.8 0.87115570616 -0.2
v 12.8 1.20741376089 -0.2
v 11.925537955 0.925537954998 -0.2
v 13.8 1.63183807283 -0.2
v 13.5468072861 1.54680728608 -0.2
v 14.704300925 1.70430092501 -0.295699074991
v 14.8 1.68528627348 -0.314713726521
v 14.8 1.8 -0.289725659809
v 14.7259116185 1.8 -0.274088381527
v 14.147410008 1.8 -0.2
v 15.5670094341 1.56700943414 -0.432990565863
v 15.8 1.52488965974 -0.475110340257
v 15.8 1.8 -0.427137328904
v 15.6122991176 1.8 -0.387700882372
v 16.4279778641 1.42797786411 -0.572022135891
v 16.8 1.37008084912 -0.629919150882
v 16.8 1.8 -0.579383696186
v 16.4855186503 1.8 -0.514481349655
v 17.3053371371 1.3053371371 -0.6946628629
v 17.8 1.23960988377 -0.760390116227
v 17.8 1.8 -0.728655381284
v 17.357576779 1.8 -0.642423220996
v 18.1973303959 1.19733039588 -0.802669604122
v 18.8 1.12944748038 -0.870552519622
v 18.8 1.8 -0.876464372449
v 18.2283459703 1.8 -0.771654029686
v 19.1031936657 1.1031936657 -0.896806334299
v 19.8 1.0376444483 -0.962355551696
v 19.8 1.8 -1.0230016582
v 19.097543882 1.8 -0.902456117959
v 20.0224263677 1.02242636769 -0.977573632312
v 20.8 0.962580392257 -1.03741960774
v 20.8 1.8 -1.16846426108
v 19.9648242163 1.8 -1.03517578367
v 20.9545903937 0.954590393734 -1.04540960627
v 21.8 0.901424595578 -1.09857540442
v 20.8297570711 1.8 -1.17024292892
v 21.8966739424 0.896673942368 -1.10332605763
v 38.8 0.878312709897 -0.2
v 39.8 1.26256339285 -0.2
v 39.8 1.08104303447 -0.918956965527
v 38.9116124665 0.911612466498 -0.2
v 40.2782683928 1.27826839276 -0.721731607242
v 40.8 1.59985942306 -0.2
v 40.8 1.51651316534 -0.483486834661
v 40.4686942512 1.46869425119 -0.2
v 41.8 1.8 -0.498086362872
v 41.6148645616 1.8 -0.385135438402
v 41.4310004159 1.8 -0.2
v 42.1619137818 1.8 -0.838086218225
v 44.8 1.8 -1.14040077282
v 45.8 1.8 -0.952590006205
v 44.8730299506 1.8 -1.12697004945
v 46.8 1.8 -0.786837068837
v 46.0957548902 1.8 -0.904245109787
v 47.8 1.8 -0.640025965258
v 47.2835664623 1.8 -0.716433537682
v 48.8 1.8 -0.509578486013
v 48.4435744958 1.8 -0.556425504184
v 49.8 1.8 -0.393345595165
v 49.5810754922 1.8 -0.418924507779
v 50.8 1.8 -0.533472437094
v 50.509245767 1.8 -0.490754232972
v 51.8 1.8 -0.948285225565
v 51.2499052598 1.8 -0.750094740244
v 51.9687084638 1.8 -1.03129153619
v 14.8 1.95235093202 -0.2
v 15.8 2.21125931283 -0.2
v 15.0295715369 2.0295715369 -0.2
v 16.8 2.54542099022 -0.2
v 16.4522722686 2.45227226862 -0.2
v 17.7093845223 2.70938452234 -0.290615477664
v 17.8 2.67653971037 -0.323460289625
v 17.8 2.8 -0.267306771597
v 17.7474957221 2.8 -0.252504277875
v 17.4769171601 2.8 -0.2
v 18.4576061375 2.45760613753 -0.542393862465
v 18.8 2.3507438663 -0.649256133699
v 18.8 2.8 -0.467590751229
v 18.5894141214 2.8 -0.410585878594
v 19.229129046 2.229129046 -0.770870953996
v 19.8 2.07623753172 -0.923762468277
v 19.8 2.8 -0.670263664628
v 19.4266328384 2.8 -0.573367161645
v 20.0227971897 2.02279718969 -0.977202810305
v 20.8 1.8451628103 -1.1548371897
v 20.8 2.8 -0.876207718557
v 20.2583091675 2.8 -0.74169083251
v 20.8375960705 1.83759607054 -1.16240392946
v 21.8 2.8 -1.08646109353
v 21.0833984857 2.8 -0.916601514299
v 22.8 2.8 -1.1574746839
v 21.911214011 2.8 -1.08878598899
v 22.842417731 2.8 -1.15758226904
v 41.8 1.9676857997 -0.2
v 42.8 2.38719779973 -0.2
v 42.8 1.83519232569 -1.16480767431
v 42.0551936972 2.05519369722 -0.2
v 42.8514629585 1.85146295848 -1.14853704152
v 43.8 2.54372874824 -0.2
v 43.8 2.07924142367 -0.920758576326
v 43.4790556594 2.47905565936 -0.2
v 44.0439838506 2.04398385062 -0.956016149376
v 44.8 2.46476305643 -0.2
v 44.5073828082 2.50738280823 -0.2
v 45.8 2.38245089418 -0.2
v 45.4342410641 2.43424106405 -0.2
v 46.8 2.29645526025 -0.2
v 46.3574203372 2.35742033715 -0.2
v 47.8 2.20639161994 -0.2
v 47.2765783601 2.2765783601 -0.2
v 48.8 2.11181926899 -0.2
v 48.1913188455 2.19131884547 -0.2
v 49.8 2.01223074092 -0.2
v 49.1011817171 2.10118171709 -0.2
v 50.8 2.16105677603 -0.2
v 50.0483423524 2.04834235239 -0.2
v 51.8 2.55853951608 -0.2
v 51.3624507472 2.36245074721 -0.2
v 52.4932100687 2.49321006867 -0.50678993133
v 52.8 2.8 -0.300743907652
v 52.7187421324 2.8 -0.281257867605
v 52.4813468715 2.8 -0.2
v 53.8 2.8 -0.626840472759
v 53.4614754783 2.8 -0.538524521674
v 54.8 2.8 -0.946674044893
v 54.2167561232 2.8 -0.783243876821
v 54.982249286 2.8 -1.01775071401
v 17.8 2.87823935329 -0.2
v 18.8 3.1240890518 -0.2
v 17.9148163753 2.91481637534 -0.2
v 19.8 3.39591107667 -0.2
v 19.2748647856 3.27486478561 -0.2
v 20.8 3.70124106311 -0.2
v 20.6726786931 3.6726786931 -0.2
v 21.4644444047 3.46444440466 -0.535555595337
v 21.8 3.19072584747 -0.809274152531
v 21.8 3.8 -0.378336103939
v 21.6661872264 3.8 -0.333812773608
v 21.111840412 3.8 -0.2
v 22.2510805908 3.25108059084 -0.748919409158
v 22.8 3.02581317451 -0.974186825494
v 22.8 3.8 -0.344459893147
v 22.6551549329 3.8 -0.344845067134
v 23.1639546204 3.1639546204 -0.836045379599
v 23.8 3.8 -0.279649708613
v 23.7207510523 3.8 -0.279248947691
v 24.4425218692 3.44252186922 -0.557478130778
v 24.8 3.77868149583 -0.2
v 24.8 3.63375328819 -0.366246711808
v 24.5832654059 3.8 -0.2
v 24.7790286261 3.77902862608 -0.2
v 25.2222390791 3.22223907909 -0.777760920912
v 25.8 3.66545086985 -0.2
v 25.8 3.32261476518 -0.677385234823
v 25.6699568979 3.66995689788 -0.2
v 26.1476824292 3.14768242923 -0.852317570768
v 26.8 3.545471857 -0.2
v 26.8 3.19516384932 -0.804836150684
v 26.5579656414 3.55796564145 -0.2
v 27.0874067215 3.08740672152 -0.912593278478
v 27.8 3.41980038784 -0.2
v 27.8 3.10488261649 -0.895117383512
v 27.4438813757 3.44388137572 -0.2
v 28.031613965 3.03161396502 -0.96838603498
v 28.8 3.28933393265 -0.2
v 28.8 3.02831788421 -0.971682115791
v 28.3283781537 3.32837815374 -0.2
v 29.1518887402 3.15188874018 -0.848111259822
v 29.8 3.48439485238 -0.2
v 29.8 3.36429430711 -0.635705692887
v 29.4374736395 3.43747363952 -0.2
v 30.723636427 3.72363642705 -0.27636357295
v 30.8 3.76079462793 -0.2
v 30.8 3.74730381521 -0.25269618479
v 30.7529453073 3.75294530729 -0.2
v 31.340245606 3.8 -0.659754393977
v 30.9417612197 3.8 -0.2
v 52.8 2.98625242489 -0.2
v 53.8 3.49002087468 -0.2
v 53.1276368305 3.12763683049 -0.2
v 54.7007082666 3.70070826665 -0.299291733351
v 54.8 3.61157420851 -0.388425791489
v 54.8 3.8 -0.257781206627
v 54.7503889949 3.8 -0.249611005073
v 54.5521567887 3.8 -0.2
v 55.2317099932 3.23170999323 -0.768290006766
v 55.8 3.8 -0.506141694129
v 55.5420066781 3.8 -0.457993321873
v 56.8 3.8 -0.756702768261
v 56.3387410198 3.8 -0.661258980244
v 57.8 3.8 -0.999112366037
v 57.1434181587 3.8 -0.856581841324
v 58.8 3.8 -1.15725439121
v 57.9792511976 3.8 -1.02074880245
v 58.8374852569 3.8 -1.16251474314
v 21.8 3.94858420635 -0.2
v 22.8 3.91048870538 -0.2
v 21.937311413 3.93731141302 -0.2
v 23.8 3.85264545879 -0.2
v 22.8983025636 3.8983025636 -0.2
v 23.8463174229 3.84631742292 -0.2
v 31.8 3.97271442648 -0.2
v 31.8 3.84570258875 -1.15429741125
v 31.8678107834 3.8678107834 -1.1321892166
v 32.8 4.18545127861 -0.2
v 32.8 4.1116085791 -0.888391420898
v 32.0407623325 4.04076233245 -0.2
v 33.2513615863 4.25136158634 -0.748638413657
v 33.8 4.41658340928 -0.2
v 33.8 4.38467648944 -0.615323510558
v 33.332694659 4.33269465897 -0.2
v 34.6270438711 4.62704387115 -0.372956128855
v 34.8 4.67123396969 -0.2
v 34.8 4.66579632036 -0.334203679637
v 34.6452590018 4.64525900181 -0.2
v 35.3188637844 4.8 -0.681136215642
v 35.2703666006 4.8 -0.2
v 54.8 4.02852776905 -0.2
v 55.8 4.7091076696 -0.2
v 55.4382180977 4.43821809771 -0.2
v 56.6185465655 4.6185465655 -0.381453434502
v 56.8 4.5546308626 -0.445369137404
v 56.8 4.8 -0.341861992577
v 56.6719316672 4.8 -0.328068332772
v 55.9659680503 4.8 -0.2
v 57.4089057766 4.40890577657 -0.591094223432
v 57.8 4.22801799214 -0.771982007863
v 57.8 4.8 -0.471969573141
v 57.5538329298 4.8 -0.446167070191
v 58.1902782969 4.19027829694 -0.809721703065
v 58.8 3.9157285901 -1.0842714099
v 58.8 4.8 -0.530873894227
v 58.4960275959 4.8 -0.503972404102
v 58.8974990052 3.8974990052 -1.1025009948
v 59.8 4.8 -0.616714294174
v 59.4253745296 4.8 -0.574625470428
v 60.8 4.8 -0.72903540148
v 60.3338293314 4.8 -0.666170668642
v 61.8 4.8 -0.867390324759
v 61.2227249463 4.8 -0.77727505368
v 62.8 4.8 -1.03134066696
v 62.0931895479 4.8 -0.906810452101
v 62.9461865753 4.8 -1.05381342471
v 65.8 4.8 -1.19808824442
v 66.8 4.8 -1.12080000876
v 65.8022025337 4.8 -1.19779746626
v 67.8 4.8 -1.04033239772
v 66.8910103757 4.8 -1.10898962432
v 68.8 4.8 -0.956500783812
v 67.9830359491 4.8 -1.01696405085
v 69.8 4.8 -0.829844580074
v 69.0983284143 4.8 -0.901671585676
v 70.8 4.8 -0.704657384359
v 70.2368777521 4.8 -0.763122247935
v 71.8 4.8 -0.541645189095
v 71.4111570609 4.8 -0.588842939054
v 72.8 4.8 -0.366120164456
v 72.6113049015 4.8 -0.388695098534
v 73.765650063 4.76565006303 -0.234349936974
v 73.8 4.78426700121 -0.2
v 73.8 4.75270391221 -0.247296087791
v 73.6841340181 4.8 -0.2
v 73.7866972284 4.78669722842 -0.2
v 74.4927026629 4.49270266291 -0.507297337094
v 74.8 4.65301973481 -0.2
v 74.8 4.38969690493 -0.610303095072
v 74.6750147841 4.67501478408 -0.2
v 75.2416062918 4.24160629183 -0.758393708171
v 75.8 4.52111734111 -0.2
v 75.8 4.07459446841 -0.92540553159
v 75.5615373043 4.56153730426 -0.2
v 76.1748833433 4.17488334331 -0.825116656695
v 76.6037853226 4.60378532263 -0.2
v 35.8 4.90741711302 -0.2
v 35.8 4.91824833184 -1.08175166816
v 35.9453057267 4.94530572673 -1.05469427327
v 36.8 5.05215975757 -0.2
v 36.8 5.1046815693 -0.895318430701
v 35.9323681794 4.93236817935 -0.2
v 37.1673277951 5.1673277951 -0.832672204897
v 37.8 5.1957774107 -0.2
v 37.8 5.27480419942 -0.725195800582
v 37.1088029385 5.10880293849 -0.2
v 38.3610134611 5.36101346114 -0.638986538856
v 38.8 5.33801109129 -0.2
v 38.8 5.42770828041 -0.572291719585
v 38.2807730089 5.28077300887 -0.2
v 39.5260197428 5.52601974281 -0.473980257186
v 39.8 5.47847694876 -0.2
v 39.8 5.56230561018 -0.437694389823
v 39.8 5.8 -1.06341764214
v 39.4466763976 5.44667639756 -0.2
v 40.6619351103 5.66193511034 -0.338064889663
v 40.8 5.61657781908 -0.2
v 40.8 5.67728592519 -0.322714074815
v 40.8 5.8 -0.554182912343
v 40.0354342588 5.8 -0.964565741198
v 40.6042191206 5.60421912061 -0.2
v 41.7682741431 5.76827414306 -0.231725856937
v 41.8 5.7513270793 -0.2
v 41.8 5.77106281522 -0.228937184777
v 41.8 5.8 -0.268573983281
v 41.6861606644 5.8 -0.313839335624
v 41.7500142508 5.75001425084 -0.2
v 42.2117226715 5.8 -0.2
v 44.7931244667 5.79312446673 -0.206875533268
v 44.8 5.7857756815 -0.2
v 44.8 5.79300271845 -0.206997281553
v 44.8 5.8 -0.213716281056
v 44.7866658423 5.8 -0.213334157675
v 44.428970081 5.8 -0.2
v 44.7863839304 5.78638393038 -0.2
v 45.7753281705 5.77532817053 -0.224671829467
v 45.8 5.74857347594 -0.2
v 45.8 5.77487985538 -0.225120144616
v 45.8 5.8 -0.248912754943
v 45.7524502241 5.8 -0.247549775884
v 45.7507516019 5.75075160193 -0.2
v 46.758181897 5.75818189701 -0.241818102985
v 46.8 5.7122181554 -0.2
v 46.8 5.75740682107 -0.242593178929
v 46.8 5.8 -0.282418803845
v 46.7198736647 5.8 -0.280126335297
v 46.7158975905 5.7158975905 -0.2
v 47.74159942 5.74159942 -0.258400580003
v 47.8 5.67659653036 -0.2
v 47.8 5.74050064943 -0.259499350573
v 47.8 5.8 -0.314461118809
v 47.688711556 5.8 -0.31128844397
v 47.6817121214 5.68171212143 -0.2
v 48.7255091268 5.72550912684 -0.274490873163
v 48.8 5.64161403461 -0.2
v 48.8 5.72409196247 -0.275908037527
v 48.8 5.8 -0.345227574513
v 48.6587785199 5.8 -0.341221480066
v 48.6481041095 5.64810410952 -0.2
v 49.720146528 5.72014652797 -0.279853472028
v 49.8 5.62698137386 -0.2
v 49.8 5.7185975434 -0.281402456602
v 49.8 5.8 -0.354775013141
v 49.6478173561 5.8 -0.352182643941
v 49.6341510682 5.63415106817 -0.2
v 50.7765613756 5.77656137557 -0.223438624426
v 50.8 5.74665476934 -0.2
v 50.8 5.77739618799 -0.222603812013
v 50.8 5.8 -0.238462689478
v 50.7527473036 5.8 -0.247252696363
v 50.7463734306 5.74637343061 -0.2
v 51.3482058251 5.8 -0.2
v 55.7676716699 5.76767166987 -0.232328330129
v 55.8 5.24712713172 -0.2
v 55.8 5.76511998428 -0.234880015716
v 55.8 5.8 -0.236643095025
v 55.7630052109 5.8 -0.236994789064
v 55.1326320717 5.8 -0.2
v 55.6280680179 5.62806801785 -0.2
v 56.6938290456 5.69382904565 -0.306170954351
v 56.8 5.68207488037 -0.317925119625
v 56.8 5.8 -0.312978040778
v 56.6888773321 5.8 -0.311122667911
v 55.9974736496 4.99747364956 -0.2
v 57.6901752667 5.69017526673 -0.309824733269
v 57.8 5.67631904713 -0.323680952871
v 57.8 5.8 -0.303988732084
v 57.6948230456 5.8 -0.305176954443
v 58.7257821249 5.72578212493 -0.274217875067
v 58.8 5.7167828155 -0.283217184495
v 58.8 5.8 -0.261466957043
v 58.7381547369 5.8 -0.261845263053
v 59.7374190323 5.73741903231 -0.262580967687
v 59.8 5.72625398628 -0.273746013724
v 59.8 5.8 -0.246996692345
v 59.7540459904 5.8 -0.245954009587
v 60.7106818603 5.71068186034 -0.289318139661
v 60.8 5.68797208445 -0.31202791555
v 60.8 5.8 -0.260128778385
v 60.7427303042 5.8 -0.257269695756
v 61.6312189983 5.63121899827 -0.368781001734
v 61.8 5.57020745597 -0.429792544028
v 61.8 5.8 -0.300419799888
v 61.7066459992 5.8 -0.2933540008
v 62.4757619259 5.47576192593 -0.52423807407
v 62.8 5.30478666347 -0.695213336531
v 62.8 5.8 -0.367432450768
v 62.6477999106 5.8 -0.352200089381
v 63.2040754242 5.2040754242 -0.795924575797
v 63.8 5.8 -0.460735819033
v 63.5678613882 5.8 -0.432138611815
v 64.8 5.8 -0.432007825433
v 64.5737722779 5.8 -0.426227722109
v 65.8 4.8134897012 -1.1865102988
v 65.8 5.8 -0.340491929887
v 65.6532993012 5.8 -0.346700698811
v 65.8433627901 4.84336279012 -1.15663720988
v 66.8 5.43849840306 -0.561501596938
v 66.8 5.8 -0.245057683113
v 66.7530075056 5.8 -0.246992494387
v 67.8 5.73938978405 -0.2
v 67.2676836532 5.8 -0.2
v 67.7474830741 5.74748307409 -0.2
v 68.8 5.62762238249 -0.2
v 68.6498800156 5.64988001556 -0.2
v 69.8 5.46741597245 -0.2
v 69.5260832152 5.52608321524 -0.2
v 70.8 5.32027771872 -0.2
v 70.3887649716 5.38876497161 -0.2
v 71.8 5.13991655204 -0.2
v 71.251934497 5.25193449703 -0.2
v 72.8 4.95914782548 -0.2
v 72.0969128504 5.0969128504 -0.2
v 72.9397750915 4.93977509148 -0.2
v 39.8 5.82662809835 -1.17337190165
v 39.8304873985 5.83048739852 -1.16951260148
v 40.8 5.95697621098 -1.04302378902
v 40.9770424602 5.97704246023 -1.02295753977
v 41.8 6.07292718043 -0.927072819566
v 42.1038007958 6.10380079575 -0.89619920425
v 42.8 5.84388864789 -0.2
v 42.8 6.17469936687 -0.825300633127
v 43.1668550776 6.16685507763 -0.833144922369
v 43.8 5.81272747683 -0.2
v 43.8 6.16008817084 -0.839911829157
v 42.8424991468 5.84249914683 -0.2
v 44.1620126073 6.16201260735 -0.837987392652
v 44.8 6.15542397942 -0.844576020577
v 43.8128327253 5.81283272528 -0.2
v 45.1571693245 6.15716932447 -0.842830675526
v 45.8 6.15038107821 -0.849618921787
v 46.1519635739 6.15196357386 -0.848036426145
v 46.8 6.14499261031 -0.855007389693
v 47.1464269454 6.14642694537 -0.853573054628
v 47.8 6.13928805732 -0.860711942683
v 48.1405875263 6.14058752627 -0.859412473727
v 48.8 6.13329372023 -0.866706279773
v 49.144525636 6.14452563596 -0.855474364039
v 49.8 6.1400336641 -0.859966335897
v 50.1746455374 6.17464553739 -0.825354462608
v 50.8 6.22620944234 -0.773790557656
v 51.2633027176 6.26330271755 -0.736697282448
v 51.8 5.82767064843 -0.2
v 51.8 6.30051496333 -0.699485036671
v 52.3363873143 6.33638731426 -0.663612685741
v 52.8 5.86490128346 -0.2
v 52.8 6.36201489473 -0.637985105271
v 52.8 6.8 -1.00991000149
v 51.8318122316 5.83181223164 -0.2
v 53.3933112445 6.3933112445 -0.606688755503
v 53.8 5.87189358993 -0.2
v 53.8 6.4096563846 -0.5903436154
v 53.8 6.8 -0.862716465264
v 53.0106356756 6.8 -0.989364324404
v 52.8731379612 5.87313796124 -0.2
v 54.4334638423 6.43346384233 -0.56653615767
v 54.8 5.83323203435 -0.2
v 54.8 6.44224973505 -0.557750264946
v 54.8 6.8 -0.758996642797
v 54.1602715705 6.8 -0.839728429479
v 53.878948398 5.87894839803 -0.2
v 55.4562113072 6.45621130719 -0.543788692806
v 55.8 6.45844512843 -0.541554871567
v 55.8 6.8 -0.692151534923
v 55.2561684508 6.8 -0.743831549151
v 54.8352592798 5.83525927983 -0.2
v 56.4608961957 6.4608961957 -0.539103804297
v 56.8 6.45670443213 -0.543295567872
v 56.8 6.8 -0.656890486137
v 56.3105769499 6.8 -0.689423050094
v 57.55236275 6.55236274997 -0.447637250034
v 57.8 6.55471923698 -0.445280763022
v 57.8 6.8 -0.494406281425
v 57.4537306823 6.8 -0.546269317723
v 58.663642716 6.66364271603 -0.336357283975
v 58.8 6.66441093641 -0.335589063589
v 58.8 6.8 -0.348837186148
v 58.6314610015 6.8 -0.368538998511
v 59.7682868854 6.76828688543 -0.231713114573
v 59.8 6.76755633612 -0.232443663878
v 59.8 6.8 -0.232307725865
v 59.7647746645 6.8 -0.235225335457
v 60.8 6.32224602165 -0.2
v 60.1763154439 6.8 -0.2
v 60.2701630799 6.27016307988 -0.2
v 61.8 6.26812743679 -0.2
v 61.1535286601 6.15352866007 -0.2
v 62.8 6.33465259102 -0.2
v 62.2167116267 6.21671162675 -0.2
v 63.8 6.43429571477 -0.2
v 63.3356967737 6.33569677374 -0.2
v 64.8 6.29557824574 -0.2
v 64.3423732175 6.34237321754 -0.2
v 65.8 6.0892260575 -0.2
v 65.2169179747 6.21691797474 -0.2
v 66.8 5.8894287529 -0.2
v 66.0456024751 6.04560247509 -0.2
v 66.876607338 5.87660733803 -0.2
v 52.8 6.88148950369 -1.11851049631
v 52.8887020504 6.88870205035 -1.11129794965
v 53.8 6.95657811961 -1.04342188039
v 53.96848683 6.96848682999 -1.03151317001
v 54.8 7.02109529816 -0.978904701838
v 55.0350517329 7.0350517329 -0.964948267098
v 55.8 7.07431703307 -0.925682966926
v 56.0968248076 7.09682480762 -0.903175192379
v 56.8 7.12477554878 -0.875224451219
v 57.2004568593 7.20045685927 -0.799543140727
v 57.8 7.25885285968 -0.741147140318
v 57.8 7.8 -1.04047017215
v 58.3565831604 7.35658316035 -0.64341683965
v 58.8 7.39267614154 -0.607323858459
v 58.8 7.8 -0.790843979511
v 58.0193492595 7.8 -0.980650740495
v 59.5066183792 7.50661837919 -0.493381620813
v 59.8 7.52481947449 -0.475180525509
v 59.8 7.8 -0.571085163402
v 59.3340774787 7.8 -0.665922521314
v 60.6488296326 7.64882963255 -0.35117036745
v 60.8 7.03704668712 -0.2
v 60.8 7.65502067377 -0.344979326233
v 60.8 7.8 -0.380797206269
v 60.5832182009 7.8 -0.416781799076
v 61.7826107874 7.78261078737 -0.217389212629
v 61.8 7.65612801555 -0.2
v 61.8 7.78291704613 -0.217082953874
v 61.8 7.8 -0.219580489507
v 61.7774846265 7.8 -0.222515373477
v 61.5485490566 7.54854905663 -0.2
v 61.9523297293 7.8 -0.2
v 57.8 7.88478792292 -1.11521207708
v 57.9080095763 7.90800957629 -1.09199042371
v 58.8 8.02983761606 -0.970162383942
v 59.0882425526 8.08824255256 -0.911757447445
v 59.8 8.1745157797 -0.825484220297
v 60.2623496629 8.26234966288 -0.737650337121
v 60.8 8.31887819304 -0.681121806965
v 60.8 8.8 -0.96656305011
v 61.4304051222 8.43040512216 -0.56959487784
v 61.8 8.46298342456 -0.537016575444
v 61.8 8.8 -0.702972342727
v 61.1250634186 8.8 -0.87493658144
v 62.5923696436 8.59236964364 -0.407630356361
v 62.8 8.09781299734 -0.2
v 62.8 8.60689511491 -0.393104885091
v 62.8 8.8 -0.468817225696
v 62.4571819888 8.8 -0.542818011186
v 63.7480768078 8.74807680781 -0.251923192191
v 63.8 8.58155647722 -0.2
v 63.8 8.75068508756 -0.249314912445
v 63.8 8.8 -0.263728328387
v 63.7223949889 8.8 -0.277605011137
v 63.4495304232 8.44953042324 -0.2
v 64.3491461282 8.8 -0.2
v 60.8 8.92179175698 -1.07820824302
v 60.9550695647 8.95506956466 -1.04493043534
v 61.8 9.07355271916 -0.926447280841
v 62.1431577386 9.14315773861 -0.856842261388
v 62.8 9.22570828145 -0.774291718549
v 62.8 9.8 -1.19467195685
v 63.3120263098 9.3120263098 -0.687973690199
v 63.8 9.36464845677 -0.635351543233
v 63.8 9.8 -0.927352890924
v 62.8075252967 9.8 -1.19247470325
v 64.4237715718 9.42377157176 -0.576228428241
v 64.8 8.88479511271 -0.2
v 64.8 9.43979243932 -0.560207560683
v 64.8 9.8 -0.795005685655
v 64.1239462044 9.8 -0.876053795597
v 65.5245237291 9.52452372908 -0.475476270918
v 65.8 9.12200397083 -0.2
v 65.8 9.53807148374 -0.461928516259
v 65.8 9.8 -0.627567645697
v 65.3019629148 9.8 -0.698037085242
v 64.9206424448 8.92064244482 -0.2
v 66.6330778774 9.6330778774 -0.366922122602
v 66.8 9.38054739575 -0.2
v 66.8 9.64095202143 -0.359047978569
v 66.8 9.8 -0.456647628582
v 66.5033731845 9.8 -0.496626815526
v 66.2568707355 9.2568707355 -0.2
v 67.7462977478 9.74629774781 -0.253702252188
v 67.8 9.66221643767 -0.2
v 67.8 9.7487289135 -0.251271086501
v 67.8 9.8 -0.281805197099
v 67.7061272631 9.8 -0.293872736928
v 67.6218298709 9.62182987091 -0.2
v 68.271343075 9.8 -0.2
v 62.8 9.80259960689 -1.19740039311
v 62.8030743286 9.80307432859 -1.19692567141
v 63.8 9.93228646705 -1.06771353295
v 63.9502480943 9.95024809426 -1.04975190574
v 64.8 10.0007426429 -0.999257357074
v 65.0321665286 10.0321665286 -0.967833471397
v 65.8 10.086552394 -0.913447606016
v 66.1299997145 10.1299997145 -0.870000285513
v 66.8 10.1756313023 -0.824368697718
v 67.2308691364 10.2308691364 -0.769130863552
v 67.8 10.268173851 -0.731826148981
v 68.3350296772 10.3350296772 -0.66497032283
v 68.8 9.90312573569 -0.2
v 68.8 10.3643851974 -0.635614802553
v 68.8 10.8 -1.04797923025
v 69.4572580478 10.4572580478 -0.542741952222
v 69.8 10.141463004 -0.2
v 69.8 10.4808927403 -0.519107259739
v 69.8 10.8 -0.819108798644
v 69.0097026423 10.8 -0.990297357656
v 68.9454370962 9.94543709617 -0.2
v 70.5785289475 10.5785289475 -0.421471052509
v 70.8 10.3711345419 -0.2
v 70.8 10.5922749433 -0.407725056726
v 70.8 10.8 -0.603930794428
v 70.3033673306 10.8 -0.696632669365
v 70.2606951161 10.2606951161 -0.2
v 71.7133809333 10.7133809333 -0.286619066689
v 71.8 10.6334495552 -0.2
v 71.8 10.7189251276 -0.281074872384
v 71.8 10.8 -0.35840382283
v 71.603142677 10.8 -0.396857323029
v 71.5864102528 10.5864102528 -0.2
v 72.4224811187 10.8 -0.2
v 68.8 10.865780976 -1.13421902405
v 68.8782173039 10.8782173039 -1.12178269606
v 69.8 10.9643973116 -1.03560268843
v 69.991853079 10.991853079 -1.00814692096
v 70.8 11.056856744 -0.943143256006
v 71.1014877291 11.1014877291 -0.898512270932
v 71.8 11.1598249701 -0.840175029906
v 72.220915928 11.220915928 -0.779084072014
v 72.8 10.8766145356 -0.2
v 72.8 11.2677808601 -0.732219139891
v 73.3454758359 11.3454758359 -0.65452416415
v 73.8 11.0789272197 -0.2
v 73.8 11.3811399986 -0.618860001365
v 72.9017621073 10.9017621073 -0.2
v 74.4756773829 11.4756773829 -0.524322617105
v 74.8 11.2886627107 -0.2
v 74.8 11.5003618775 -0.499638122466
v 74.8 11.8 -0.925785985463
v 74.1674278821 11.1674278821 -0.2
v 75.612076801 11.612076801 -0.387923199046
v 75.8 11.5058668281 -0.2
v 75.8 11.625956253 -0.374043746972
v 75.8 11.8 -0.627506453983
v 75.2112485248 11.8 -0.788751475153
v 75.4385746219 11.4385746219 -0.2
v 74.8 11.8965255533 -1.10347444674
v 74.9141671998 11.9141671998 -1.08583280024
v 75.8 11.9981295949 -1.00187040508
v 75.9797512271 11.9797512271 -1.02024877288
v 6.8 -1.4070697573 0.8
v 6.8 -1.30895127193 0.691048728067
v 6.8 -1.2 0.570068674087
v 7.67402992282 -1.32597007718 0.674029922822
v 7.8 -1.44898918508 0.8
v 7.8 -1.33231235851 0.667687641489
v 7.8 -1.2 0.517798997541
v 7.53967322902 -1.2 0.539673229025
v 7.56463324789 -1.43536675211 0.8
v 8.66416955124 -1.33583044876 0.66416955124
v 8.8 -1.46402287157 0.8
v 8.8 -1.34197948617 0.658020513826
v 8.8 -1.2 0.49301484587
v 8.51162005247 -1.2 0.511620052467
v 8.54530102921 -1.45469897079 0.8
v 9.65488118288 -1.34511881712 0.654881182877
v 9.8 -1.47841526854 0.8
v 9.8 -1.35153587162 0.648464128379
v 9.8 -1.2 0.467659895517
v 9.48755562137 -1.2 0.48755562137
v 9.53098534238 -1.46901465762 0.8
v 10.6456904117 -1.35430958831 0.645690411695
v 10.8 -1.49216871567 0.8
v 10.8 -1.36097622751 0.639023772494
v 10.8 -1.2 0.44169612583
v 10.4628916289 -1.2 0.462891628936
v 10.5172625159 -1.48273748412 0.8
v 11.6504834323 -1.34951656765 0.650483432348
v 11.8 -1.46575664354 0.8
v 11.8 -1.35182977634 0.648170223656
v 11.8 -1.2 0.443893677609
v 11.4615364803 -1.2 0.461536480254
v 11.5255756523 -1.47442434765 0.8
v 12.6640041954 -1.33599580461 0.664004195388
v 12.8 -1.43187304367 0.8
v 12.8 -1.33875799275 0.661242007254
v 12.8 -1.2 0.452629137155
v 12.4728132093 -1.2 0.472813209259
v 12.5585766365 -1.44142336348 0.8
v 13.680671547 -1.319328453 0.680671547002
v 13.8 -1.39387199574 0.8
v 13.8 -1.32126918502 0.678730814977
v 13.8 -1.2 0.474493018883
v 13.4907817961 -1.2 0.490781796134
v 13.5975296866 -1.40247031341 0.8
v 14.7018594951 -1.29814050489 0.701859495111
v 14.8 -1.35223636157 0.8
v 14.8 -1.29935399523 0.700646004774
v 14.8 -1.2 0.512533712178
v 14.5243554622 -1.2 0.524355462198
v 14.6405916868 -1.35940831325 0.8
v 15.7276339886 -1.27236601139 0.727633988613
v 15.8 -1.30736370952 0.8
v 15.8 -1.27298830938 0.72701169062
v 15.8 -1.2 0.570910395841
v 15.5780258884 -1.2 0.578025888415
v 15.6873191212 -1.31268087883 0.8
v 16.775450607 -1.22454939295 0.775450607046
v 16.8 -1.23392517068 0.8
v 16.8 -1.22390941077 0.776090589232
v 16.8 -1.2 0.717986349346
v 16.713251996 -1.2 0.713251996014
v 16.7629774386 -1.23702256143 0.8
v 17.1582136476 -1.2 0.8
v 6.8 -0.672607867534 0.327392132466
v 6.8 -0.2 0.109924264108
v 7.31244502151 -0.687554978493 0.312445021507
v 7.8 -0.71522291697 0.28477708303
v 7.8 -0.2 0.0361124285565
v 7.09726385063 -0.2 0.0972638506315
v 8.28059956411 -0.719400435888 0.280599564112
v 8.8 -0.741567326255 0.258432673745
v 8.8 -0.2 -0.0197293597315
v 8.03310824162 -0.2 0.0331082416211
v 9.25507855221 -0.744921447792 0.255078552208
v 9.8 -0.767404126626 0.232595873374
v 9.8 -0.2 -0.0767892095711
v 8.97828172043 -0.2 -0.0217182795688
v 10.2299581344 -0.770041865633 0.229958134367
v 10.8 -0.792786238889 0.207213761111
v 10.8 -0.2 -0.135221804862
v 9.9220537211 -0.2 -0.0779462789033
v 11.2052702474 -0.794729752632 0.205270247368
v 11.8 -0.813345655683 0.186654344317
v 10.8642917714 -0.2 -0.13570822864
v 12.1867053383 -0.813294661711 0.186705338289
v 12.8 -0.834484219057 0.165515780943
v 13.1682223744 -0.831777625578 0.168222374422
v 13.8 -0.849091873786 0.150908126214
v 14.1559473838 -0.84405261624 0.15594738376
v 14.8 -0.85733623771 0.14266376229
v 15.1498728147 -0.850127185298 0.149872814702
v 15.8 -0.859336404152 0.140663595848
v 16.1549331035 -0.845066896459 0.154933103541
v 16.8 -0.830912239393 0.169087760607
v 17.1906643164 -0.809335683586 0.190664316414
v 17.8 -1.106928162 0.8
v 17.8 -0.784003383165 0.215996616835
v 18.2445054781 -0.755494521919 0.244505478081
v 18.8 -0.966429617201 0.8
v 18.8 -0.727715181433 0.272284818567
v 17.9033672371 -1.09663276292 0.8
v 19.3091748878 -0.690825112215 0.309174887785
v 19.8 -0.831763606101 0.8
v 19.8 -0.662395703092 0.337604296908
v 19.0610378538 -0.938962146213 0.8
v 20.384504476 -0.615495524025 0.384504475975
v 20.8 -0.701588436725 0.8
v 20.8 -0.588334990568 0.411665009432
v 20.2135765933 -0.786423406733 0.8
v 21.4703603853 -0.529639614661 0.470360385339
v 21.8 -0.574925461561 0.8
v 21.8 -0.505774253686 0.494225746314
v 21.3619661164 -0.638033883648 0.8
v 22.501110616 -0.498889383987 0.501110616013
v 22.8 -0.560582695129 0.8
v 22.8 -0.521213194967 0.478786805033
v 22.4326926263 -0.567307373735 0.8
v 23.4739363648 -0.526063635195 0.473936364805
v 23.8 -0.56826860618 0.8
v 23.8 -0.553786427714 0.446213572286
v 23.4342926637 -0.565707336258 0.8
v 24.449190726 -0.550809273952 0.449190726048
v 24.8 -0.563317767279 0.8
v 24.8 -0.580692544548 0.419307455452
v 24.4347615366 -0.565238463413 0.8
v 25.4317905587 -0.568209441287 0.431790558713
v 25.8 -0.544516176382 0.8
v 25.8 -0.599519205083 0.400480794917
v 25.4489185832 -0.551081416804 0.8
v 26.4253677895 -0.574632210537 0.425367789463
v 26.8 -0.510473073407 0.8
v 26.8 -0.606248799601 0.393751200399
v 26.4787774057 -0.521222594298 0.8
v 27.43649795 -0.563502049998 0.436497950002
v 27.8 -0.459585920506 0.8
v 27.8 -0.593654968719 0.406345031281
v 27.5268323693 -0.473167630683 0.8
v 28.4784499907 -0.521550009327 0.478449990673
v 28.8 -0.38999653333 0.8
v 28.8 -0.54729686626 0.45270313374
v 28.5962152326 -0.403784767392 0.8
v 29.6685226555 -0.331477344456 0.668522655544
v 29.8 -0.252166422515 0.8
v 29.8 -0.301035801787 0.698964198213
v 29.7374413307 -0.262558669259 0.8
v 30.8 -0.2 0.634582089198
v 30.6658163664 -0.2 0.665816366449
v 30.1865323863 -0.2 0.8
v 31.8 -0.2 0.372869427526
v 31.4542421436 -0.2 0.454242143626
v 32.8 -0.2 0.120794512367
v 32.2507120954 -0.2 0.250712095359
v 33.8 -0.2 -0.12335257149
v 33.0533415012 -0.2 0.0533415011654
v 33.8607636604 -0.2 -0.139236339596
v 6.8 0.182677509688 0.182677509688
v 6.8 0.8 0.30004059898
v 7.15109590082 0.151095900817 0.151095900817
v 7.8 0.0833353789204 0.0833353789204
v 7.8 0.8 0.200883144533
v 7.26608610321 0.8 0.266086103209
v 8.06653984005 0.066539840051 0.066539840051
v 8.8 0.00818152580764 0.00818152580764
v 8.8 0.8 0.112236284025
v 8.18082227624 0.8 0.180822276237
v 8.99708239678 -0.00291760322174 -0.00291760322174
v 9.8 -0.0628265572221 -0.0628265572221
v 9.8 0.8 0.0226977391497
v 9.09767508361 0.8 0.0976750836143
v 9.93059568897 -0.0694043110252 -0.0694043110252
v 10.8 -0.130370374115 -0.130370374115
v 10.8 0.8 -0.0680375709048
v 10.0130314683 0.8 0.0130314682747
v 10.8641294464 -0.135870553606 -0.135870553606
v 10.9221850992 0.8 -0.0778149007719
v 30.8 -0.0529824119438 0.8
v 31.8 0.157598674437 0.8
v 30.9727131889 -0.0272868110522 0.8
v 32.8 0.341938121284 0.8
v 32.219892558 0.219892558009 0.8
v 33.8 0.508205701692 0.8
v 33.4355123622 0.435512362174 0.8
v 34.8 0.661493638033 0.8
v 34.8 0.262937903191 0.262937903191
v 34.6289879051 0.628987905055 0.8
v 35.8 0.8 0.792851223649
v 35.7939123645 0.8 0.793912364479
v 35.76260561 0.8 0.8
v 36.8 0.8 0.566422143953
v 36.6093889789 0.8 0.609388978924
v 37.8 0.8 0.128405812824
v 37.3027382413 0.8 0.302738241325
v 38.0159080781 0.8 0.0159080780762
v 6.8 1.39492269968 0.8
v 7.8 1.53812034078 0.8
v 7.51098961471 1.51098961471 0.8
v 8.8 1.68458472952 0.8
v 8.67569817191 1.67569817191 0.8
v 9.70970226651 1.70970226651 0.709702266514
v 9.8 1.67195820024 0.671958200237
v 9.8 1.8 0.767143969815
v 9.77222582838 1.8 0.772225828383
v 9.5432841347 1.8 0.8
v 10.4021778336 1.40217783364 0.402177833641
v 10.8 1.25948361814 0.259483618141
v 10.8 1.8 0.642768781273
v 10.6674243727 1.8 0.667424372728
v 11.0747396177 1.07473961767 0.0747396176685
v 11.8 1.8 0.40960116166
v 11.5048892333 1.8 0.504889233306
v 12.8 1.8 0.160950029752
v 12.3142028593 1.8 0.314202859316
v 13.8 1.8 -0.106220062706
v 13.1074628025 1.8 0.107462802468
v 13.8806858153 1.8 -0.11931418471
v 35.8 0.809720628068 0.8
v 36.8 1.09852062205 0.8
v 35.8128440507 0.812844050685 0.8
v 37.8 1.59025655934 0.8
v 37.3372329456 1.33723294561 0.8
v 38.4373127034 1.43731270342 0.437312703424
v 38.8 1.8 0.636336016666
v 38.6659412891 1.8 0.665941289102
v 38.2881649679 1.8 0.8
v 39.8 1.8 0.312908579413
v 39.4089180521 1.8 0.408918052095
v 40.8 1.8 -0.00058730920224
v 40.1687328794 1.8 0.168732879397
v 40.9416530565 1.8 -0.0583469435484
v 9.8 1.82366416607 0.8
v 10.8 1.91684875746 0.8
v 9.82856886096 1.82856886096 0.8
v 11.8 2.09246009453 0.8
v 10.9555456947 1.95554569466 0.8
v 12.8 2.28185542027 0.8
v 12.1866491307 2.18664913073 0.8
v 13.8 2.48661613652 0.8
v 13.4326452483 2.43264524828 0.8
v 14.8 2.70992048759 0.8
v 14.8 2.42481648501 0.424816485007
v 14.6954752355 2.6954752355 0.8
v 15.8 2.8 0.5704029952
v 15.6476304724 2.8 0.647630472442
v 15.1751497618 2.8 0.8
v 16.8 2.8 0.126898785022
v 16.366002332 2.8 0.366002331979
v 17.0419327334 2.8 0.0419327333753
v 38.8 2.2152030221 0.8
v 39.7867214885 2.78672148851 0.786721488514
v 39.8 2.78048989856 0.78048989856
v 39.8 2.8 0.790038453086
v 39.7911205758 2.8 0.79112057582
v 39.7534483532 2.8 0.8
v 40.4507339489 2.45073394894 0.450733948938
v 40.8 2.24274090773 0.242740907729
v 40.8 2.8 0.554777999724
v 40.5865339938 2.8 0.586533993816
v 41.070545586 2.07054558597 0.0705455859742
v 41.8 2.8 0.318429335686
v 41.3896331437 2.8 0.389633143743
v 42.8 2.8 0.0805570142995
v 42.1987482116 2.8 0.198748211629
v 43.8 2.8 -0.0240099219499
v 43.0410900237 2.8 0.0410900237075
v 44.8 2.8 0.0158373088102
v 43.986513641 2.8 -0.0134863589558
v 45.8 2.8 0.0520340968682
v 45.027596727 2.8 0.0275967269631
v 46.8 2.8 0.0849081647901
v 46.064562571 2.8 0.0645625710333
v 47.8 2.8 0.114750163284
v 47.0978451415 2.8 0.0978451414977
v 48.8 2.8 0.141818660756
v 48.1278182398 2.8 0.127818239824
v 49.8 2.8 0.166344362112
v 49.1548057254 2.8 0.154805725367
v 50.8 2.8 0.101028988238
v 50.145620914 2.8 0.14562091399
v 51.8 2.8 -0.0741816801338
v 51.0466509301 2.8 0.046650930056
v 51.9018745196 2.8 -0.0981254804209
v 15.8 2.90457479036 0.8
v 16.8 3.09862706822 0.8
v 15.941988272 2.94198827201 0.8
v 17.8 3.30633981133 0.8
v 17.8 2.93512415587 -0.0648758441339
v 17.202632882 3.20263288205 0.8
v 18.0427409334 3.04274093343 0.042740933432
v 18.8 3.53055539715 0.8
v 18.8 3.34232529659 0.342325296594
v 18.4778790697 3.47787906967 0.8
v 19.7364408112 3.73644081115 0.736440811151
v 19.8 3.77558520599 0.8
v 19.8 3.76004387126 0.760043871255
v 19.7711914015 3.77119140148 0.8
v 20.8 3.8 0.0819064252954
v 20.4459702224 3.8 0.445970222432
v 19.9007093141 3.8 0.8
v 20.9670346637 3.8 -0.0329653362952
v 24.7663233593 3.76632335934 0.76632335934
v 24.8 3.76484128879 0.8
v 24.8 3.76577327644 0.765773276445
v 24.4895656838 3.8 0.489565683835
v 24.6340000568 3.8 0.8
v 24.7688813132 3.76888131321 0.8
v 25.5793138347 3.57931383473 0.579313834733
v 25.8 3.54166056769 0.8
v 25.8 3.57248838588 0.572488385883
v 25.5744901385 3.5744901385 0.8
v 26.4285060422 3.42850604223 0.428506042231
v 26.8 3.3225436458 0.8
v 26.8 3.412743856 0.412743856002
v 26.3885597615 3.3885597615 0.8
v 27.3013671231 3.30136712308 0.301367123079
v 27.8 3.1072327339 0.8
v 27.8 3.27549937466 0.275499374658
v 27.21019571 3.21019571005 0.8
v 28.1905820926 3.19058209258 0.190582092584
v 28.8 2.89552689439 0.8
v 28.8 3.15407570528 0.154075705284
v 28.0386902566 3.03869025657 0.8
v 29.1890888562 3.18908885624 0.189088856239
v 29.8 2.93616332748 0.8
v 29.8 3.23991269262 0.239912692619
v 28.9092994458 2.90929944577 0.8
v 30.330325014 3.33032501396 0.330325013955
v 30.8 3.10286042271 0.8
v 30.8 3.37740974599 0.377409745991
v 29.9847391792 2.98473917917 0.8
v 31.4841022578 3.4841022578 0.484102257795
v 31.8 3.28466110643 0.8
v 31.8 3.51088194176 0.510881941763
v 31.8 3.8 0.148527105718
v 31.2077743296 3.20777432962 0.8
v 32.6279837274 3.62798372743 0.627983727429
v 32.8 3.48766671261 0.8
v 32.8 3.63988513549 0.639885135487
v 32.8 3.8 0.47441993306
v 32.3115512882 3.8 0.311551288222
v 32.4480225372 3.44802253723 0.8
v 33.7618822843 3.76188228435 0.761882284346
v 33.8 3.72168305534 0.8
v 33.8 3.76391839575 0.763918395755
v 33.8 3.8 0.733590004548
v 33.7088011311 3.8 0.708801131087
v 33.7137315357 3.71373153574 0.8
v 34.1218748504 3.8 0.8
v 39.8 3.46159479552 0.8
v 40.6744936981 3.6744936981 0.674493698103
v 40.8 3.6533837267 0.653383726705
v 40.8 3.8 0.673137667994
v 40.6785847128 3.8 0.678584712763
v 39.8346186194 3.8 0.8
v 41.5140868933 3.5140868933 0.514086893296
v 41.8 3.4517223096 0.451722309602
v 41.8 3.8 0.528756170743
v 41.5470455899 3.8 0.547045589901
v 42.3229189942 3.3229189942 0.322918994199
v 42.8 3.191913396 0.191913396003
v 42.8 3.8 0.373530869698
v 42.4114574951 3.8 0.411457495116
v 43.1411281051 3.14112810509 0.141128105088
v 43.8 3.05820611939 0.0582061193891
v 43.8 3.8 0.294251953917
v 43.319309682 3.8 0.319309681959
v 44.0656945646 3.06569456461 0.0656945646097
v 44.8 3.10283278915 0.102832789146
v 44.8 3.8 0.303041225933
v 44.303935511 3.8 0.303935511011
v 45.1103011119 3.11030111194 0.110301111937
v 45.8 3.1397129886 0.1397129886
v 45.8 3.8 0.310133410965
v 45.3118221914 3.8 0.311822191417
v 46.146865511 3.14686551104 0.146865511036
v 46.8 3.17035309469 0.170353094691
v 46.8 3.8 0.315684061184
v 46.3180588304 3.8 0.31805883039
v 47.1770283704 3.17702837039 0.17702837039
v 47.8 3.19589366934 0.195893669342
v 47.8 3.8 0.319830754519
v 47.3228038256 3.8 0.322803825574
v 48.2020117197 3.20201171975 0.202011719746
v 48.8 3.21721405131 0.217214051314
v 48.8 3.8 0.32269556934
v 48.3261958172 3.8 0.326195817151
v 49.2227445878 3.22274458784 0.222744587836
v 49.8 3.2350030154 0.235003015396
v 49.8 3.8 0.324387167296
v 49.3283566953 3.8 0.328356695289
v 50.2116110893 3.21161108933 0.211611089334
v 50.8 3.16323107688 0.163231076884
v 50.8 3.8 0.278894036255
v 50.300446092 3.8 0.300446092026
v 51.1082752674 3.10827526741 0.108275267412
v 51.8 2.96381808 -0.0361819199984
v 51.8 3.8 0.165669426466
v 51.2179240039 3.8 0.217924003891
v 51.9350116217 2.93501162175 -0.0649883782523
v 52.8 3.8 0.0418110000232
v 52.1147282158 3.8 0.114728215815
v 53.8 3.8 -0.0917105155913
v 53.0054327314 3.8 0.00543273140212
v 53.8908738292 3.8 -0.109126170769
v 20.8 3.95715956299 0.8
v 21.8 4.13594445932 0.8
v 21.8 3.98292100266 -0.0170789973418
v 21.0053500012 4.0053500012 0.8
v 21.9619817342 3.96198173425 -0.0380182657533
v 22.8 4.06023561132 0.8
v 22.8 3.93107206804 -0.0689279319594
v 22.1040057332 4.10400573315 0.8
v 22.9060010601 3.90600106011 -0.093998939892
v 23.8 3.92026071427 0.8
v 23.8 3.85699435733 -0.143005642674
v 23.0166176729 4.01661767293 0.8
v 23.8463769282 3.84637692824 -0.153623071757
v 23.8990959679 3.89909596793 0.8
v 31.8 3.91493795824 -0.0850620417618
v 31.9404090091 3.94040900914 -0.0595909908611
v 32.8 4.04418585819 0.0441858581874
v 33.0937698252 4.09376982521 0.0937698252091
v 33.8 4.1698084481 0.169808448101
v 34.2383181418 4.23831814179 0.23831814179
v 34.8 3.90470453622 0.8
v 34.8 4.29150895861 0.291508958608
v 35.3805194814 4.38051948141 0.380519481409
v 35.8 4.07595250027 0.8
v 35.8 4.41607840445 0.416078404454
v 35.8 4.8 -0.0128041173056
v 34.9434240156 3.94342401559 0.8
v 36.4480288158 4.44802881579 0.448028815788
v 36.8 4.11534001397 0.8
v 36.8 4.46728573207 0.467285732072
v 36.8 4.8 0.168692302109
v 36.0090130797 4.8 0.00901307969533
v 36.1042420396 4.10424203964 0.8
v 37.4886160954 4.48861609542 0.488616095422
v 37.8 4.09574086352 0.8
v 37.8 4.49868652845 0.498686528451
v 37.8 4.8 0.285634721222
v 37.1917152665 4.8 0.191715266482
v 37.1368088289 4.13680882893 0.8
v 38.5067922087 4.50679220867 0.506792208673
v 38.8 4.01047561887 0.8
v 38.8 4.5102691263 0.510269126296
v 38.8 4.8 0.352459084623
v 38.2953319388 4.8 0.29533193881
v 38.1038864622 4.10388646216 0.8
v 39.5035506324 4.50355063236 0.50355063236
v 39.8 3.81145808132 0.8
v 39.8 4.50050238729 0.500502387287
v 39.8 4.8 0.379446820674
v 39.34442835 4.8 0.34442835002
v 39.0051374502 4.00513745017 0.8
v 40.478603887 4.47860388697 0.478603886966
v 40.8 4.46757964954 0.467579649542
v 40.8 4.8 0.37410778716
v 40.3543283786 4.8 0.354328378616
v 39.8103551324 3.81035513237 0.8
v 41.4316278441 4.43162784415 0.431627844149
v 41.8 4.40935713189 0.409357131891
v 41.8 4.8 0.342044269717
v 41.3350870077 4.8 0.335087007744
v 42.3622597969 4.36225979695 0.362259796947
v 42.8 4.32327499889 0.323274998893
v 42.8 4.8 0.287509742243
v 42.2935760592 4.8 0.293576059229
v 43.29326968 4.29326967999 0.293269679995
v 43.8 4.26824448426 0.268244484263
v 43.8 4.8 0.239542166857
v 43.2575867544 4.8 0.257586754427
v 44.2690776214 4.26907762144 0.269077621439
v 44.8 4.26818681269 0.268186812688
v 44.8 4.8 0.22947489597
v 44.2403665271 4.8 0.240366527102
v 45.2687840801 4.26878408009 0.268784080087
v 45.8 4.26710143055 0.267101430548
v 45.8 4.8 0.218930315501
v 45.2300627147 4.8 0.230062714678
v 46.2674943189 4.26749431887 0.267494318867
v 46.8 4.26512763602 0.265127636021
v 46.8 4.8 0.207953336032
v 46.2193145677 4.8 0.219314567728
v 47.2653437215 4.26534372149 0.265343721492
v 47.8 4.26238079536 0.262380795359
v 47.8 4.8 0.196583556022
v 47.2081631292 4.8 0.208163129159
v 48.262444214 4.26244421398 0.262444213976
v 48.8 4.2589572548 0.258957254796
v 48.8 4.8 0.18485600945
v 48.1966446082 4.8 0.196644608224
v 49.2642568652 4.26425686515 0.264256865154
v 49.8 4.26029892055 0.260298920554
v 49.8 4.8 0.177865730949
v 49.1899166158 4.8 0.189916615798
v 50.2498351735 4.24983517351 0.249835173507
v 50.8 4.2285927271 0.228592727104
v 50.8 4.8 0.16929159704
v 50.1679981589 4.8 0.167998158923
v 51.2006603007 4.20066030072 0.200660300721
v 51.8 4.14926905407 0.149269054067
v 51.8 4.8 0.126827810752
v 51.142904682 4.8 0.142904682011
v 52.1201351648 4.12013516484 0.120135164837
v 52.8 4.04641570604 0.0464157060379
v 52.8 4.8 0.0691393350057
v 52.098706565 4.8 0.0987065649638
v 53.0212151068 4.02121510676 0.0212151067604
v 53.8 3.91771446907 -0.0822855309294
v 53.8 4.8 -0.00232713310944
v 53.0423622214 4.8 0.0423622213683
v 53.903382123 3.903382123 -0.0966178769972
v 54.8 4.8 -0.086321275196
v 53.9755421458 4.8 -0.0244578541991
v 55.8 4.8 -0.181757760027
v 54.899631715 4.8 -0.100368284998
v 55.815789846 4.8 -0.184210153973
v 73.8 4.8 -0.186486445791
v 74.8 4.8 -0.0712364659417
v 73.8162700198 4.8 -0.183729980234
v 75.8 4.8 0.0494956409781
v 74.9546400836 4.8 -0.0453599164229
v 76.0326188278 4.8 0.0326188277875
v 35.8 4.86778598341 -0.132214016594
v 35.873044053 4.87304405295 -0.126955947046
v 36.8 4.94832620207 -0.0516737979342
v 36.9581129605 4.95811296047 -0.0418870395305
v 37.8 5.01590271385 0.0159027138534
v 38.0270219472 5.02702194716 0.0270219471648
v 38.8 5.06974440092 0.0697444009201
v 39.0795965001 5.07959650006 0.0795965000568
v 39.8 5.10913969717 0.109139697166
v 40.1156367144 5.11563671437 0.115636714374
v 40.8 5.13326805227 0.133268052267
v 41.1349155408 5.13491554078 0.13491554078
v 41.8 5.14118012776 0.141180127764
v 42.1371768883 5.13717688828 0.137176888285
v 42.8 5.13177349102 0.131773491021
v 42.8 5.8 -0.164145982259
v 43.1225575606 5.12255756059 0.122557560591
v 43.8 5.10682569401 0.106825694014
v 43.8 5.8 -0.189748183756
v 42.8344344874 5.8 -0.165565512599
v 44.1078342508 5.10783425078 0.107834250785
v 44.8 5.09847231584 0.0984723158359
v 43.8103000002 5.8 -0.18969999975
v 45.0994225543 5.09942255431 0.0994225543114
v 45.8 5.08995143461 0.0899514346056
v 46.0908464731 5.09084647308 0.090846473078
v 46.8 5.08127997308 0.0812799730773
v 47.0821226831 5.08212268314 0.0821226831423
v 47.8 5.07247264632 0.0724726463232
v 48.0732656785 5.07326567853 0.0732656785258
v 48.8 5.06354231023 0.0635423102296
v 49.0707050015 5.07070500145 0.0707050014522
v 49.8 5.06076371413 0.0607637141298
v 50.0623227069 5.06232270695 0.0623227069461
v 50.8 5.06339951743 0.0633995174323
v 51.0608632577 5.0608632577 0.0608632577049
v 51.8 5.04718588696 0.0471858869649
v 51.8 5.8 -0.183873930519
v 52.041329475 5.04132947496 0.0413294749646
v 52.8 5.01569486529 0.0156948652932
v 52.8 5.8 -0.167547808915
v 51.8156303437 5.8 -0.184369656275
v 53.0074519151 5.00745191509 0.00745191509409
v 53.8 4.96777423389 -0.0322257661088
v 53.8 5.8 -0.169614091102
v 52.8309357909 5.8 -0.169064209093
v 53.9588463587 4.95884635868 -0.0411536413173
v 54.8 4.90213784209 -0.0978621579101
v 54.8 5.8 -0.18836453852
v 53.828518436 5.8 -0.17148156402
v 54.8951209211 4.89512092115 -0.104879078852
v 55.8 4.81734534021 -0.182654659789
v 54.8107615772 5.8 -0.189238422841
v 55.8158763387 4.81587633874 -0.184123661257
v 67.8 5.8 -0.166443590563
v 68.8 5.8 -0.103062803185
v 67.8377301462 5.8 -0.162269853816
v 69.8 5.8 -0.00922137839529
v 68.9151698192 5.8 -0.0848301807594
v 70.8 5.8 0.0804818638631
v 70.0175959413 5.8 0.0175959412595
v 71.8 5.8 0.193600162208
v 71.1304352971 5.8 0.130435297103
v 72.8 5.8 0.31196480501
v 72.2624439383 5.8 0.26244393832
v 73.8 4.83586840417 -0.164131595834
v 73.8 5.8 0.435981017781
v 73.3999809772 5.8 0.399980977177
v 73.8581459203 4.85814592032 -0.141854079679
v 74.8 5.15553356033 0.155533560335
v 74.8 5.8 0.566094153061
v 74.5435379405 5.8 0.543537940482
v 75.3859866972 5.38598669718 0.38598669718
v 75.8 5.52005956014 0.520059560138
v 75.8 5.8 0.702795164052
v 75.6936509344 5.8 0.693650934449
v 76.3706302658 5.37063026583 0.370630265835
v 76.6275470104 5.8 0.627547010446
v 42.8 5.81957852963 -0.18042147037
v 42.8192286832 5.81922868324 -0.180771316761
v 43.8 5.80566213202 -0.194337867981
v 43.8057505785 5.80575057851 -0.194249421491
v 51.8 5.81011609111 -0.18988390889
v 51.8102829924 5.8102829924 -0.189717007598
v 52.8 5.821475412 -0.178524587998
v 52.821583242 5.82158324203 -0.178416757968
v 53.8 5.82119596495 -0.178804035053
v 53.8210513384 5.82105133841 -0.178948661586
v 54.8 5.80854999639 -0.191450003605
v 54.8083871512 5.80838715124 -0.191612848761
v 60.8 6.8 -0.165258781656
v 61.8 6.8 -0.127829003538
v 60.8374558734 6.8 -0.162544126575
v 62.8 6.8 -0.107675671828
v 61.8762655476 6.8 -0.123734452432
v 63.8 6.8 -0.101915899037
v 62.8984560545 6.8 -0.101543945546
v 64.8 6.8 -0.0515480701448
v 63.9064445129 6.8 -0.0935554870635
v 65.8 6.8 0.0158447368403
v 64.9668944739 6.8 -0.0331055261233
v 66.8 6.8 0.0851918511333
v 66.0419695992 6.8 0.0419695992039
v 67.8 5.84972374302 -0.150276256984
v 67.8 6.8 0.156553557361
v 67.1188447091 6.8 0.118844709102
v 67.8586682579 5.8586682579 -0.141331742097
v 68.8 5.94575510543 -0.0542448945695
v 68.8 6.8 0.229991821488
v 68.1975986274 6.8 0.19759862739
v 68.9848064844 5.9848064844 -0.0151935155983
v 69.8 6.0910918564 0.0910918563972
v 69.8 6.8 0.335388862626
v 69.3005723149 6.8 0.300572314932
v 70.1547062781 6.15470627808 0.154706278078
v 70.8 6.23517768965 0.23517768965
v 70.8 6.8 0.43517008418
v 70.4067005565 6.8 0.406700556472
v 71.3540400348 6.35404003482 0.354040034823
v 71.8 6.42034685663 0.42034685663
v 71.8 6.8 0.558596371591
v 71.537347239 6.8 0.537347238976
v 72.5896373893 6.58963738927 0.589637389271
v 72.8 6.62070292892 0.620702928922
v 72.8 6.8 0.687911776303
v 72.6783310643 6.8 0.678331064255
v 73.8 6.7393397894 0.8
v 73.6353677697 6.8 0.8
v 73.7567856509 6.75678565092 0.8
v 74.8 6.38538997918 0.8
v 74.5008641471 6.50086414711 0.8
v 75.8 6.03572154775 0.8
v 75.2417460297 6.24174602967 0.8
v 76.115720601 6.11572060099 0.8
v 60.8 6.83058440308 -0.169415596922
v 60.8347944307 6.83479443073 -0.165205569269
v 61.8 6.86721510739 -0.132784892608
v 61.8753641198 6.87536411984 -0.124635880156
v 62.8 6.89125184256 -0.108748157442
v 62.8 7.8 -0.129177329082
v 62.9036427313 6.90364273129 -0.0963572687142
v 63.8 6.9032534274 -0.0967465726046
v 63.8 7.8 -0.0551131677374
v 62.8806858275 7.8 -0.11931417253
v 63.9138827419 6.91388274192 -0.0861172580781
v 64.8 6.95830554024 -0.0416944597587
v 64.8 7.8 0.00834471440776
v 63.9590419292 7.8 -0.04095807083
v 64.9809912829 6.98099128294 -0.019008717064
v 65.8 7.03292019437 0.0329201943659
v 65.8 7.8 0.087059984066
v 65.036189042 7.8 0.0361890420446
v 66.0657215933 7.06572159334 0.0657215933449
v 66.8 7.11144341984 0.111443419844
v 66.8 7.8 0.167642822159
v 66.1242627299 7.8 0.124262729923
v 67.1545834057 7.15458340574 0.154583405739
v 67.8 7.19407365642 0.194073656423
v 67.8 7.8 0.250181489618
v 67.213888095 7.8 0.213888094984
v 68.2478103348 7.24781033482 0.247810334821
v 68.8 7.28102776608 0.281027766079
v 68.8 7.8 0.334763103262
v 68.3051901548 7.8 0.305190154783
v 69.3715976074 7.37159760735 0.371597607354
v 69.8 7.40536627043 0.40536627043
v 69.8 7.8 0.45098401753
v 69.4232990645 7.8 0.423299064515
v 70.5018335674 7.50183356739 0.501833567394
v 70.8 7.5265208758 0.526520875803
v 70.8 7.8 0.560389195822
v 70.5410697875 7.8 0.541069787514
v 71.6634159312 7.66341593122 0.663415931221
v 71.8 7.67617859 0.676178589997
v 71.8 7.8 0.692563994868
v 71.6830596461 7.8 0.683059646095
v 72.8 7.58402208126 0.8
v 72.5873878326 7.8 0.8
v 72.6929257946 7.69292579455 0.8
v 73.2049802119 7.20498021185 0.8
v 62.8 7.85767890876 -0.142321091242
v 62.8671801835 7.8671801835 -0.132819816498
v 63.8 7.92206170615 -0.0779382938529
v 63.9345294515 7.93452945155 -0.0654705484516
v 64.8 7.97784035388 -0.0221596461228
v 64.8 8.8 -0.165559396313
v 65.0018553068 8.00185530682 0.00185530681628
v 65.8 8.04772977952 0.0477297795207
v 65.8 8.8 -0.0738435965308
v 64.8400342665 8.8 -0.159965733521
v 66.0804174827 8.08041748267 0.0804174826681
v 66.8 8.12071585876 0.120715858763
v 66.8 8.8 0.0194206256269
v 65.9459141056 8.8 -0.0540858943614
v 67.1621051152 8.16210511516 0.162105115163
v 67.8 8.19693288051 0.196932880514
v 67.8 8.8 0.114368777126
v 67.0525985676 8.8 0.0525985676325
v 68.247078305 8.24707830497 0.247078304972
v 68.8 8.27652555083 0.276525550834
v 68.8 8.8 0.21112988753
v 68.1603156281 8.8 0.160315628075
v 69.3553187596 8.35531875961 0.355318759607
v 69.8 8.38467070624 0.384670706244
v 69.8 8.8 0.337564086315
v 69.2892154259 8.8 0.2892154259
v 70.466426513 8.46642651301 0.466426513011
v 70.8 8.488977831 0.488977831001
v 70.8 8.8 0.455997058103
v 70.4226072724 8.8 0.422607272395
v 71.5988898939 8.59888989387 0.598889893866
v 71.8 8.61379263814 0.613792638139
v 71.8 8.8 0.595328059111
v 71.5737366133 8.8 0.573736613305
v 72.741626639 8.74162663904 0.74162663904
v 72.8 8.14395808764 0.8
v 72.8 8.74585135734 0.745851357338
v 72.8 8.8 0.740853078678
v 72.7348230143 8.8 0.734823014264
v 73.2039232164 8.8 0.8
v 64.8 8.82452676305 -0.175473236948
v 64.8280304996 8.82803049963 -0.171969500369
v 65.8 8.89077172355 -0.10922827645
v 65.9033831835 8.90338318353 -0.0966168164668
v 66.8 8.95946441232 -0.0405355876821
v 66.9810349654 8.98103496536 -0.0189650346432
v 67.8 9.03070698907 0.0307069890692
v 68.0611208624 9.06112086235 0.0611208623523
v 68.8 9.10460738058 0.104607380582
v 68.8 9.8 -0.140431941677
v 69.1549573182 9.15495731821 0.154957318212
v 69.8 9.20043955899 0.200439558991
v 69.8 9.8 -0.00487093101858
v 68.8737074805 9.8 -0.126292519451
v 70.2561317461 9.25613174613 0.256131746127
v 70.8 9.29223841526 0.292238415262
v 70.8 9.8 0.121849332568
v 70.033381988 9.8 0.0333819880268
v 71.3680824958 9.3680824958 0.368082495804
v 71.8 9.39913123001 0.399131230006
v 71.8 9.8 0.266711403898
v 71.1916921017 9.8 0.191692101728
v 72.4896555793 9.48965557927 0.489655579271
v 72.8 9.51136469423 0.511364694229
v 72.8 9.8 0.417429631622
v 72.3654501353 9.8 0.36545013533
v 73.616847518 9.616847518 0.616847518004
v 73.8 9.09266322215 0.8
v 73.8 9.62931566221 0.629315662213
v 73.8 9.8 0.574546642516
v 73.5449323573 9.8 0.54493235727
v 74.7500956688 9.75009566882 0.750095668819
v 74.8 9.60490310768 0.8
v 74.8 9.75340187688 0.753401876878
v 74.8 9.8 0.738648632273
v 74.7308509267 9.8 0.730850926722
v 74.4184998105 9.4184998105 0.8
v 75.1721160231 9.8 0.8
v 68.8 9.83779497 -0.162205029996
v 68.8444648247 9.84446482465 -0.155535175349
v 69.8 9.92417134248 -0.0758286575229
v 69.942776486 9.94277648603 -0.0572235139655
v 70.8 10.0061333551 0.00613335506351
v 71.0393775354 10.0393775354 0.0393775353703
v 71.8 10.0995919449 0.0995919449282
v 72.1468264453 10.1468264453 0.146826445274
v 72.8 10.1970726875 0.197072687502
v 72.8 10.8 -0.139538729206
v 73.258326882 10.258326882 0.258326882045
v 73.8 10.2988299697 0.298829969713
v 73.8 10.8 0.0201519912075
v 72.8763652598 10.8 -0.123634740242
v 74.3741852488 10.3741852488 0.374185248849
v 74.8 10.4051420029 0.405142002884
v 74.8 10.8 0.186216822056
v 74.0766473942 10.8 0.0766473941904
v 75.4947317863 10.4947317863 0.494731786294
v 75.8 10.0006336129 0.8
v 75.8 10.5163134211 0.516313421101
v 75.8 10.8 0.359311019261
v 75.2830453323 10.8 0.283045332273
v 75.9604106238 9.96041062375 0.8
v 72.8 10.833833615 -0.166166384952
v 72.8395209224 10.8395209224 -0.160479077562
v 73.8 10.9231865875 -0.0768134124827
v 73.9434202499 10.9434202499 -0.056579750111
v 74.8 11.0159784198 0.0159784198016
v 75.0506721732 11.0506721732 0.0506721731601
v 75.8 11.1124221905 0.112422190478
v 76.0887116445 11.0887116445 0.0887116444855
v 6.8 -1.55599579024 1.8
v 6.8 -1.50985092167 1.49014907833
v 7.47826720761 -1.52173279239 1.47826720761
v 7.8 -1.58303427137 1.8
v 7.8 -1.53814332422 1.46185667578
v 7.43129815875 -1.56870184125 1.8
v 8.470590354 -1.529409646 1.470590354
v 8.8 -1.57887660726 1.8
v 8.8 -1.5402200411 1.4597799589
v 8.42620403935 -1.57379596065 1.8
v 9.46869435778 -1.53130564222 1.46869435778
v 9.8 -1.57421082667 1.8
v 9.8 -1.54186497879 1.45813502121
v 9.43048339506 -1.56951660494 1.8
v 10.4672355326 -1.53276446744 1.46723553256
v 10.8 -1.56905497583 1.8
v 10.8 -1.54306628285 1.45693371715
v 10.4352735576 -1.56472644236 1.8
v 11.4973293566 -1.50267064339 1.49732935661
v 11.8 -1.50528861121 1.8
v 11.8 -1.49347162859 1.50652837141
v 11.4728769921 -1.52712300786 1.8
v 12.5663225373 -1.43367746274 1.56632253726
v 12.8 -1.42231121757 1.8
v 12.8 -1.42434293841 1.57565706159
v 12.5560820223 -1.4439179777 1.8
v 13.645836384 -1.35416361602 1.64583638398
v 13.8 -1.33923622916 1.8
v 13.8 -1.34723800898 1.65276199102
v 13.6473576124 -1.35264238764 1.8
v 14.734810713 -1.26518928697 1.73481071303
v 14.8 -1.25598703076 1.8
v 14.8 -1.26194397381 1.73805602619
v 14.7386741494 -1.26132585055 1.8
v 15.8 -1.2 1.59610858425
v 15.6466579097 -1.2 1.64665790968
v 15.470006314 -1.2 1.8
v 16.8 -1.2 1.00432515142
v 16.245484449 -1.2 1.24548444904
v 16.9138620426 -1.2 0.9138620426
v 15.8 -1.15340770011 1.8
v 16.8 -0.983840307361 1.8
v 15.853693814 -1.14630618605 1.8
v 17.8 -0.79349270778 1.8
v 17.8 -1.06379592949 0.936204070508
v 17.0552452491 -0.944754750918 1.8
v 17.9754559293 -1.02454407071 0.975455929286
v 18.8 -0.617141231842 1.8
v 18.8 -0.839995310855 1.16000468915
v 18.2803392708 -0.719660729213 1.8
v 19.2711823226 -0.728817677449 1.27118232255
v 19.8 -0.451439158615 1.8
v 19.8 -0.604826955694 1.39517304431
v 19.4887893009 -0.511210699104 1.8
v 20.5905766726 -0.409423327448 1.59057667255
v 20.8 -0.294012488565 1.8
v 20.8 -0.358257523358 1.64174247664
v 20.6843172043 -0.315682795656 1.8
v 21.8 -0.2 1.66860783484
v 21.6951259492 -0.2 1.69512594918
v 21.4145787145 -0.2 1.8
v 22.8 -0.2 1.4985499011
v 22.5053787272 -0.2 1.50537872725
v 23.8 -0.2 1.39797534134
v 23.3926369512 -0.2 1.39263695123
v 24.8 -0.2 1.30344628028
v 24.3067077366 -0.2 1.30670773659
v 25.8 -0.2 1.21297156475
v 25.2259490903 -0.2 1.22594909032
v 26.8 -0.2 1.12533209818
v 26.1487705625 -0.2 1.1487705625
v 27.8 -0.2 1.03973840413
v 27.0742008273 -0.2 1.07420082731
v 28.8 -0.2 0.955655462359
v 28.0016147869 -0.2 1.00161478693
v 29.8 -0.2 0.841653054242
v 28.9325246395 -0.2 0.932524639486
v 29.8380680239 -0.2 0.838068023919
v 21.8 -0.103062015557 1.8
v 22.8 0.0623085397417 1.8
v 21.9140862022 -0.0859137977979 1.8
v 23.8 0.227468460231 1.8
v 23.119143167 0.119143166957 1.8
v 24.8 0.435156203316 1.8
v 24.3459197681 0.345919768093 1.8
v 25.8 0.69358777942 1.8
v 25.660054242 0.660054242017 1.8
v 26.5528292214 0.552829221425 1.55282922143
v 26.8 0.532791615424 1.53279161542
v 26.8 0.8 1.68029943353
v 26.6866361117 0.8 1.68663611175
v 26.1401848147 0.8 1.8
v 27.2997048269 0.299704826875 1.29970482688
v 27.8 0.254654349709 1.25465434971
v 27.8 0.8 1.5099660371
v 27.5281497821 0.8 1.52814978209
v 28.1255539562 0.125553956201 1.1255539562
v 28.8 0.0605625427489 1.06056254275
v 28.8 0.8 1.35461993675
v 28.3863115121 0.8 1.38631151213
v 29.009532713 0.00953271299045 1.00953271299
v 29.8 -0.129874363768 0.870125636232
v 29.8 0.8 1.24505828051
v 29.2836701785 0.8 1.28367017845
v 29.8651188473 -0.13488115272 0.86511884728
v 30.8 0.8 1.19076281944
v 30.2255324994 0.8 1.22553249941
v 31.8 0.8 1.12710110603
v 31.17059662 0.8 1.17059662002
v 32.8 0.8 1.0550461294
v 32.1080417178 0.8 1.10804171781
v 33.8 0.8 0.975446452472
v 33.0387187403 0.8 1.03871874031
v 34.8 0.8 0.889044865313
v 33.9633422335 0.8 0.963342233477
v 34.8825179633 0.8 0.882517963252
v 6.8 1.59170131092 1.8
v 6.8 1.54067088851 1.54067088851
v 7.6901044834 1.6901044834 1.6901044834
v 7.8 1.72081348229 1.8
v 7.8 1.70272143756 1.70272143756
v 7.71510017399 1.71510017399 1.8
v 8.8 1.8 1.49105660741
v 8.64827698897 1.8 1.64827698897
v 8.42937513455 1.8 1.8
v 9.19739498947 1.8 1.19739498947
v 26.7424851571 1.74248515707 1.74248515707
v 26.8 1.73905568097 1.73905568097
v 26.8 1.8 1.74224081183
v 26.7472463749 1.8 1.74724637487
v 26.5386467337 1.8 1.8
v 26.3192840873 1.3192840873 1.8
v 27.5419163256 1.54191632565 1.54191632565
v 27.8 1.52430476081 1.52430476081
v 27.8 1.8 1.52694001195
v 27.552691132 1.8 1.55269113198
v 28.3775044176 1.37750441764 1.37750441764
v 28.8 1.34566097714 1.34566097714
v 28.8 1.8 1.33358271968
v 28.380730616 1.8 1.38073061598
v 29.291975075 1.29197507499 1.29197507499
v 29.8 1.25328222136 1.25328222136
v 29.8 1.8 1.26173964518
v 29.2798301445 1.8 1.27983014445
v 30.2632105609 1.26321056085 1.26321056085
v 30.8 1.22765409464 1.22765409464
v 30.8 1.8 1.27542732293
v 30.2716934052 1.8 1.27169340524
v 31.2309404594 1.23094045942 1.23094045942
v 31.8 1.18469133673 1.18469133673
v 31.8 1.8 1.27505218642
v 31.2787737077 1.8 1.27877370771
v 32.1822103574 1.1822103574 1.1822103574
v 32.8 1.12239996187 1.12239996187
v 32.8 1.8 1.2620256658
v 32.2724358916 1.8 1.27243589161
v 33.1157678166 1.11576781663 1.11576781663
v 33.8 1.03847082927 1.03847082927
v 33.8 1.8 1.23758482152
v 33.2544476044 1.8 1.25444760443
v 34.0301831678 1.03018316778 1.03018316778
v 34.8 0.930214558895 0.930214558895
v 34.8 1.8 1.20281754196
v 34.2262505431 1.8 1.22625054312
v 34.9238250651 0.923825065149 0.923825065149
v 35.8 1.8 1.15868361948
v 35.1890346278 1.8 1.18903462779
v 36.8 1.8 1.07255629959
v 36.1318339883 1.8 1.13183398827
v 37.8 1.8 0.893034261415
v 37.0186456503 1.8 1.01864565032
v 37.8739002919 1.8 0.873900291861
v 8.8 1.82824356344 1.8
v 9.8 1.90352128191 1.8
v 9.8 1.82562726589 0.825627265885
v 8.83292345791 1.83292345791 1.8
v 9.83064420654 1.83064420654 0.830644206543
v 10.8 1.98408092393 1.8
v 10.8 1.92451507948 0.924515079476
v 9.9218797779 1.9218797779 1.8
v 10.9576199954 1.95761999537 0.957619995369
v 11.8 2.1111773672 1.8
v 11.8 2.09572084169 1.09572084169
v 11.0288823578 2.02888235782 1.8
v 12.1687075842 2.16870758422 1.16870758422
v 12.8 2.24698999526 1.8
v 12.8 2.26282970457 1.26282970457
v 12.1858887126 2.18588871264 1.8
v 13.3651374798 2.36513747979 1.36513747979
v 13.8 2.38941263872 1.8
v 13.8 2.42311800969 1.42311800969
v 13.3493773375 2.3493773375 1.8
v 14.5456407431 2.54564074311 1.54564074311
v 14.8 2.53977665409 1.8
v 14.8 2.57560407563 1.57560407563
v 14.5179327178 2.51793271781 1.8
v 15.7193571725 2.71935717246 1.71935717246
v 15.8 2.70996991964 1.8
v 15.8 2.72770053909 1.72770053909
v 15.8 2.8 1.45275404141
v 15.7036297969 2.70362979691 1.8
v 16.2469688905 2.8 1.8
v 25.6367384361 2.63673843608 1.63673843608
v 25.8 2.22959216382 1.8
v 25.8 2.62713609742 1.62713609742
v 25.8 2.8 1.54852846227
v 25.580743282 2.8 1.58074328199
v 24.9145295039 2.8 1.8
v 25.4215304932 2.42153049321 1.8
v 26.4775615969 2.47756159686 1.47756159686
v 26.8 2.45625290849 1.45625290849
v 26.8 2.8 1.30003104515
v 26.3665780487 2.8 1.36657804874
v 26.0485442153 2.04854421535 1.8
v 27.3392065919 2.33920659189 1.33920659189
v 27.8 2.30582086347 1.30582086347
v 27.8 2.8 1.08104194889
v 27.180042722 2.8 1.18004272199
v 28.2164482155 2.21644821551 1.21644821551
v 28.8 2.17084090647 1.17084090647
v 28.8 2.8 0.884090357304
v 28.0141726493 2.8 1.01417264931
v 29.1555714198 2.15557141979 1.15557141979
v 29.8 2.13911157938 1.13911157938
v 29.8 2.8 0.899421914051
v 28.8791426893 2.8 0.879142689314
v 30.1676441582 2.16764415819 1.16764415819
v 30.8 2.17113303568 1.17113303568
v 30.8 2.8 0.99342676075
v 29.9111798979 2.8 0.911179897892
v 31.1975363465 2.19753634652 1.19753634652
v 31.8 2.19396899613 1.19396899613
v 31.8 2.8 1.06806179405
v 31.011438273 2.8 1.01143827297
v 32.2170228682 2.21702286815 1.21702286815
v 32.8 2.20689193596 1.20689193596
v 32.8 2.8 1.12520538861
v 32.0872400247 2.8 1.08724002467
v 33.2256919442 2.22569194421 1.22569194421
v 33.8 2.20909604746 1.20909604746
v 33.8 2.8 1.16651248697
v 33.1424100816 2.8 1.14241008165
v 34.2230662887 2.22306628867 1.22306628867
v 34.8 2.19968639491 1.19968639491
v 34.8 2.8 1.19344551954
v 34.1799636135 2.8 1.17996361348
v 35.2086000905 2.20860009048 1.20860009048
v 35.8 2.17766621236 1.17766621236
v 35.8 2.8 1.20730051673
v 35.2023133089 2.8 1.20231330888
v 36.1567117773 2.15671177727 1.15671177727
v 36.8 2.09495177873 1.09495177873
v 36.8 2.8 1.16153348283
v 36.1857209413 2.8 1.18572094134
v 37.049513716 2.04951371596 1.04951371596
v 37.8 1.90863426376 0.908634263765
v 37.8 2.8 1.04927967134
v 37.1103533786 2.8 1.11035337859
v 37.8893150773 1.88931507729 0.889315077294
v 38.8 2.8 0.926509421065
v 38.0108654733 2.8 1.01086547328
v 38.9055324372 2.8 0.905532437184
v 15.8 2.88924765218 0.889247652177
v 15.9104952714 2.91049527142 0.910495271425
v 16.8 2.87558285935 1.8
v 16.8 3.04219865351 1.04219865351
v 17.0942652942 3.09426529424 1.09426529424
v 17.8 3.01074203645 1.8
v 17.8 3.18819866275 1.18819866275
v 16.8963871108 2.89638711077 1.8
v 18.2629688522 3.2629688522 1.2629688522
v 18.8 3.1497076653 1.8
v 18.8 3.32622692085 1.32622692085
v 18.0662047411 3.06620474112 1.8
v 19.4162289975 3.4162289975 1.4162289975
v 19.8 3.29344471206 1.8
v 19.8 3.45556028711 1.45556028711
v 19.2373913634 3.23739136339 1.8
v 20.5540356944 3.55403569441 1.55403569441
v 20.8 3.4432913753 1.8
v 20.8 3.57548097554 1.57548097554
v 20.8 3.8 1.20655461242
v 20.4107484626 3.41074846262 1.8
v 21.6763909321 3.67639093214 1.67639093214
v 21.8 3.60115841326 1.8
v 21.8 3.68527911911 1.68527911911
v 21.8 3.8 1.53354907059
v 21.3844184594 3.8 1.38441845938
v 21.5873196256 3.58731962564 1.8
v 22.6122325884 3.61223258842 1.61223258842
v 22.8 3.45246322766 1.8
v 22.8 3.6065297502 1.6065297502
v 22.8 3.8 1.35414601875
v 22.4068012702 3.8 1.40680127015
v 22.4931169515 3.49311695151 1.8
v 23.4668108152 3.46681081524 1.46681081524
v 23.8 3.13692605566 1.8
v 23.8 3.44639414277 1.44639414277
v 23.8 3.8 1.02778495805
v 23.1736980719 3.8 1.17369807189
v 23.2740391641 3.27403916415 1.8
v 24.3356422392 3.33564223922 1.33564223922
v 24.8 2.83561509167 1.8
v 24.8 3.30414209667 1.30414209667
v 23.9569265247 3.8 0.956926524682
v 24.0427909852 3.04279098516 1.8
v 25.2183757874 3.21837578737 1.21837578737
v 25.8 3.17550577793 1.17550577793
v 24.8254630437 2.82546304372 1.8
v 26.1118766378 3.11187663778 1.11187663778
v 26.8 3.05747396292 1.05747396292
v 27.013905376 3.013905376 1.013905376
v 27.8 2.94786117882 0.94786117882
v 27.9228209376 2.92282093758 0.922820937579
v 28.8 2.84504273831 0.845042738309
v 28.8452834968 2.84528349678 0.84528349678
v 29.8 2.85742783173 0.857427831734
v 29.8652314951 2.86523149505 0.865231495053
v 30.8 2.91800004468 0.918000044678
v 30.9324847439 2.93248474391 0.932484743907
v 31.8 2.97259213099 0.972592130991
v 31.9916048444 2.99160484436 0.991604844358
v 32.8 3.02084640647 1.02084640647
v 33.0424999852 3.04249998524 1.04249998524
v 33.8 3.06237569823 1.06237569823
v 34.0850345784 3.08503457837 1.08503457837
v 34.8 3.09676032181 1.09676032181
v 34.8 3.8 0.866614747332
v 35.1248489836 3.1248489836 1.1248489836
v 35.8 3.12940515697 1.12940515697
v 35.8 3.8 0.95627811843
v 34.8752508661 3.8 0.875250866131
v 36.1186728053 3.11867280532 1.11867280532
v 36.8 3.09665927683 1.09665927683
v 36.8 3.8 0.956661712518
v 35.9499253354 3.8 0.949925335399
v 37.0744737756 3.07447377559 1.07447377559
v 37.8 3.01822650853 1.01822650853
v 37.8 3.8 0.921086781292
v 36.942819894 3.8 0.942819894043
v 37.9979997915 2.99799979154 0.997999791544
v 38.8 2.91802086094 0.918020860937
v 38.8 3.8 0.869254848729
v 37.9086127577 3.8 0.908612757689
v 38.9049024223 2.90490242233 0.904902422327
v 39.8 3.8 0.802918291794
v 38.8611809169 3.8 0.861180916851
v 39.8025411341 3.8 0.802541134098
v 20.8 3.91260585803 0.912605858027
v 20.9325597287 3.93255972868 0.932559728675
v 21.8 4.03027707437 1.03027707437
v 22.0124369104 4.0124369104 1.0124369104
v 22.8 3.97847000663 0.978470006634
v 22.9483750514 3.94837505141 0.948375051409
v 23.8 3.87930120017 0.879301200167
v 23.8659507809 3.86595078087 0.865950780866
v 34.8 3.84070557927 0.840705579273
v 34.8464958929 3.84649589293 0.846495892935
v 35.8 3.89990591956 0.899905919563
v 35.8988650745 3.89886507445 0.898865074454
v 36.8 3.90358679942 0.903586799419
v 36.9009897014 3.90098970137 0.900989701372
v 37.8 3.88499081433 0.884990814326
v 37.8816945553 3.88169455525 0.881694555253
v 38.8 3.85152711751 0.851527117508
v 38.8487993035 3.84879930349 0.848799303494
v 39.8 3.80229882462 0.802298824624
v 39.8021435044 3.80214350442 0.802143504422
v 73.8 6.8 0.812299387029
v 74.8 6.8 0.87604366203
v 73.812299387 6.8 0.812299387029
v 75.8 6.8 0.928046973634
v 74.876043662 6.8 0.87604366203
v 75.9280469736 6.8 0.928046973634
v 72.8 7.8 0.817108333528
v 73.8 6.81229938703 0.812299387029
v 73.8 7.8 0.884950008206
v 72.8171083335 7.8 0.817108333528
v 73.812299387 6.81229938703 0.812299387029
v 74.8 6.87604366203 0.87604366203
v 74.8 7.8 0.939702146355
v 73.8849500082 7.8 0.884950008206
v 74.876043662 6.87604366203 0.87604366203
v 75.8 6.92804697363 0.928046973634
v 75.8 7.8 0.984713951909
v 74.9397021464 7.8 0.939702146355
v 75.9280469736 6.92804697363 0.928046973634
v 75.9847139519 7.8 0.984713951909
v 72.8 7.81710833353 0.817108333528
v 72.8171083335 7.81710833353 0.817108333528
v 73.8 7.88495000821 0.884950008206
v 73.8 8.8 0.846704533072
v 73.8849500082 7.88495000821 0.884950008206
v 74.8 7.93970214635 0.939702146355
v 74.8 8.8 0.910854376031
v 73.8467045331 8.8 0.846704533072
v 74.9397021464 7.93970214635 0.939702146355
v 75.8 7.98471395191 0.984713951909
v 75.8 8.8 0.962773233923
v 74.910854376 8.8 0.910854376031
v 75.9847139519 7.98471395191 0.984713951909
v 75.9627732339 8.8 0.962773233923
v 73.8 8.84670453307 0.846704533072
v 73.8467045331 8.84670453307 0.846704533072
v 74.8 8.91085437603 0.910854376031
v 74.910854376 8.91085437603 0.910854376031
v 75.8 8.96277323392 0.962773233923
v 75.8 9.8 0.848516449144
v 75.9627732339 8.96277323392 0.962773233923
v 75.8485164491 9.8 0.848516449144
v 75.8 9.84851644914 0.848516449144
v 75.8485164491 9.84851644914 0.848516449144
v 6.8 -1.2 2.39064858979
v 7.8 -1.2 2.42227783016
v 7.40926681422 -1.2 2.40926681422
v 8.8 -1.2 2.39984123833
v 8.40923097413 -1.2 2.40923097413
v 9.8 -1.2 2.37801612002
v 9.38773421972 -1.2 2.38773421972
v 10.8 -1.2 2.35675013618
v 10.3667729518 -1.2 2.36677295185
v 11.8 -1.2 2.25144608107
v 11.2975308996 -1.2 2.29753089962
v 12.8 -1.2 2.12002832325
v 12.1906543112 -1.2 2.19065431122
v 13.8 -1.2 1.9955307117
v 13.0783444635 -1.2 2.07834446349
v 14.8 -1.2 1.87683628915
v 13.9708647868 -1.2 1.97086478681
v 14.8674377673 -1.2 1.86743776726
v 7.8 -0.652594347989 2.8
v 7.36654731925 -0.633452680754 2.8
v 8.8 -0.626583607369 2.8
v 8.35987550761 -0.640124492392 2.8
v 9.8 -0.600836522803 2.8
v 9.38705006956 -0.612949930441 2.8
v 10.8 -0.575302399711 2.8
v 10.4138673227 -0.586132677262 2.8
v 11.8 -0.447575767179 2.8
v 11.5055200444 -0.494479955586 2.8
v 12.8 -0.294409698008 2.8
v 12.6819690561 -0.31803094389 2.8
v 13.695682121 -0.304317879018 2.69568212098
v 13.8 -0.355990850266 2.64400914973
v 13.8 -0.2 2.76385046149
v 13.7663688925 -0.2 2.7663688925
v 13.4553954472 -0.2 2.8
v 14.3746734123 -0.625326587693 2.37467341231
v 14.8 -0.846953406381 2.15304659362
v 14.8 -0.2 2.65910338322
v 14.669421172 -0.2 2.66942117202
v 15.0355961074 -0.964403892577 2.03559610742
v 15.8 -0.2 2.55646882131
v 15.5749646163 -0.2 2.5749646163
v 16.8 -0.2 2.43715405951
v 16.4709250926 -0.2 2.47092509256
v 17.8 -0.2 2.29852961416
v 17.352672885 -0.2 2.35267288502
v 18.8 -0.2 2.16011500897
v 18.2316492433 -0.2 2.23164924326
v 19.8 -0.2 2.02211571977
v 19.1114317829 -0.2 2.11143178285
v 20.8 -0.2 1.88468130836
v 19.9919537341 -0.2 1.99195373407
v 20.8731599856 -0.2 1.87315998559
v 6.8 0.779297439228 2.8
v 6.8 0.8 2.79411906552
v 6.87629803604 0.8 2.8
v 13.8 0.0581941730182 2.8
v 14.8 0.508130889051 2.8
v 14.1772826929 0.177282692902 2.8
v 15.8 0.775017762533 2.8
v 15.7566025569 0.756602556852 2.8
v 16.7274173772 0.727417377181 2.72741737718
v 16.8 0.716700573276 2.71670057328
v 16.8 0.8 2.74231283237
v 16.7445114319 0.8 2.74451143188
v 15.8953469819 0.8 2.8
v 17.6178630863 0.617863086274 2.61786308627
v 17.8 0.58322813693 2.58322813693
v 17.8 0.8 2.66243803378
v 17.6695402199 0.8 2.6695402199
v 18.4835216947 0.483521694653 2.48352169465
v 18.8 0.415446270424 2.41544627042
v 18.8 0.8 2.57554031709
v 18.5893669852 0.8 2.58936698521
v 19.3254899484 0.325489948392 2.32548994839
v 19.8 0.211468754992 2.21146875499
v 19.8 0.8 2.48293370739
v 19.505088496 0.8 2.505088496
v 20.1438195362 0.143819536235 2.14381953624
v 20.8 -0.0305220142682 1.96947798573
v 20.8 0.8 2.38567008733
v 20.4174798051 0.8 2.41747980509
v 20.9386263115 -0.0613736884579 1.93862631154
v 21.8 0.8 2.2845981836
v 21.3271430315 0.8 2.32714303147
v 22.8 0.8 2.18233714273
v 22.2261478291 0.8 2.22614782915
v 23.8 0.8 2.06280762406
v 23.1197035235 0.8 2.11970352348
v 24.8 0.8 1.94847757384
v 24.0192219089 0.8 2.01922190887
v 25.8 0.8 1.83839499266
v 24.923538729 0.8 1.92353872902
v 25.8318613926 0.8 1.83186139259
v 7.27545785973 1.27545785973 2.27545785973
v 7.8 0.860959634516 2.8
v 7.8 1.29441084216 2.29441084216
v 8.33105650355 1.33105650355 2.33105650355
v 8.8 0.906646086253 2.8
v 8.8 1.33996847314 2.33996847314
v 8.8 1.8 1.85423834914
v 7.86992104218 0.869921042185 2.8
v 9.37735870878 1.37735870878 2.37735870878
v 9.8 0.95419497694 2.8
v 9.8 1.38431956064 2.38431956064
v 9.8 1.8 1.9846006326
v 8.86256870938 1.8 1.86256870938
v 8.92198743447 0.921987434466 2.8
v 10.4220983383 1.42209833831 2.42209833831
v 10.8 1.0038548923 2.8
v 10.8 1.42741490129 2.42741490129
v 10.8 1.8 2.10116809662
v 10.0095648583 1.8 2.00956485833
v 9.97593453037 0.975934530371 2.8
v 11.4699329614 1.46993296141 2.46993296141
v 11.8 1.03138785616 2.8
v 11.8 1.47506563522 2.47506563522
v 11.8 1.8 2.24152127237
v 11.1418631505 1.8 2.14186315052
v 11.0358381676 1.03583816762 2.8
v 12.5139530896 1.51395308964 2.51395308964
v 12.8 1.03793757546 2.8
v 12.8 1.51584919008 2.51584919008
v 12.8 1.8 2.34990123611
v 12.2871239463 1.8 2.28712394629
v 12.0656089729 1.06560897289 2.8
v 13.548216052 1.54821605199 2.54821605199
v 13.8 1.01740074694 2.8
v 13.8 1.54745481742 2.54745481742
v 13.8 1.8 2.42920557947
v 13.3903536806 1.8 2.39035368063
v 13.0691648083 1.0691648083 2.8
v 14.5725624601 1.57256246014 2.57256246014
v 14.8 0.954804814156 2.8
v 14.8 1.56977395971 2.56977395971
v 14.8 1.8 2.4850637341
v 14.4607333049 1.8 2.46073330485
v 14.0417471023 1.04174710228 2.8
v 15.5872406591 1.58724065913 2.58724065913
v 15.8 0.821822929215 2.8
v 15.8 1.5827543311 2.5827543311
v 15.8 1.8 2.52182325184
v 15.5065068522 1.8 2.50650685225
v 14.9685322327 0.968532232695 2.8
v 16.5978041467 1.5978041467 2.5978041467
v 16.8 1.59107841893 2.59107841893
v 16.8 1.8 2.55247622206
v 16.5396903718 1.8 2.53969037184
v 15.8238485759 0.823848575869 2.8
v 17.5922842389 1.59228423893 2.59228423893
v 17.8 1.58203053744 2.58203053744
v 17.8 1.8 2.56073098323
v 17.5538355107 1.8 2.55383551067
v 18.5714998169 1.57149981694 2.57149981694
v 18.8 1.55686154843 2.55686154843
v 18.8 1.8 2.55184916201
v 18.5495008426 1.8 2.54950084258
v 19.5357309474 1.53573094739 2.53573094739
v 19.8 1.51494748972 2.51494748972
v 19.8 1.8 2.52863348512
v 19.5304380936 1.8 2.53043809356
v 20.4850254144 1.48502541437 2.48502541437
v 20.8 1.45570071461 2.45570071461
v 20.8 1.8 2.49335651767
v 20.4995442947 1.8 2.49954429472
v 21.4194516752 1.41945167517 2.41945167517
v 21.8 1.37857242288 2.37857242288
v 21.8 1.8 2.44787640668
v 21.4590103021 1.8 2.45901030207
v 22.3060798955 1.30607989546 2.30607989546
v 22.8 1.26064813557 2.26064813557
v 22.8 1.8 2.3486957484
v 22.3786228745 1.8 2.3786228745
v 23.1641758652 1.16417586517 2.16417586517
v 23.8 1.10288924785 2.10288924785
v 23.8 1.8 2.19036402402
v 23.2491392546 1.8 2.24913925458
v 24.0411338437 1.04113384366 2.04113384366
v 24.8 0.964810997113 1.96481099711
v 24.8 1.8 2.04179552093
v 24.1189332435 1.8 2.11893324348
v 24.9318966631 0.931896663149 1.93189666315
v 25.8 0.841263778398 1.8412637784
v 25.8 1.8 1.90120937108
v 24.9971356041 1.8 1.99713560415
v 25.8331524214 0.833152421351 1.83315242135
v 25.8823261714 1.8 1.88232617145
v 8.8 1.81853937116 1.81853937116
v 8.82047772192 1.82047772192 1.82047772192
v 9.8 1.86621541243 1.86621541243
v 9.87349646061 1.87349646061 1.87349646061
v 10.8 1.91421699009 1.91421699009
v 10.9273039178 1.92730391777 1.92730391777
v 11.8 1.98168126718 1.98168126718
v 12.0018821004 2.00188210042 2.00188210042
v 12.8 2.04549502262 2.04549502262
v 13.0697352997 2.06973529971 2.06973529971
v 13.8 2.10309910596 2.10309910596
v 14.1294785593 2.12947855931 2.12947855931
v 14.8 2.15435133837 2.15435133837
v 15.1843052758 2.18430527578 2.18430527578
v 15.8 2.20220907297 2.20220907297
v 16.2330084565 2.23300845645 2.23300845645
v 16.8 2.24965016607 2.24965016607
v 16.8 2.8 1.88549464551
v 17.2791947658 2.2791947658 2.2791947658
v 17.8 2.28856400515 2.28856400515
v 17.8 2.8 2.00857372193
v 16.8952533888 2.8 1.89525338879
v 18.3140803057 2.31408030567 2.31408030567
v 18.8 2.31721398783 2.31721398783
v 18.8 2.8 2.10199491575
v 18.0259266766 2.8 2.02592667657
v 19.337523856 2.33752385602 2.33752385602
v 19.8 2.33524948698 2.33524948698
v 19.8 2.8 2.17033312234
v 19.119445503 2.8 2.11944550303
v 20.349596293 2.34959629296 2.34959629296
v 20.8 2.34234071908 2.34234071908
v 20.8 2.8 2.21732568321
v 20.1839110346 2.8 2.18391103455
v 21.3503746503 2.35037465029 2.35037465029
v 21.8 2.33817937654 2.33817937654
v 21.8 2.8 2.2460508375
v 21.2252283839 2.8 2.2252283839
v 22.2940258686 2.29402586862 2.29402586862
v 22.8 2.2636596917 2.2636596917
v 22.8 2.8 2.15930066826
v 22.2028622785 2.8 2.20286227847
v 23.1805344969 2.18053449687 2.18053449687
v 23.8 2.12543321169 2.12543321169
v 23.8 2.8 1.98344953145
v 23.0849450766 2.8 2.08494507655
v 24.067520699 2.06752069897 2.06752069897
v 24.8 1.99918110757 1.99918110757
v 24.8 2.8 1.81921322081
v 23.9453591397 2.8 1.94535913971
v 24.9639008565 1.96390085647 1.96390085647
v 25.8 1.88248516729 1.88248516729
v 24.8152048136 2.8 1.81520481358
v 25.8679091542 1.86790915419 1.86790915419
v 16.8 2.8399537381 1.8399537381
v 16.8445059653 2.84450596528 1.84450596528
v 17.8 2.90442142051 1.90442142051
v 17.9149602647 2.9149602647 1.9149602647
v 18.8 2.96145982978 1.96145982978
v 18.9757400186 2.97574001864 1.97574001864
v 19.8 3.01082710724 2.01082710724
v 20.0269477124 3.02694771239 2.02694771239
v 20.8 3.05229528395 2.05229528395
v 21.0686839474 3.06868394741 2.06868394741
v 21.8 3.08565044676 2.08565044676
v 22.0679828992 3.06798289917 2.06798289917
v 22.8 3.03330751039 2.03330751039
v 22.9941320846 2.99413208455 1.99413208455
v 23.8 2.91957433279 1.91957433279
v 23.8994670656 2.89946706562 1.89946706562
v 24.8 2.81256193237 1.81256193237
v 24.8104433551 2.81044335513 1.81044335513
v 7.8 -0.2 2.94065306478
v 6.92693014019 -0.2 2.92693014019
v 8.8 -0.2 2.93628898105
v 7.94233894857 -0.2 2.94233894857
v 9.8 -0.2 2.93128906623
v 8.93780653239 -0.2 2.93780653239
v 10.8 -0.2 2.92572038928
v 9.93265063804 -0.2 2.93265063804
v 11.8 -0.2 2.8873787067
v 10.9211184941 -0.2 2.92111849407
v 12.8 -0.2 2.83557788644
v 11.8831591018 -0.2 2.88315910181
v 12.8337979904 -0.2 2.83379799036
v 6.91437625972 -0.0856237402757 2.91437625972
v 7.8 -0.0730607295945 2.92693927041
v 7.8 0.8 2.83199571912
v 7.93139946859 -0.0686005314071 2.93139946859
v 8.8 -0.0742536997284 2.92574630027
v 8.8 0.8 2.85178191529
v 7.83324697314 0.8 2.83324697314
v 8.92989560906 -0.0701043909441 2.92989560906
v 9.8 -0.0763013933528 2.92369860665
v 9.8 0.8 2.86922538491
v 8.85364033376 0.8 2.85364033376
v 9.92753506502 -0.072464934979 2.92753506502
v 10.8 -0.0791651571874 2.92083484281
v 10.8 0.8 2.88455921911
v 9.87151024807 0.8 2.87151024807
v 10.920558687 -0.0794413129849 2.92055868702
v 11.8 -0.113040585454 2.88695941455
v 11.8 0.8 2.88245771563
v 10.8843580127 0.8 2.88435801271
v 11.886110594 -0.113889406027 2.88611059397
v 12.8 -0.163091396122 2.83690860388
v 12.8 0.8 2.87128241444
v 11.8816489072 0.8 2.88164890715
v 12.8363187557 -0.163681244253 2.83631875575
v 13.8 0.8 2.85386563293
v 12.8701832594 0.8 2.87018325943
v 14.8 0.8 2.83101636902
v 13.8527772072 0.8 2.8527772072
v 15.8 0.8 2.80342311968
v 14.8302626794 0.8 2.83026267937
v 15.8033085937 0.8 2.80330859368
v 7.8 0.820975045532 2.82097504553
v 7.82223186399 0.822231863993 2.82223186399
v 8.8 0.834847315204 2.8348473152
v 8.83682150648 0.836821506482 2.83682150648
v 9.8 0.847766543122 2.84776654312
v 9.85032717683 0.850327176834 2.85032717683
v 10.8 0.859759512428 2.85975951243
v 10.8621520672 0.862152067238 2.86215206724
v 11.8 0.86071882278 2.86071882278
v 11.8629278656 0.862927865628 2.86292786563
v 12.8 0.854796450246 2.85479645025
v 12.8563987585 0.856398758508 2.85639875851
v 13.8 0.843137345979 2.84313734598
v 13.8441107769 0.844110776894 2.84411077689
v 14.8 0.825825813373 2.82582581337
v 14.8262473423 0.826247342329 2.82624734233
v 15.8 0.802958067722 2.80295806772
v 15.8029939813 0.802993981298 2.8029939813
f 1 2 3
f 1 3 4
f 1 4 5
f 1 5 6
f 1 6 7
f 1 7 2
f 8 9 10
f 8 10 11
f 8 11 12
f 3 12 4
f 3 8 12
f 3 2 13
f 3 13 8
f 8 13 9
f 14 15 16
f 14 16 17
f 14 17 18
f 10 18 11
f 10 14 18
f 10 9 19
f 10 19 14
f 14 19 15
f 20 21 22
f 20 22 23
f 20 23 24
f 16 24 17
f 16 20 24
f 16 15 25
f 16 25 20
f 20 25 21
f 26 27 28
f 26 28 29
f 26 29 30
f 22 30 23
f 22 26 30
f 22 21 31
f 22 31 26
f 26 31 27
f 32 33 34
f 32 34 35
f 32 35 36
f 28 36 29
f 28 32 36
f 28 27 37
f 28 37 32
f 32 37 33
f 34 38 35
f 34 33 38
f 5 4 39
f 5 39 6
f 12 11 41
f 12 41 40
f 40 41 42
f 40 42 43
f 40 43 44
f 4 44 39
f 4 40 44
f 4 12 40
f 18 17 46
f 18 46 45
f 45 46 47
f 45 47 48
f 41 48 42
f 41 45 48
f 41 11 45
f 11 18 45
f 24 23 50
f 24 50 49
f 49 50 51
f 49 51 52
f 46 52 47
f 46 49 52
f 46 17 49
f 17 24 49
f 30 29 54
f 30 54 53
f 53 54 55
f 53 55 56
f 50 56 51
f 50 53 56
f 50 23 53
f 23 30 53
f 36 35 58
f 36 58 57
f 57 58 59
f 57 59 60
f 54 60 55
f 54 57 60
f 54 29 57
f 29 36 57
f 61 62 63
f 61 63 64
f 61 64 65
f 58 65 59
f 58 61 65
f 58 35 61
f 35 38 62
f 35 62 61
f 66 67 68
f 66 68 69
f 66 69 70
f 63 70 64
f 63 66 70
f 63 62 71
f 63 71 66
f 66 71 67
f 72 73 74
f 72 74 75
f 72 75 76
f 68 76 69
f 68 72 76
f 68 67 77
f 68 77 72
f 72 77 73
f 78 79 80
f 78 80 81
f 78 81 82
f 74 82 75
f 74 78 82
f 74 73 83
f 74 83 78
f 78 83 79
f 84 85 86
f 84 86 87
f 84 87 88
f 80 88 81
f 80 84 88
f 80 79 89
f 80 89 84
f 84 89 85
f 90 91 92
f 90 92 93
f 90 93 94
f 86 94 87
f 86 90 94
f 86 85 95
f 86 95 90
f 90 95 91
f 96 97 98
f 96 98 99
f 96 99 100
f 92 100 93
f 92 96 100
f 92 91 101
f 92 101 96
f 96 101 97
f 102 103 104
f 102 104 105
f 102 105 106
f 98 106 99
f 98 102 106
f 98 97 107
f 98 107 102
f 102 107 103
f 108 109 110
f 108 110 111
f 108 111 112
f 104 112 105
f 104 108 112
f 104 103 113
f 104 113 108
f 108 113 109
f 114 115 116
f 114 116 117
f 114 117 118
f 110 118 111
f 110 114 118
f 110 109 119
f 110 119 114
f 114 119 115
f 120 121 122
f 120 122 123
f 120 123 124
f 116 124 117
f 116 120 124
f 116 115 125
f 116 125 120
f 120 125 121
f 126 127 128
f 126 128 129
f 126 129 130
f 122 130 123
f 122 126 130
f 122 121 131
f 122 131 126
f 126 131 127
f 132 133 134
f 132 134 135
f 132 135 136
f 128 136 129
f 128 132 136
f 128 127 137
f 128 137 132
f 132 137 133
f 138 139 140
f 138 140 141
f 138 141 142
f 134 142 135
f 134 138 142
f 134 133 143
f 134 143 138
f 138 143 139
f 144 145 146
f 144 146 147
f 144 147 148
f 140 148 141
f 140 144 148
f 140 139 149
f 140 149 144
f 144 149 145
f 150 151 152
f 150 152 153
f 150 153 154
f 146 154 147
f 146 150 154
f 146 145 155
f 146 155 150
f 150 155 151
f 152 156 153
f 152 151 157
f 43 42 158
f 43 158 44
f 48 47 159
f 42 160 158
f 42 159 160
f 42 48 159
f 52 51 162
f 52 162 161
f 161 162 163
f 161 163 164
f 161 164 165
f 47 165 159
f 47 161 165
f 47 52 161
f 56 55 167
f 56 167 166
f 166 167 168
f 166 168 169
f 162 169 163
f 162 166 169
f 162 51 166
f 51 56 166
f 60 59 171
f 60 171 170
f 170 171 172
f 170 172 173
f 167 173 168
f 167 170 173
f 167 55 170
f 55 60 170
f 65 64 175
f 65 175 174
f 174 175 176
f 174 176 177
f 171 177 172
f 171 174 177
f 171 59 174
f 59 65 174
f 70 69 179
f 70 179 178
f 178 179 180
f 178 180 181
f 175 181 176
f 175 178 181
f 175 64 178
f 64 70 178
f 76 75 183
f 76 183 182
f 182 183 184
f 182 184 185
f 179 185 180
f 179 182 185
f 179 69 182
f 69 76 182
f 82 81 187
f 82 187 186
f 186 187 188
f 186 188 189
f 183 189 184
f 183 186 189
f 183 75 186
f 75 82 186
f 88 87 191
f 88 191 190
f 190 191 192
f 190 192 193
f 187 193 188
f 187 190 193
f 187 81 190
f 81 88 190
f 94 93 195
f 94 195 194
f 194 195 196
f 194 196 197
f 191 197 192
f 191 194 197
f 191 87 194
f 87 94 194
f 100 99 199
f 100 199 198
f 198 199 200
f 198 200 201
f 195 201 196
f 195 198 201
f 195 93 198
f 93 100 198
f 106 105 203
f 106 203 202
f 202 203 204
f 202 204 205
f 199 205 200
f 199 202 205
f 199 99 202
f 99 106 202
f 112 111 207
f 112 207 206
f 206 207 208
f 206 208 209
f 203 209 204
f 203 206 209
f 203 105 206
f 105 112 206
f 118 117 211
f 118 211 210
f 210 211 212
f 210 212 213
f 207 213 208
f 207 210 213
f 207 111 210
f 111 118 210
f 124 123 215
f 124 215 214
f 214 215 216
f 214 216 217
f 211 217 212
f 211 214 217
f 211 117 214
f 117 124 214
f 130 129 219
f 130 219 218
f 218 219 220
f 218 220 221
f 215 221 216
f 215 218 221
f 215 123 218
f 123 130 218
f 136 135 223
f 136 223 222
f 222 223 224
f 222 224 225
f 219 225 220
f 219 222 225
f 219 129 222
f 129 136 222
f 142 141 227
f 142 227 226
f 226 227 228
f 226 228 229
f 223 229 224
f 223 226 229
f 223 135 226
f 135 142 226
f 148 147 231
f 148 231 230
f 230 231 232
f 230 232 233
f 227 233 228
f 227 230 233
f 227 141 230
f 141 148 230
f 154 153 235
f 154 235 234
f 234 235 236
f 234 236 237
f 231 237 232
f 231 234 237
f 231 147 234
f 147 154 234
f 235 239 236
f 235 153 238
f 164 163 240
f 164 240 165
f 169 168 241
f 163 242 240
f 163 241 242
f 163 169 241
f 173 172 244
f 173 244 243
f 243 244 245
f 243 245 246
f 243 246 247
f 168 247 241
f 168 243 247
f 168 173 243
f 177 176 249
f 177 249 248
f 248 249 250
f 248 250 251
f 244 251 245
f 244 248 251
f 244 172 248
f 172 177 248
f 181 180 253
f 181 253 252
f 252 253 254
f 252 254 255
f 249 255 250
f 249 252 255
f 249 176 252
f 176 181 252
f 185 184 257
f 185 257 256
f 256 257 258
f 256 258 259
f 253 259 254
f 253 256 259
f 253 180 256
f 180 185 256
f 189 188 261
f 189 261 260
f 260 261 262
f 260 262 263
f 257 263 258
f 257 260 263
f 257 184 260
f 184 189 260
f 193 192 265
f 193 265 264
f 264 265 266
f 264 266 267
f 261 267 262
f 261 264 267
f 261 188 264
f 188 193 264
f 197 196 269
f 197 269 268
f 268 269 270
f 268 270 271
f 265 271 266
f 265 268 271
f 265 192 268
f 192 197 268
f 201 200 273
f 201 273 272
f 272 273 274
f 272 274 275
f 269 275 270
f 269 272 275
f 269 196 272
f 196 201 272
f 205 204 277
f 205 277 276
f 276 277 278
f 276 278 279
f 273 279 274
f 273 276 279
f 273 200 276
f 200 205 276
f 209 208 281
f 209 281 280
f 280 281 282
f 280 282 283
f 277 283 278
f 277 280 283
f 277 204 280
f 204 209 280
f 213 212 285
f 213 285 284
f 284 285 286
f 284 286 287
f 281 287 282
f 281 284 287
f 281 208 284
f 208 213 284
f 217 216 289
f 217 289 288
f 288 289 290
f 288 290 291
f 285 291 286
f 285 288 291
f 285 212 288
f 212 217 288
f 221 220 293
f 221 293 292
f 292 293 294
f 292 294 295
f 289 295 290
f 289 292 295
f 289 216 292
f 216 221 292
f 225 224 297
f 225 297 296
f 296 297 298
f 296 298 299
f 293 299 294
f 293 296 299
f 293 220 296
f 220 225 296
f 229 228 301
f 229 301 300
f 300 301 302
f 300 302 303
f 297 303 298
f 297 300 303
f 297 224 300
f 224 229 300
f 233 232 305
f 233 305 304
f 304 305 306
f 304 306 307
f 301 307 302
f 301 304 307
f 301 228 304
f 228 233 304
f 237 236 309
f 237 309 308
f 308 309 310
f 308 310 311
f 305 311 306
f 305 308 311
f 305 232 308
f 232 237 308
f 309 313 310
f 309 312 313
f 309 236 312
f 246 245 314
f 246 314 247
f 251 250 315
f 245 316 314
f 245 315 316
f 245 251 315
f 255 254 317
f 250 318 315
f 250 317 318
f 250 255 317
f 259 258 320
f 259 320 319
f 319 320 321
f 319 321 322
f 319 322 323
f 254 323 317
f 254 319 323
f 254 259 319
f 263 262 325
f 263 325 324
f 324 325 326
f 324 326 327
f 320 327 321
f 320 324 327
f 320 258 324
f 258 263 324
f 267 266 329
f 267 329 328
f 328 329 330
f 328 330 331
f 325 331 326
f 325 328 331
f 325 262 328
f 262 267 328
f 271 270 333
f 271 333 332
f 332 333 334
f 332 334 335
f 329 335 330
f 329 332 335
f 329 266 332
f 266 271 332
f 275 274 337
f 275 337 336
f 336 337 338
f 336 338 339
f 333 339 334
f 333 336 339
f 333 270 336
f 270 275 336
f 279 278 341
f 279 341 340
f 340 341 342
f 340 342 343
f 337 343 338
f 337 340 343
f 337 274 340
f 274 279 340
f 283 282 345
f 283 345 344
f 344 345 346
f 344 346 347
f 341 347 342
f 341 344 347
f 341 278 344
f 278 283 344
f 287 286 349
f 287 349 348
f 348 349 350
f 348 350 351
f 345 351 346
f 345 348 351
f 345 282 348
f 282 287 348
f 291 290 353
f 291 353 352
f 352 353 354
f 352 354 355
f 349 355 350
f 349 352 355
f 349 286 352
f 286 291 352
f 295 294 357
f 295 357 356
f 356 357 358
f 356 358 359
f 353 359 354
f 353 356 359
f 353 290 356
f 290 295 356
f 299 298 361
f 299 361 360
f 360 361 362
f 360 362 363
f 357 363 358
f 357 360 363
f 357 294 360
f 294 299 360
f 303 302 365
f 303 365 364
f 364 365 366
f 364 366 367
f 361 367 362
f 361 364 367
f 361 298 364
f 298 303 364
f 307 306 369
f 307 369 368
f 368 369 370
f 368 370 371
f 365 371 366
f 365 368 371
f 365 302 368
f 302 307 368
f 311 310 373
f 311 373 372
f 372 373 374
f 372 374 375
f 369 375 370
f 369 372 375
f 369 306 372
f 306 311 372
f 373 377 374
f 373 310 376
f 310 313 376
f 322 321 378
f 322 378 323
f 327 326 379
f 321 380 378
f 321 379 380
f 321 327 379
f 331 330 381
f 326 382 379
f 326 381 382
f 326 331 381
f 335 334 383
f 330 384 381
f 330 383 384
f 330 335 383
f 339 338 386
f 339 386 385
f 385 386 387
f 385 387 388
f 385 388 389
f 334 389 383
f 334 385 389
f 334 339 385
f 343 342 391
f 343 391 390
f 390 391 392
f 390 392 393
f 386 393 387
f 386 390 393
f 386 338 390
f 338 343 390
f 347 346 395
f 347 395 394
f 394 395 396
f 394 396 397
f 391 397 392
f 391 394 397
f 391 342 394
f 342 347 394
f 351 350 399
f 351 399 398
f 398 399 400
f 398 400 401
f 395 401 396
f 395 398 401
f 395 346 398
f 346 351 398
f 355 354 403
f 355 403 402
f 402 403 404
f 402 404 405
f 399 405 400
f 399 402 405
f 399 350 402
f 350 355 402
f 359 358 407
f 359 407 406
f 406 407 408
f 406 408 409
f 403 409 404
f 403 406 409
f 403 354 406
f 354 359 406
f 363 362 411
f 363 411 410
f 410 411 412
f 410 412 413
f 407 413 408
f 407 410 413
f 407 358 410
f 358 363 410
f 367 366 415
f 367 415 414
f 414 415 416
f 414 416 417
f 411 417 412
f 411 414 417
f 411 362 414
f 362 367 414
f 371 370 419
f 371 419 418
f 418 419 420
f 418 420 421
f 415 421 416
f 415 418 421
f 415 366 418
f 366 371 418
f 375 374 423
f 375 423 422
f 422 423 424
f 422 424 425
f 419 425 420
f 419 422 425
f 419 370 422
f 370 375 422
f 423 374 426
f 388 387 427
f 388 427 389
f 393 392 428
f 387 429 427
f 387 428 429
f 387 393 428
f 397 396 430
f 392 431 428
f 392 430 431
f 392 397 430
f 401 400 432
f 396 433 430
f 396 432 433
f 396 401 432
f 405 404 434
f 400 435 432
f 400 434 435
f 400 405 434
f 409 408 436
f 404 437 434
f 404 436 437
f 404 409 436
f 413 412 438
f 408 439 436
f 408 438 439
f 408 413 438
f 417 416 440
f 412 441 438
f 412 440 441
f 412 417 440
f 421 420 442
f 416 443 440
f 416 442 443
f 416 421 442
f 425 424 445
f 425 445 444
f 444 445 446
f 444 446 447
f 444 447 448
f 420 448 442
f 420 444 448
f 420 425 444
f 445 449 446
f 447 446 450
f 447 450 448
f 446 451 450
f 446 449 451
f 452 453 454
f 452 454 455
f 452 455 456
f 452 456 457
f 452 457 458
f 452 458 453
f 459 460 461
f 459 461 462
f 459 462 463
f 454 463 455
f 454 459 463
f 454 453 464
f 454 464 459
f 459 464 460
f 465 466 467
f 465 467 468
f 465 468 469
f 461 469 462
f 461 465 469
f 461 460 470
f 461 470 465
f 465 470 466
f 471 472 473
f 471 473 474
f 471 474 475
f 467 475 468
f 467 471 475
f 467 466 476
f 467 476 471
f 471 476 472
f 477 478 479
f 477 479 480
f 477 480 481
f 473 481 474
f 473 477 481
f 473 472 482
f 473 482 477
f 477 482 478
f 483 484 485
f 483 485 486
f 483 486 487
f 479 487 480
f 479 483 487
f 479 478 488
f 479 488 483
f 483 488 484
f 489 490 491
f 489 491 492
f 489 492 493
f 485 493 486
f 485 489 493
f 485 484 494
f 485 494 489
f 489 494 490
f 495 496 497
f 495 497 498
f 495 498 499
f 491 499 492
f 491 495 499
f 491 490 500
f 491 500 495
f 495 500 496
f 501 502 503
f 501 503 504
f 501 504 505
f 497 505 498
f 497 501 505
f 497 496 506
f 497 506 501
f 501 506 502
f 507 508 509
f 507 509 510
f 507 510 511
f 503 511 504
f 503 507 511
f 503 502 512
f 503 512 507
f 507 512 508
f 509 513 510
f 509 508 513
f 514 515 516
f 514 516 517
f 514 517 518
f 514 518 519
f 514 519 520
f 514 520 515
f 521 522 523
f 521 523 524
f 521 524 525
f 516 525 517
f 516 521 525
f 516 515 526
f 516 526 521
f 521 526 522
f 527 528 529
f 527 529 530
f 527 530 531
f 523 531 524
f 523 527 531
f 523 522 532
f 523 532 527
f 527 532 528
f 456 455 534
f 456 534 533
f 533 534 535
f 533 535 536
f 529 536 530
f 529 533 536
f 529 528 537
f 529 537 533
f 456 537 457
f 456 533 537
f 463 462 539
f 463 539 538
f 538 539 540
f 538 540 541
f 534 541 535
f 534 538 541
f 534 455 538
f 455 463 538
f 469 468 543
f 469 543 542
f 542 543 544
f 542 544 545
f 539 545 540
f 539 542 545
f 539 462 542
f 462 469 542
f 475 474 547
f 475 547 546
f 546 547 548
f 546 548 549
f 543 549 544
f 543 546 549
f 543 468 546
f 468 475 546
f 481 480 551
f 481 551 550
f 550 551 552
f 550 552 553
f 547 553 548
f 547 550 553
f 547 474 550
f 474 481 550
f 487 486 555
f 487 555 554
f 554 555 556
f 554 556 557
f 551 557 552
f 551 554 557
f 551 480 554
f 480 487 554
f 493 492 559
f 493 559 558
f 558 559 560
f 558 560 561
f 555 561 556
f 555 558 561
f 555 486 558
f 486 493 558
f 499 498 563
f 499 563 562
f 562 563 564
f 562 564 565
f 559 565 560
f 559 562 565
f 559 492 562
f 492 499 562
f 505 504 567
f 505 567 566
f 566 567 568
f 566 568 569
f 563 569 564
f 563 566 569
f 563 498 566
f 498 505 566
f 511 510 571
f 511 571 570
f 570 571 572
f 570 572 573
f 567 573 568
f 567 570 573
f 567 504 570
f 504 511 570
f 574 575 576
f 574 576 577
f 574 577 578
f 571 578 572
f 571 574 578
f 571 510 574
f 510 513 575
f 510 575 574
f 579 580 581
f 579 581 582
f 579 582 583
f 576 583 577
f 576 579 583
f 576 575 584
f 576 584 579
f 579 584 580
f 585 586 587
f 585 587 588
f 585 588 589
f 581 589 582
f 581 585 589
f 581 580 590
f 581 590 585
f 585 590 586
f 591 592 593
f 591 593 594
f 591 594 595
f 587 595 588
f 587 591 595
f 587 586 596
f 587 596 591
f 591 596 592
f 597 598 599
f 597 599 600
f 597 600 601
f 593 601 594
f 593 597 601
f 593 592 602
f 593 602 597
f 597 602 598
f 599 603 600
f 599 598 603
f 518 517 605
f 518 605 604
f 604 605 606
f 604 606 607
f 604 607 608
f 604 608 609
f 518 609 519
f 518 604 609
f 525 524 611
f 525 611 610
f 610 611 612
f 610 612 613
f 605 613 606
f 605 610 613
f 605 517 610
f 517 525 610
f 531 530 615
f 531 615 614
f 614 615 616
f 614 616 617
f 611 617 612
f 611 614 617
f 611 524 614
f 524 531 614
f 536 535 619
f 536 619 618
f 618 619 620
f 618 620 621
f 615 621 616
f 615 618 621
f 615 530 618
f 530 536 618
f 541 540 623
f 541 623 622
f 622 623 624
f 622 624 625
f 619 625 620
f 619 622 625
f 619 535 622
f 535 541 622
f 545 544 627
f 545 627 626
f 626 627 628
f 626 628 629
f 623 629 624
f 623 626 629
f 623 540 626
f 540 545 626
f 549 548 631
f 549 631 630
f 630 631 632
f 630 632 633
f 627 633 628
f 627 630 633
f 627 544 630
f 544 549 630
f 553 552 635
f 553 635 634
f 634 635 636
f 634 636 637
f 631 637 632
f 631 634 637
f 631 548 634
f 548 553 634
f 557 556 639
f 557 639 638
f 638 639 640
f 638 640 641
f 635 641 636
f 635 638 641
f 635 552 638
f 552 557 638
f 561 560 643
f 561 643 642
f 642 643 644
f 642 644 645
f 639 645 640
f 639 642 645
f 639 556 642
f 556 561 642
f 565 564 647
f 565 647 646
f 646 647 648
f 646 648 649
f 643 649 644
f 643 646 649
f 643 560 646
f 560 565 646
f 569 568 651
f 569 651 650
f 650 651 652
f 650 652 653
f 647 653 648
f 647 650 653
f 647 564 650
f 564 569 650
f 573 572 655
f 573 655 654
f 7 655 2
f 7 654 655
f 7 6 656
f 7 656 654
f 651 656 652
f 651 654 656
f 651 568 654
f 568 573 654
f 578 577 658
f 578 658 657
f 13 658 9
f 13 657 658
f 13 2 657
f 2 655 657
f 655 572 657
f 572 578 657
f 583 582 660
f 583 660 659
f 19 660 15
f 19 659 660
f 19 9 659
f 9 658 659
f 658 577 659
f 577 583 659
f 589 588 662
f 589 662 661
f 25 662 21
f 25 661 662
f 25 15 661
f 15 660 661
f 660 582 661
f 582 589 661
f 595 594 664
f 595 664 663
f 31 664 27
f 31 663 664
f 31 21 663
f 21 662 663
f 662 588 663
f 588 595 663
f 601 600 666
f 601 666 665
f 37 666 33
f 37 665 666
f 37 27 665
f 27 664 665
f 664 594 665
f 594 601 665
f 667 668 669
f 667 669 670
f 33 670 38
f 33 667 670
f 33 666 667
f 666 600 667
f 600 603 668
f 600 668 667
f 671 672 673
f 671 673 674
f 671 674 675
f 669 675 670
f 669 671 675
f 669 668 676
f 669 676 671
f 671 676 672
f 677 678 679
f 677 679 680
f 677 680 681
f 673 681 674
f 673 677 681
f 673 672 682
f 673 682 677
f 677 682 678
f 683 684 685
f 683 685 686
f 683 686 687
f 679 687 680
f 679 683 687
f 679 678 688
f 679 688 683
f 683 688 684
f 689 690 691
f 689 691 692
f 689 692 693
f 685 693 686
f 685 689 693
f 685 684 694
f 685 694 689
f 689 694 690
f 695 696 697
f 695 697 698
f 695 698 699
f 691 699 692
f 691 695 699
f 691 690 700
f 691 700 695
f 695 700 696
f 701 702 703
f 701 703 704
f 701 704 705
f 697 705 698
f 697 701 705
f 697 696 706
f 697 706 701
f 701 706 702
f 707 708 709
f 707 709 710
f 707 710 711
f 703 711 704
f 703 707 711
f 703 702 712
f 703 712 707
f 707 712 708
f 713 714 715
f 713 715 716
f 713 716 717
f 709 717 710
f 709 713 717
f 709 708 718
f 709 718 713
f 713 718 714
f 719 720 721
f 719 721 722
f 719 722 723
f 715 723 716
f 715 719 723
f 715 714 724
f 715 724 719
f 719 724 720
f 725 726 727
f 725 727 728
f 725 728 729
f 721 729 722
f 721 725 729
f 721 720 730
f 721 730 725
f 725 730 726
f 731 732 733
f 731 733 734
f 731 734 735
f 727 735 728
f 727 731 735
f 727 726 736
f 727 736 731
f 731 736 732
f 737 738 739
f 737 739 740
f 737 740 741
f 733 741 734
f 733 737 741
f 733 732 742
f 733 742 737
f 737 742 738
f 743 744 745
f 743 745 746
f 743 746 747
f 739 747 740
f 739 743 747
f 739 738 748
f 739 748 743
f 743 748 744
f 749 750 751
f 749 751 752
f 749 752 753
f 745 753 746
f 745 749 753
f 745 744 754
f 745 754 749
f 749 754 750
f 755 756 757
f 755 757 758
f 755 758 759
f 751 759 752
f 751 755 759
f 751 750 760
f 751 760 755
f 755 760 756
f 757 761 758
f 757 756 762
f 607 606 763
f 607 763 608
f 613 612 764
f 606 765 763
f 606 764 765
f 606 613 764
f 617 616 766
f 612 767 764
f 612 766 767
f 612 617 766
f 621 620 768
f 616 769 766
f 616 768 769
f 616 621 768
f 625 624 770
f 620 771 768
f 620 770 771
f 620 625 770
f 629 628 772
f 624 773 770
f 624 772 773
f 624 629 772
f 633 632 774
f 628 775 772
f 628 774 775
f 628 633 774
f 637 636 777
f 637 777 776
f 776 777 778
f 776 778 779
f 776 779 780
f 632 780 774
f 632 776 780
f 632 637 776
f 641 640 782
f 641 782 781
f 781 782 783
f 781 783 784
f 777 784 778
f 777 781 784
f 777 636 781
f 636 641 781
f 645 644 786
f 645 786 785
f 785 786 787
f 785 787 788
f 782 788 783
f 782 785 788
f 782 640 785
f 640 645 785
f 649 648 790
f 649 790 789
f 789 790 791
f 789 791 792
f 786 792 787
f 786 789 792
f 786 644 789
f 644 649 789
f 653 652 794
f 653 794 793
f 793 794 795
f 793 795 796
f 790 796 791
f 790 793 796
f 790 648 793
f 648 653 793
f 656 6 797
f 6 39 798
f 6 798 797
f 797 798 799
f 794 799 795
f 794 797 799
f 794 652 797
f 652 656 797
f 39 44 800
f 39 800 798
f 38 670 801
f 38 801 62
f 675 674 803
f 675 803 802
f 71 803 67
f 71 802 803
f 71 62 802
f 62 801 802
f 801 670 802
f 670 675 802
f 681 680 805
f 681 805 804
f 77 805 73
f 77 804 805
f 77 67 804
f 67 803 804
f 803 674 804
f 674 681 804
f 687 686 807
f 687 807 806
f 83 807 79
f 83 806 807
f 83 73 806
f 73 805 806
f 805 680 806
f 680 687 806
f 693 692 809
f 693 809 808
f 89 809 85
f 89 808 809
f 89 79 808
f 79 807 808
f 807 686 808
f 686 693 808
f 699 698 811
f 699 811 810
f 95 811 91
f 95 810 811
f 95 85 810
f 85 809 810
f 809 692 810
f 692 699 810
f 705 704 813
f 705 813 812
f 101 813 97
f 101 812 813
f 101 91 812
f 91 811 812
f 811 698 812
f 698 705 812
f 711 710 815
f 711 815 814
f 107 815 103
f 107 814 815
f 107 97 814
f 97 813 814
f 813 704 814
f 704 711 814
f 717 716 817
f 717 817 816
f 113 817 109
f 113 816 817
f 113 103 816
f 103 815 816
f 815 710 816
f 710 717 816
f 723 722 819
f 723 819 818
f 119 819 115
f 119 818 819
f 119 109 818
f 109 817 818
f 817 716 818
f 716 723 818
f 729 728 821
f 729 821 820
f 125 821 121
f 125 820 821
f 125 115 820
f 115 819 820
f 819 722 820
f 722 729 820
f 735 734 823
f 735 823 822
f 131 823 127
f 131 822 823
f 131 121 822
f 121 821 822
f 821 728 822
f 728 735 822
f 741 740 825
f 741 825 824
f 137 825 133
f 137 824 825
f 137 127 824
f 127 823 824
f 823 734 824
f 734 741 824
f 747 746 827
f 747 827 826
f 143 827 139
f 143 826 827
f 143 133 826
f 133 825 826
f 825 740 826
f 740 747 826
f 753 752 829
f 753 829 828
f 149 829 145
f 149 828 829
f 149 139 828
f 139 827 828
f 827 746 828
f 746 753 828
f 759 758 831
f 759 831 830
f 155 831 151
f 155 830 831
f 155 145 830
f 145 829 830
f 829 752 830
f 752 759 830
f 157 151 832
f 151 831 832
f 831 758 832
f 758 761 832
f 779 778 833
f 779 833 780
f 784 783 834
f 778 835 833
f 778 834 835
f 778 784 834
f 788 787 836
f 783 837 834
f 783 836 837
f 783 788 836
f 792 791 838
f 787 839 836
f 787 838 839
f 787 792 838
f 796 795 841
f 796 841 840
f 840 841 842
f 840 842 843
f 840 843 844
f 791 844 838
f 791 840 844
f 791 796 840
f 799 798 846
f 799 846 845
f 845 846 847
f 845 847 848
f 841 848 842
f 841 845 848
f 841 795 845
f 795 799 845
f 800 44 849
f 44 158 850
f 44 850 849
f 849 850 851
f 846 851 847
f 846 849 851
f 846 798 849
f 798 800 849
f 160 159 852
f 160 853 158
f 160 852 853
f 158 853 850
f 159 165 854
f 159 854 852
f 843 842 855
f 843 855 844
f 848 847 856
f 842 857 855
f 842 856 857
f 842 848 856
f 851 850 858
f 847 859 856
f 847 858 859
f 847 851 858
f 853 852 861
f 853 861 860
f 860 861 862
f 860 862 863
f 860 863 864
f 850 864 858
f 850 860 864
f 850 853 860
f 854 165 865
f 165 240 866
f 165 866 865
f 865 866 867
f 861 867 862
f 861 865 867
f 861 852 865
f 852 854 865
f 242 241 868
f 242 869 240
f 242 868 869
f 240 869 866
f 241 247 870
f 241 870 868
f 863 862 871
f 863 871 864
f 867 866 872
f 862 873 871
f 862 872 873
f 862 867 872
f 869 868 874
f 866 875 872
f 866 874 875
f 866 869 874
f 870 247 876
f 247 314 877
f 247 877 876
f 876 877 878
f 876 878 879
f 868 879 874
f 868 876 879
f 868 870 876
f 316 315 880
f 316 881 314
f 316 880 881
f 314 881 877
f 318 317 882
f 318 883 315
f 318 882 883
f 315 883 880
f 317 323 884
f 317 884 882
f 878 877 885
f 878 885 879
f 881 880 886
f 877 887 885
f 877 886 887
f 877 881 886
f 883 882 888
f 880 889 886
f 880 888 889
f 880 883 888
f 884 323 890
f 323 378 891
f 323 891 890
f 890 891 892
f 890 892 893
f 882 893 888
f 882 890 893
f 882 884 890
f 380 379 894
f 380 895 378
f 380 894 895
f 378 895 891
f 382 381 896
f 382 897 379
f 382 896 897
f 379 897 894
f 384 383 898
f 384 899 381
f 384 898 899
f 381 899 896
f 383 389 900
f 383 900 898
f 892 891 901
f 892 901 893
f 895 894 902
f 891 903 901
f 891 902 903
f 891 895 902
f 897 896 904
f 894 905 902
f 894 904 905
f 894 897 904
f 899 898 906
f 896 907 904
f 896 906 907
f 896 899 906
f 900 909 908
f 900 389 909
f 389 427 909
f 898 910 906
f 898 908 910
f 898 900 908
f 429 428 911
f 429 912 427
f 429 911 912
f 427 913 909
f 427 912 913
f 909 913 908
f 431 430 914
f 431 915 428
f 431 914 915
f 428 915 911
f 433 432 916
f 433 917 430
f 433 916 917
f 430 917 914
f 435 434 918
f 435 919 432
f 435 918 919
f 432 919 916
f 437 436 920
f 437 921 434
f 437 920 921
f 434 921 918
f 439 438 922
f 439 923 436
f 439 922 923
f 436 923 920
f 441 440 924
f 441 925 438
f 441 924 925
f 438 925 922
f 443 442 926
f 443 927 440
f 443 926 927
f 440 927 924
f 442 448 928
f 442 928 926
f 912 911 929
f 912 929 913
f 915 914 930
f 911 931 929
f 911 930 931
f 911 915 930
f 917 916 932
f 914 933 930
f 914 932 933
f 914 917 932
f 919 918 934
f 916 935 932
f 916 934 935
f 916 919 934
f 921 920 936
f 918 937 934
f 918 936 937
f 918 921 936
f 923 922 938
f 920 939 936
f 920 938 939
f 920 923 938
f 925 924 940
f 922 941 938
f 922 940 941
f 922 925 940
f 927 926 942
f 924 943 940
f 924 942 943
f 924 927 942
f 928 448 944
f 448 450 945
f 448 945 944
f 944 945 946
f 944 946 947
f 926 947 942
f 926 944 947
f 926 928 944
f 451 948 450
f 946 945 949
f 946 949 947
f 945 950 949
f 951 952 953
f 951 953 954
f 951 954 955
f 951 955 956
f 951 956 957
f 951 957 952
f 958 959 960
f 958 960 961
f 958 961 962
f 953 962 954
f 953 958 962
f 953 952 963
f 953 963 958
f 958 963 959
f 964 965 966
f 964 966 967
f 964 967 968
f 960 968 961
f 960 964 968
f 960 959 969
f 960 969 964
f 964 969 965
f 970 971 972
f 970 972 973
f 970 973 974
f 966 974 967
f 966 970 974
f 966 965 975
f 966 975 970
f 970 975 971
f 976 977 978
f 976 978 979
f 976 979 980
f 972 980 973
f 972 976 980
f 972 971 981
f 972 981 976
f 976 981 977
f 982 983 984
f 982 984 985
f 982 985 986
f 978 986 979
f 978 982 986
f 978 977 987
f 978 987 982
f 982 987 983
f 988 989 990
f 988 990 991
f 988 991 992
f 984 992 985
f 984 988 992
f 984 983 993
f 984 993 988
f 988 993 989
f 994 995 996
f 994 996 997
f 994 997 998
f 990 998 991
f 990 994 998
f 990 989 999
f 990 999 994
f 994 999 995
f 1000 1001 1002
f 1000 1002 1003
f 1000 1003 1004
f 996 1004 997
f 996 1000 1004
f 996 995 1005
f 996 1005 1000
f 1000 1005 1001
f 1006 1007 1008
f 1006 1008 1009
f 1006 1009 1010
f 1002 1010 1003
f 1002 1006 1010
f 1002 1001 1011
f 1002 1011 1006
f 1006 1011 1007
f 1008 1012 1009
f 1008 1007 1012
f 1013 1014 1015
f 1013 1015 1016
f 1013 1016 1017
f 1013 1017 1018
f 1013 1018 1019
f 1013 1019 1014
f 1020 1021 1022
f 1020 1022 1023
f 1020 1023 1024
f 1015 1024 1016
f 1015 1020 1024
f 1015 1014 1025
f 1015 1025 1020
f 1020 1025 1021
f 1026 1027 1028
f 1026 1028 1029
f 1026 1029 1030
f 1022 1030 1023
f 1022 1026 1030
f 1022 1021 1031
f 1022 1031 1026
f 1026 1031 1027
f 1032 1033 1034
f 1032 1034 1035
f 1032 1035 1036
f 1028 1036 1029
f 1028 1032 1036
f 1028 1027 1037
f 1028 1037 1032
f 1032 1037 1033
f 1038 1039 1040
f 1038 1040 1041
f 1038 1041 1042
f 1034 1042 1035
f 1034 1038 1042
f 1034 1033 1043
f 1034 1043 1038
f 1038 1043 1039
f 1044 1045 1046
f 1044 1046 1047
f 1044 1047 1048
f 1040 1048 1041
f 1040 1044 1048
f 1040 1039 1049
f 1040 1049 1044
f 1044 1049 1045
f 1050 1051 1052
f 1050 1052 1053
f 1050 1053 1054
f 1046 1054 1047
f 1046 1050 1054
f 1046 1045 1055
f 1046 1055 1050
f 1050 1055 1051
f 1056 1057 1058
f 1056 1058 1059
f 1056 1059 1060
f 1052 1060 1053
f 1052 1056 1060
f 1052 1051 1061
f 1052 1061 1056
f 1056 1061 1057
f 1058 1062 1059
f 1058 1057 1062
f 955 954 1063
f 955 1063 956
f 962 961 1065
f 962 1065 1064
f 1064 1065 1066
f 1064 1066 1067
f 1064 1067 1068
f 954 1068 1063
f 954 1064 1068
f 954 962 1064
f 968 967 1070
f 968 1070 1069
f 1069 1070 1071
f 1069 1071 1072
f 1065 1072 1066
f 1065 1069 1072
f 1065 961 1069
f 961 968 1069
f 974 973 1074
f 974 1074 1073
f 1073 1074 1075
f 1073 1075 1076
f 1070 1076 1071
f 1070 1073 1076
f 1070 967 1073
f 967 974 1073
f 980 979 1078
f 980 1078 1077
f 1077 1078 1079
f 1077 1079 1080
f 1074 1080 1075
f 1074 1077 1080
f 1074 973 1077
f 973 980 1077
f 986 985 1082
f 986 1082 1081
f 1081 1082 1083
f 1081 1083 1084
f 1078 1084 1079
f 1078 1081 1084
f 1078 979 1081
f 979 986 1081
f 992 991 1086
f 992 1086 1085
f 1085 1086 1087
f 1085 1087 1088
f 1082 1088 1083
f 1082 1085 1088
f 1082 985 1085
f 985 992 1085
f 998 997 1090
f 998 1090 1089
f 1089 1090 1091
f 1089 1091 1092
f 1086 1092 1087
f 1086 1089 1092
f 1086 991 1089
f 991 998 1089
f 1004 1003 1094
f 1004 1094 1093
f 1093 1094 1095
f 1093 1095 1096
f 1090 1096 1091
f 1090 1093 1096
f 1090 997 1093
f 997 1004 1093
f 1010 1009 1098
f 1010 1098 1097
f 1097 1098 1099
f 1097 1099 1100
f 1094 1100 1095
f 1094 1097 1100
f 1094 1003 1097
f 1003 1010 1097
f 1101 1102 1103
f 1101 1103 1104
f 1101 1104 1105
f 1098 1105 1099
f 1098 1101 1105
f 1098 1009 1101
f 1009 1012 1102
f 1009 1102 1101
f 1106 1107 1108
f 1106 1108 1109
f 1106 1109 1110
f 1103 1110 1104
f 1103 1106 1110
f 1103 1102 1111
f 1103 1111 1106
f 1106 1111 1107
f 1112 1113 1114
f 1112 1114 1115
f 1112 1115 1116
f 1108 1116 1109
f 1108 1112 1116
f 1108 1107 1117
f 1108 1117 1112
f 1112 1117 1113
f 1118 1119 1120
f 1118 1120 1121
f 1118 1121 1122
f 1114 1122 1115
f 1114 1118 1122
f 1114 1113 1123
f 1114 1123 1118
f 1118 1123 1119
f 1017 1016 1125
f 1017 1125 1124
f 458 1125 453
f 458 1124 1125
f 458 457 1126
f 458 1126 1124
f 1120 1126 1121
f 1120 1124 1126
f 1120 1119 1127
f 1120 1127 1124
f 1017 1127 1018
f 1017 1124 1127
f 1024 1023 1129
f 1024 1129 1128
f 464 1129 460
f 464 1128 1129
f 464 453 1128
f 453 1125 1128
f 1125 1016 1128
f 1016 1024 1128
f 1030 1029 1131
f 1030 1131 1130
f 470 1131 466
f 470 1130 1131
f 470 460 1130
f 460 1129 1130
f 1129 1023 1130
f 1023 1030 1130
f 1036 1035 1133
f 1036 1133 1132
f 476 1133 472
f 476 1132 1133
f 476 466 1132
f 466 1131 1132
f 1131 1029 1132
f 1029 1036 1132
f 1042 1041 1135
f 1042 1135 1134
f 482 1135 478
f 482 1134 1135
f 482 472 1134
f 472 1133 1134
f 1133 1035 1134
f 1035 1042 1134
f 1048 1047 1137
f 1048 1137 1136
f 488 1137 484
f 488 1136 1137
f 488 478 1136
f 478 1135 1136
f 1135 1041 1136
f 1041 1048 1136
f 1054 1053 1139
f 1054 1139 1138
f 494 1139 490
f 494 1138 1139
f 494 484 1138
f 484 1137 1138
f 1137 1047 1138
f 1047 1054 1138
f 1060 1059 1141
f 1060 1141 1140
f 500 1141 496
f 500 1140 1141
f 500 490 1140
f 490 1139 1140
f 1139 1053 1140
f 1053 1060 1140
f 1142 1143 1144
f 506 1144 502
f 506 1142 1144
f 506 496 1142
f 496 1141 1142
f 1141 1059 1142
f 1059 1062 1143
f 1059 1143 1142
f 1145 1146 1147
f 512 1147 508
f 512 1145 1147
f 512 502 1145
f 502 1144 1145
f 1144 1143 1148
f 1144 1148 1145
f 1145 1148 1146
f 1149 1150 1151
f 1149 1151 1152
f 508 1152 513
f 508 1149 1152
f 508 1147 1149
f 1147 1146 1153
f 1147 1153 1149
f 1149 1153 1150
f 1151 1154 1152
f 1151 1150 1154
f 1067 1066 1155
f 1067 1155 1068
f 1072 1071 1156
f 1066 1157 1155
f 1066 1156 1157
f 1066 1072 1156
f 1076 1075 1158
f 1071 1159 1156
f 1071 1158 1159
f 1071 1076 1158
f 1080 1079 1161
f 1080 1161 1160
f 1160 1161 1162
f 1160 1162 1163
f 1160 1163 1164
f 1075 1164 1158
f 1075 1160 1164
f 1075 1080 1160
f 1084 1083 1166
f 1084 1166 1165
f 1165 1166 1167
f 1165 1167 1168
f 1161 1168 1162
f 1161 1165 1168
f 1161 1079 1165
f 1079 1084 1165
f 1088 1087 1170
f 1088 1170 1169
f 1169 1170 1171
f 1169 1171 1172
f 1166 1172 1167
f 1166 1169 1172
f 1166 1083 1169
f 1083 1088 1169
f 1092 1091 1174
f 1092 1174 1173
f 1173 1174 1175
f 1173 1175 1176
f 1170 1176 1171
f 1170 1173 1176
f 1170 1087 1173
f 1087 1092 1173
f 1096 1095 1178
f 1096 1178 1177
f 1177 1178 1179
f 1177 1179 1180
f 1174 1180 1175
f 1174 1177 1180
f 1174 1091 1177
f 1091 1096 1177
f 1100 1099 1182
f 1100 1182 1181
f 1181 1182 1183
f 1181 1183 1184
f 1178 1184 1179
f 1178 1181 1184
f 1178 1095 1181
f 1095 1100 1181
f 1105 1104 1186
f 1105 1186 1185
f 1185 1186 1187
f 1185 1187 1188
f 1182 1188 1183
f 1182 1185 1188
f 1182 1099 1185
f 1099 1105 1185
f 1110 1109 1190
f 1110 1190 1189
f 520 1190 515
f 520 1189 1190
f 520 519 1191
f 520 1191 1189
f 1186 1191 1187
f 1186 1189 1191
f 1186 1104 1189
f 1104 1110 1189
f 1116 1115 1193
f 1116 1193 1192
f 526 1193 522
f 526 1192 1193
f 526 515 1192
f 515 1190 1192
f 1190 1109 1192
f 1109 1116 1192
f 1122 1121 1195
f 1122 1195 1194
f 532 1195 528
f 532 1194 1195
f 532 522 1194
f 522 1193 1194
f 1193 1115 1194
f 1115 1122 1194
f 1126 457 1196
f 457 537 1196
f 537 528 1196
f 528 1195 1196
f 1195 1121 1196
f 1121 1126 1196
f 513 1152 1197
f 513 1197 575
f 1198 1199 1200
f 584 1200 580
f 584 1198 1200
f 584 575 1198
f 575 1197 1198
f 1197 1152 1198
f 1152 1154 1199
f 1152 1199 1198
f 1201 1202 1203
f 590 1203 586
f 590 1201 1203
f 590 580 1201
f 580 1200 1201
f 1200 1199 1204
f 1200 1204 1201
f 1201 1204 1202
f 1205 1206 1207
f 596 1207 592
f 596 1205 1207
f 596 586 1205
f 586 1203 1205
f 1203 1202 1208
f 1203 1208 1205
f 1205 1208 1206
f 1209 1210 1211
f 602 1211 598
f 602 1209 1211
f 602 592 1209
f 592 1207 1209
f 1207 1206 1212
f 1207 1212 1209
f 1209 1212 1210
f 1213 1214 1215
f 1213 1215 1216
f 598 1216 603
f 598 1213 1216
f 598 1211 1213
f 1211 1210 1217
f 1211 1217 1213
f 1213 1217 1214
f 1215 1218 1216
f 1215 1214 1218
f 1219 1220 1221
f 1219 1221 1222
f 1219 1222 1223
f 1219 1223 1224
f 1219 1224 1225
f 1219 1225 1220
f 1221 1226 1222
f 1221 1220 1226
f 1163 1162 1227
f 1163 1227 1164
f 1168 1167 1228
f 1162 1229 1227
f 1162 1228 1229
f 1162 1168 1228
f 1172 1171 1231
f 1172 1231 1230
f 1230 1231 1232
f 1230 1232 1233
f 1230 1233 1234
f 1167 1234 1228
f 1167 1230 1234
f 1167 1172 1230
f 1176 1175 1236
f 1176 1236 1235
f 1235 1236 1237
f 1235 1237 1238
f 1231 1238 1232
f 1231 1235 1238
f 1231 1171 1235
f 1171 1176 1235
f 1180 1179 1240
f 1180 1240 1239
f 1239 1240 1241
f 1239 1241 1242
f 1236 1242 1237
f 1236 1239 1242
f 1236 1175 1239
f 1175 1180 1239
f 1184 1183 1244
f 1184 1244 1243
f 1243 1244 1245
f 1243 1245 1246
f 1240 1246 1241
f 1240 1243 1246
f 1240 1179 1243
f 1179 1184 1243
f 1188 1187 1248
f 1188 1248 1247
f 1247 1248 1249
f 1247 1249 1250
f 1244 1250 1245
f 1244 1247 1250
f 1244 1183 1247
f 1183 1188 1247
f 1191 519 1251
f 519 609 1251
f 609 608 1252
f 609 1252 1251
f 1248 1252 1249
f 1248 1251 1252
f 1248 1187 1251
f 1187 1191 1251
f 603 1216 1253
f 603 1253 668
f 1254 1255 1256
f 676 1256 672
f 676 1254 1256
f 676 668 1254
f 668 1253 1254
f 1253 1216 1254
f 1216 1218 1255
f 1216 1255 1254
f 1257 1258 1259
f 682 1259 678
f 682 1257 1259
f 682 672 1257
f 672 1256 1257
f 1256 1255 1260
f 1256 1260 1257
f 1257 1260 1258
f 1261 1262 1263
f 688 1263 684
f 688 1261 1263
f 688 678 1261
f 678 1259 1261
f 1259 1258 1264
f 1259 1264 1261
f 1261 1264 1262
f 1265 1266 1267
f 694 1267 690
f 694 1265 1267
f 694 684 1265
f 684 1263 1265
f 1263 1262 1268
f 1263 1268 1265
f 1265 1268 1266
f 1269 1270 1271
f 700 1271 696
f 700 1269 1271
f 700 690 1269
f 690 1267 1269
f 1267 1266 1272
f 1267 1272 1269
f 1269 1272 1270
f 1273 1274 1275
f 706 1275 702
f 706 1273 1275
f 706 696 1273
f 696 1271 1273
f 1271 1270 1276
f 1271 1276 1273
f 1273 1276 1274
f 1277 1278 1279
f 712 1279 708
f 712 1277 1279
f 712 702 1277
f 702 1275 1277
f 1275 1274 1280
f 1275 1280 1277
f 1277 1280 1278
f 1281 1282 1283
f 718 1283 714
f 718 1281 1283
f 718 708 1281
f 708 1279 1281
f 1279 1278 1284
f 1279 1284 1281
f 1281 1284 1282
f 1285 1286 1287
f 724 1287 720
f 724 1285 1287
f 724 714 1285
f 714 1283 1285
f 1283 1282 1288
f 1283 1288 1285
f 1285 1288 1286
f 1289 1290 1291
f 730 1291 726
f 730 1289 1291
f 730 720 1289
f 720 1287 1289
f 1287 1286 1292
f 1287 1292 1289
f 1289 1292 1290
f 1293 1294 1295
f 736 1295 732
f 736 1293 1295
f 736 726 1293
f 726 1291 1293
f 1291 1290 1296
f 1291 1296 1293
f 1293 1296 1294
f 1297 1298 1299
f 742 1299 738
f 742 1297 1299
f 742 732 1297
f 732 1295 1297
f 1295 1294 1300
f 1295 1300 1297
f 1297 1300 1298
f 1301 1302 1303
f 748 1303 744
f 748 1301 1303
f 748 738 1301
f 738 1299 1301
f 1299 1298 1304
f 1299 1304 1301
f 1301 1304 1302
f 1305 1306 1307
f 754 1307 750
f 754 1305 1307
f 754 744 1305
f 744 1303 1305
f 1303 1302 1308
f 1303 1308 1305
f 1305 1308 1306
f 1223 1222 1310
f 1223 1310 1309
f 760 1310 756
f 760 1309 1310
f 760 750 1309
f 750 1307 1309
f 1307 1306 1311
f 1307 1311 1309
f 1223 1311 1224
f 1223 1309 1311
f 762 756 1312
f 756 1310 1312
f 1310 1222 1312
f 1233 1232 1313
f 1233 1313 1234
f 1238 1237 1314
f 1232 1315 1313
f 1232 1314 1315
f 1232 1238 1314
f 1242 1241 1316
f 1237 1317 1314
f 1237 1316 1317
f 1237 1242 1316
f 1246 1245 1318
f 1241 1319 1316
f 1241 1318 1319
f 1241 1246 1318
f 1250 1249 1321
f 1250 1321 1320
f 1320 1321 1322
f 1320 1322 1323
f 1320 1323 1324
f 1245 1324 1318
f 1245 1320 1324
f 1245 1250 1320
f 1252 608 1325
f 608 763 1326
f 608 1326 1325
f 1325 1326 1327
f 1321 1327 1322
f 1321 1325 1327
f 1321 1249 1325
f 1249 1252 1325
f 765 764 1328
f 765 1329 763
f 765 1328 1329
f 763 1329 1326
f 767 766 1330
f 767 1331 764
f 767 1330 1331
f 764 1331 1328
f 769 768 1332
f 769 1333 766
f 769 1332 1333
f 766 1333 1330
f 771 770 1334
f 771 1335 768
f 771 1334 1335
f 768 1335 1332
f 773 772 1336
f 773 1337 770
f 773 1336 1337
f 770 1337 1334
f 775 774 1338
f 775 1339 772
f 775 1338 1339
f 772 1339 1336
f 774 780 1340
f 774 1340 1338
f 1323 1322 1341
f 1323 1341 1324
f 1327 1326 1342
f 1322 1343 1341
f 1322 1342 1343
f 1322 1327 1342
f 1329 1328 1344
f 1326 1345 1342
f 1326 1344 1345
f 1326 1329 1344
f 1331 1330 1346
f 1328 1347 1344
f 1328 1346 1347
f 1328 1331 1346
f 1333 1332 1348
f 1330 1349 1346
f 1330 1348 1349
f 1330 1333 1348
f 1335 1334 1350
f 1332 1351 1348
f 1332 1350 1351
f 1332 1335 1350
f 1337 1336 1352
f 1334 1353 1350
f 1334 1352 1353
f 1334 1337 1352
f 1339 1338 1354
f 1336 1355 1352
f 1336 1354 1355
f 1336 1339 1354
f 1340 1357 1356
f 1340 780 1357
f 780 833 1357
f 1338 1358 1354
f 1338 1356 1358
f 1338 1340 1356
f 1359 1361 1360
f 835 1361 1359
f 835 834 1361
f 835 1359 833
f 833 1359 1357
f 1357 1359 1362
f 1357 1362 1356
f 1359 1360 1362
f 837 836 1363
f 837 1364 834
f 837 1363 1364
f 834 1365 1361
f 834 1364 1365
f 1361 1365 1360
f 839 838 1366
f 839 1367 836
f 839 1366 1367
f 836 1367 1363
f 838 844 1368
f 838 1368 1366
f 1364 1363 1369
f 1364 1369 1365
f 1367 1366 1370
f 1363 1371 1369
f 1363 1370 1371
f 1363 1367 1370
f 1368 1373 1372
f 1368 844 1373
f 844 855 1373
f 1366 1374 1370
f 1366 1372 1374
f 1366 1368 1372
f 1375 1377 1376
f 857 1377 1375
f 857 856 1377
f 857 1375 855
f 855 1375 1373
f 1373 1375 1378
f 1373 1378 1372
f 1375 1376 1378
f 859 858 1379
f 859 1380 856
f 859 1379 1380
f 856 1381 1377
f 856 1380 1381
f 1377 1381 1376
f 858 864 1382
f 858 1382 1379
f 1380 1379 1383
f 1380 1383 1381
f 1382 1385 1384
f 1382 864 1385
f 864 871 1385
f 1379 1386 1383
f 1379 1384 1386
f 1379 1382 1384
f 1387 1389 1388
f 873 1389 1387
f 873 872 1389
f 873 1387 871
f 871 1387 1385
f 1385 1387 1390
f 1385 1390 1384
f 1387 1388 1390
f 875 874 1391
f 875 1392 872
f 875 1391 1392
f 872 1393 1389
f 872 1392 1393
f 1389 1393 1388
f 874 879 1394
f 874 1394 1391
f 1392 1391 1395
f 1392 1395 1393
f 1394 1397 1396
f 1394 879 1397
f 879 885 1397
f 1391 1398 1395
f 1391 1396 1398
f 1391 1394 1396
f 1399 1401 1400
f 887 1401 1399
f 887 886 1401
f 887 1399 885
f 885 1399 1397
f 1397 1399 1402
f 1397 1402 1396
f 1399 1400 1402
f 889 888 1403
f 889 1404 886
f 889 1403 1404
f 886 1405 1401
f 886 1404 1405
f 1401 1405 1400
f 888 893 1406
f 888 1406 1403
f 1404 1403 1407
f 1404 1407 1405
f 1406 1409 1408
f 1406 893 1409
f 893 901 1409
f 1403 1410 1407
f 1403 1408 1410
f 1403 1406 1408
f 1411 1413 1412
f 903 1413 1411
f 903 902 1413
f 903 1411 901
f 901 1411 1409
f 1409 1411 1414
f 1409 1414 1408
f 1411 1412 1414
f 1415 1417 1416
f 905 1417 1415
f 905 904 1417
f 905 1415 902
f 902 1415 1413
f 1413 1415 1418
f 1413 1418 1412
f 1415 1416 1418
f 1419 1421 1420
f 907 1421 1419
f 907 906 1421
f 907 1419 904
f 904 1419 1417
f 1417 1419 1422
f 1417 1422 1416
f 1419 1420 1422
f 910 908 1423
f 910 1424 906
f 910 1423 1424
f 906 1425 1421
f 906 1424 1425
f 1421 1425 1420
f 908 913 1426
f 908 1426 1423
f 1424 1423 1427
f 1424 1427 1425
f 1426 1429 1428
f 1426 913 1429
f 913 929 1429
f 1423 1430 1427
f 1423 1428 1430
f 1423 1426 1428
f 1431 1433 1432
f 931 1433 1431
f 931 930 1433
f 931 1431 929
f 929 1431 1429
f 1429 1431 1434
f 1429 1434 1428
f 1431 1432 1434
f 1435 1437 1436
f 933 1437 1435
f 933 932 1437
f 933 1435 930
f 930 1435 1433
f 1433 1435 1438
f 1433 1438 1432
f 1435 1436 1438
f 1439 1441 1440
f 935 1441 1439
f 935 934 1441
f 935 1439 932
f 932 1439 1437
f 1437 1439 1442
f 1437 1442 1436
f 1439 1440 1442
f 1443 1445 1444
f 937 1445 1443
f 937 936 1445
f 937 1443 934
f 934 1443 1441
f 1441 1443 1446
f 1441 1446 1440
f 1443 1444 1446
f 939 938 1447
f 939 1448 936
f 939 1447 1448
f 936 1449 1445
f 936 1448 1449
f 1445 1449 1444
f 941 940 1450
f 941 1451 938
f 941 1450 1451
f 938 1451 1447
f 943 942 1452
f 943 1453 940
f 943 1452 1453
f 940 1453 1450
f 942 947 1454
f 942 1454 1452
f 1448 1447 1455
f 1448 1455 1449
f 1451 1450 1456
f 1447 1457 1455
f 1447 1456 1457
f 1447 1451 1456
f 1453 1452 1458
f 1450 1459 1456
f 1450 1458 1459
f 1450 1453 1458
f 1454 1461 1460
f 1454 947 1461
f 947 949 1461
f 1452 1462 1458
f 1452 1460 1462
f 1452 1454 1460
f 950 1463 949
f 949 1463 1461
f 1464 1465 1466
f 1464 1466 1467
f 1464 1467 1468
f 1464 1468 1469
f 1464 1469 1470
f 1464 1470 1465
f 1471 1472 1473
f 1471 1473 1474
f 1471 1474 1475
f 1466 1475 1467
f 1466 1471 1475
f 1466 1465 1476
f 1466 1476 1471
f 1471 1476 1472
f 1477 1478 1479
f 1477 1479 1480
f 1477 1480 1481
f 1473 1481 1474
f 1473 1477 1481
f 1473 1472 1482
f 1473 1482 1477
f 1477 1482 1478
f 1483 1484 1485
f 1483 1485 1486
f 1483 1486 1487
f 1479 1487 1480
f 1479 1483 1487
f 1479 1478 1488
f 1479 1488 1483
f 1483 1488 1484
f 1489 1490 1491
f 1489 1491 1492
f 1489 1492 1493
f 1485 1493 1486
f 1485 1489 1493
f 1485 1484 1494
f 1485 1494 1489
f 1489 1494 1490
f 1495 1496 1497
f 1495 1497 1498
f 1495 1498 1499
f 1491 1499 1492
f 1491 1495 1499
f 1491 1490 1500
f 1491 1500 1495
f 1495 1500 1496
f 1501 1502 1503
f 1501 1503 1504
f 1501 1504 1505
f 1497 1505 1498
f 1497 1501 1505
f 1497 1496 1506
f 1497 1506 1501
f 1501 1506 1502
f 1503 1507 1504
f 1503 1502 1507
f 1508 1509 1510
f 1508 1510 1511
f 1508 1511 1512
f 1508 1512 1513
f 1508 1513 1514
f 1508 1514 1509
f 1515 1516 1517
f 1515 1517 1518
f 1515 1518 1519
f 1510 1519 1511
f 1510 1515 1519
f 1510 1509 1520
f 1510 1520 1515
f 1515 1520 1516
f 1521 1522 1523
f 1521 1523 1524
f 1521 1524 1525
f 1517 1525 1518
f 1517 1521 1525
f 1517 1516 1526
f 1517 1526 1521
f 1521 1526 1522
f 1527 1528 1529
f 1527 1529 1530
f 1527 1530 1531
f 1523 1531 1524
f 1523 1527 1531
f 1523 1522 1532
f 1523 1532 1527
f 1527 1532 1528
f 1468 1467 1534
f 1468 1534 1533
f 1533 1534 1535
f 1533 1535 1536
f 1529 1536 1530
f 1529 1533 1536
f 1529 1528 1537
f 1529 1537 1533
f 1468 1537 1469
f 1468 1533 1537
f 1475 1474 1539
f 1475 1539 1538
f 1538 1539 1540
f 1538 1540 1541
f 1534 1541 1535
f 1534 1538 1541
f 1534 1467 1538
f 1467 1475 1538
f 1481 1480 1543
f 1481 1543 1542
f 1542 1543 1544
f 1542 1544 1545
f 1539 1545 1540
f 1539 1542 1545
f 1539 1474 1542
f 1474 1481 1542
f 1487 1486 1547
f 1487 1547 1546
f 1546 1547 1548
f 1546 1548 1549
f 1543 1549 1544
f 1543 1546 1549
f 1543 1480 1546
f 1480 1487 1546
f 1493 1492 1551
f 1493 1551 1550
f 1550 1551 1552
f 1550 1552 1553
f 1547 1553 1548
f 1547 1550 1553
f 1547 1486 1550
f 1486 1493 1550
f 1499 1498 1555
f 1499 1555 1554
f 1554 1555 1556
f 1554 1556 1557
f 1551 1557 1552
f 1551 1554 1557
f 1551 1492 1554
f 1492 1499 1554
f 1505 1504 1559
f 1505 1559 1558
f 1558 1559 1560
f 1558 1560 1561
f 1555 1561 1556
f 1555 1558 1561
f 1555 1498 1558
f 1498 1505 1558
f 1562 1563 1564
f 1562 1564 1565
f 1562 1565 1566
f 1559 1566 1560
f 1559 1562 1566
f 1559 1504 1562
f 1504 1507 1563
f 1504 1563 1562
f 1567 1568 1569
f 1567 1569 1570
f 1567 1570 1571
f 1564 1571 1565
f 1564 1567 1571
f 1564 1563 1572
f 1564 1572 1567
f 1567 1572 1568
f 1573 1574 1575
f 1573 1575 1576
f 1573 1576 1577
f 1569 1577 1570
f 1569 1573 1577
f 1569 1568 1578
f 1569 1578 1573
f 1573 1578 1574
f 1579 1580 1581
f 1579 1581 1582
f 1579 1582 1583
f 1575 1583 1576
f 1575 1579 1583
f 1575 1574 1584
f 1575 1584 1579
f 1579 1584 1580
f 1585 1586 1587
f 1585 1587 1588
f 1585 1588 1589
f 1581 1589 1582
f 1581 1585 1589
f 1581 1580 1590
f 1581 1590 1585
f 1585 1590 1586
f 1591 1592 1593
f 1591 1593 1594
f 1591 1594 1595
f 1587 1595 1588
f 1587 1591 1595
f 1587 1586 1596
f 1587 1596 1591
f 1591 1596 1592
f 1593 1597 1594
f 1593 1592 1597
f 1598 1599 1600
f 1598 1600 1601
f 1598 1601 1602
f 1598 1602 1603
f 1598 1603 1604
f 1598 1604 1599
f 1512 1511 1606
f 1512 1606 1605
f 1605 1606 1607
f 1605 1607 1608
f 1600 1608 1601
f 1600 1605 1608
f 1600 1599 1609
f 1600 1609 1605
f 1512 1609 1513
f 1512 1605 1609
f 1519 1518 1611
f 1519 1611 1610
f 1610 1611 1612
f 1610 1612 1613
f 1606 1613 1607
f 1606 1610 1613
f 1606 1511 1610
f 1511 1519 1610
f 1525 1524 1615
f 1525 1615 1614
f 1614 1615 1616
f 1614 1616 1617
f 1611 1617 1612
f 1611 1614 1617
f 1611 1518 1614
f 1518 1525 1614
f 1531 1530 1619
f 1531 1619 1618
f 1618 1619 1620
f 1618 1620 1621
f 1615 1621 1616
f 1615 1618 1621
f 1615 1524 1618
f 1524 1531 1618
f 1536 1535 1623
f 1536 1623 1622
f 1622 1623 1624
f 1622 1624 1625
f 1619 1625 1620
f 1619 1622 1625
f 1619 1530 1622
f 1530 1536 1622
f 1541 1540 1627
f 1541 1627 1626
f 1626 1627 1628
f 1626 1628 1629
f 1623 1629 1624
f 1623 1626 1629
f 1623 1535 1626
f 1535 1541 1626
f 1545 1544 1631
f 1545 1631 1630
f 1630 1631 1632
f 1630 1632 1633
f 1627 1633 1628
f 1627 1630 1633
f 1627 1540 1630
f 1540 1545 1630
f 1549 1548 1635
f 1549 1635 1634
f 1634 1635 1636
f 1634 1636 1637
f 1631 1637 1632
f 1631 1634 1637
f 1631 1544 1634
f 1544 1549 1634
f 1553 1552 1639
f 1553 1639 1638
f 1638 1639 1640
f 1638 1640 1641
f 1635 1641 1636
f 1635 1638 1641
f 1635 1548 1638
f 1548 1553 1638
f 1557 1556 1643
f 1557 1643 1642
f 957 1643 952
f 957 1642 1643
f 957 956 1644
f 957 1644 1642
f 1639 1644 1640
f 1639 1642 1644
f 1639 1552 1642
f 1552 1557 1642
f 1561 1560 1646
f 1561 1646 1645
f 963 1646 959
f 963 1645 1646
f 963 952 1645
f 952 1643 1645
f 1643 1556 1645
f 1556 1561 1645
f 1566 1565 1648
f 1566 1648 1647
f 969 1648 965
f 969 1647 1648
f 969 959 1647
f 959 1646 1647
f 1646 1560 1647
f 1560 1566 1647
f 1571 1570 1650
f 1571 1650 1649
f 975 1650 971
f 975 1649 1650
f 975 965 1649
f 965 1648 1649
f 1648 1565 1649
f 1565 1571 1649
f 1577 1576 1652
f 1577 1652 1651
f 981 1652 977
f 981 1651 1652
f 981 971 1651
f 971 1650 1651
f 1650 1570 1651
f 1570 1577 1651
f 1583 1582 1654
f 1583 1654 1653
f 987 1654 983
f 987 1653 1654
f 987 977 1653
f 977 1652 1653
f 1652 1576 1653
f 1576 1583 1653
f 1589 1588 1656
f 1589 1656 1655
f 993 1656 989
f 993 1655 1656
f 993 983 1655
f 983 1654 1655
f 1654 1582 1655
f 1582 1589 1655
f 1595 1594 1658
f 1595 1658 1657
f 999 1658 995
f 999 1657 1658
f 999 989 1657
f 989 1656 1657
f 1656 1588 1657
f 1588 1595 1657
f 1659 1660 1661
f 1005 1661 1001
f 1005 1659 1661
f 1005 995 1659
f 995 1658 1659
f 1658 1594 1659
f 1594 1597 1660
f 1594 1660 1659
f 1662 1663 1664
f 1011 1664 1007
f 1011 1662 1664
f 1011 1001 1662
f 1001 1661 1662
f 1661 1660 1665
f 1661 1665 1662
f 1662 1665 1663
f 1666 1667 1668
f 1666 1668 1669
f 1007 1669 1012
f 1007 1666 1669
f 1007 1664 1666
f 1664 1663 1670
f 1664 1670 1666
f 1666 1670 1667
f 1668 1671 1669
f 1668 1667 1671
f 1672 1673 1674
f 1672 1674 1675
f 1672 1675 1676
f 1672 1676 1677
f 1672 1677 1678
f 1672 1678 1673
f 1679 1680 1681
f 1019 1681 1014
f 1019 1679 1681
f 1019 1018 1682
f 1019 1682 1679
f 1674 1682 1675
f 1674 1679 1682
f 1674 1673 1683
f 1674 1683 1679
f 1679 1683 1680
f 1684 1685 1686
f 1025 1686 1021
f 1025 1684 1686
f 1025 1014 1684
f 1014 1681 1684
f 1681 1680 1687
f 1681 1687 1684
f 1684 1687 1685
f 1688 1689 1690
f 1031 1690 1027
f 1031 1688 1690
f 1031 1021 1688
f 1021 1686 1688
f 1686 1685 1691
f 1686 1691 1688
f 1688 1691 1689
f 1692 1693 1694
f 1037 1694 1033
f 1037 1692 1694
f 1037 1027 1692
f 1027 1690 1692
f 1690 1689 1695
f 1690 1695 1692
f 1692 1695 1693
f 1696 1697 1698
f 1043 1698 1039
f 1043 1696 1698
f 1043 1033 1696
f 1033 1694 1696
f 1694 1693 1699
f 1694 1699 1696
f 1696 1699 1697
f 1700 1701 1702
f 1049 1702 1045
f 1049 1700 1702
f 1049 1039 1700
f 1039 1698 1700
f 1698 1697 1703
f 1698 1703 1700
f 1700 1703 1701
f 1704 1705 1706
f 1055 1706 1051
f 1055 1704 1706
f 1055 1045 1704
f 1045 1702 1704
f 1702 1701 1707
f 1702 1707 1704
f 1704 1707 1705
f 1061 1708 1057
f 1061 1709 1708
f 1061 1051 1709
f 1051 1710 1709
f 1051 1706 1710
f 1706 1705 1710
f 1057 1711 1062
f 1057 1708 1711
f 1602 1601 1712
f 1602 1712 1603
f 1608 1607 1713
f 1601 1714 1712
f 1601 1713 1714
f 1601 1608 1713
f 1613 1612 1716
f 1613 1716 1715
f 1715 1716 1717
f 1715 1717 1718
f 1715 1718 1719
f 1607 1719 1713
f 1607 1715 1719
f 1607 1613 1715
f 1617 1616 1721
f 1617 1721 1720
f 1720 1721 1722
f 1720 1722 1723
f 1716 1723 1717
f 1716 1720 1723
f 1716 1612 1720
f 1612 1617 1720
f 1621 1620 1725
f 1621 1725 1724
f 1724 1725 1726
f 1724 1726 1727
f 1721 1727 1722
f 1721 1724 1727
f 1721 1616 1724
f 1616 1621 1724
f 1625 1624 1729
f 1625 1729 1728
f 1728 1729 1730
f 1728 1730 1731
f 1725 1731 1726
f 1725 1728 1731
f 1725 1620 1728
f 1620 1625 1728
f 1629 1628 1733
f 1629 1733 1732
f 1732 1733 1734
f 1732 1734 1735
f 1729 1735 1730
f 1729 1732 1735
f 1729 1624 1732
f 1624 1629 1732
f 1633 1632 1737
f 1633 1737 1736
f 1736 1737 1738
f 1736 1738 1739
f 1733 1739 1734
f 1733 1736 1739
f 1733 1628 1736
f 1628 1633 1736
f 1637 1636 1741
f 1637 1741 1740
f 1740 1741 1742
f 1740 1742 1743
f 1737 1743 1738
f 1737 1740 1743
f 1737 1632 1740
f 1632 1637 1740
f 1641 1640 1745
f 1641 1745 1744
f 1744 1745 1746
f 1744 1746 1747
f 1741 1747 1742
f 1741 1744 1747
f 1741 1636 1744
f 1636 1641 1744
f 1644 956 1748
f 956 1063 1749
f 956 1749 1748
f 1748 1749 1750
f 1745 1750 1746
f 1745 1748 1750
f 1745 1640 1748
f 1640 1644 1748
f 1063 1068 1751
f 1063 1751 1749
f 1012 1669 1752
f 1012 1752 1102
f 1753 1754 1755
f 1111 1755 1107
f 1111 1753 1755
f 1111 1102 1753
f 1102 1752 1753
f 1752 1669 1753
f 1669 1671 1754
f 1669 1754 1753
f 1756 1757 1758
f 1117 1758 1113
f 1117 1756 1758
f 1117 1107 1756
f 1107 1755 1756
f 1755 1754 1759
f 1755 1759 1756
f 1756 1759 1757
f 1676 1675 1761
f 1676 1761 1760
f 1123 1761 1119
f 1123 1760 1761
f 1123 1113 1760
f 1113 1758 1760
f 1758 1757 1762
f 1758 1762 1760
f 1676 1762 1677
f 1676 1760 1762
f 1682 1018 1763
f 1018 1127 1763
f 1127 1119 1763
f 1119 1761 1763
f 1761 1675 1763
f 1675 1682 1763
f 1709 1764 1708
f 1709 1710 1764
f 1711 1766 1062
f 1711 1765 1766
f 1062 1766 1143
f 1708 1764 1767
f 1708 1765 1711
f 1708 1767 1765
f 1768 1769 1770
f 1148 1770 1146
f 1148 1768 1770
f 1148 1143 1768
f 1143 1766 1768
f 1766 1765 1771
f 1766 1771 1768
f 1768 1771 1769
f 1153 1772 1150
f 1153 1773 1772
f 1153 1146 1773
f 1146 1774 1773
f 1146 1770 1774
f 1770 1769 1774
f 1150 1775 1154
f 1150 1772 1775
f 1718 1717 1776
f 1718 1776 1719
f 1723 1722 1777
f 1717 1778 1776
f 1717 1777 1778
f 1717 1723 1777
f 1727 1726 1779
f 1722 1780 1777
f 1722 1779 1780
f 1722 1727 1779
f 1731 1730 1781
f 1726 1782 1779
f 1726 1781 1782
f 1726 1731 1781
f 1735 1734 1783
f 1730 1784 1781
f 1730 1783 1784
f 1730 1735 1783
f 1739 1738 1785
f 1734 1786 1783
f 1734 1785 1786
f 1734 1739 1785
f 1743 1742 1787
f 1738 1788 1785
f 1738 1787 1788
f 1738 1743 1787
f 1747 1746 1789
f 1742 1790 1787
f 1742 1789 1790
f 1742 1747 1789
f 1750 1749 1792
f 1750 1792 1791
f 1791 1792 1793
f 1791 1793 1794
f 1791 1794 1795
f 1746 1795 1789
f 1746 1791 1795
f 1746 1750 1791
f 1751 1068 1796
f 1068 1155 1797
f 1068 1797 1796
f 1796 1797 1798
f 1792 1798 1793
f 1792 1796 1798
f 1792 1749 1796
f 1749 1751 1796
f 1157 1156 1799
f 1157 1800 1155
f 1157 1799 1800
f 1155 1800 1797
f 1159 1158 1801
f 1159 1802 1156
f 1159 1801 1802
f 1156 1802 1799
f 1158 1164 1803
f 1158 1803 1801
f 1773 1804 1772
f 1773 1774 1804
f 1775 1806 1154
f 1775 1805 1806
f 1154 1806 1199
f 1772 1804 1807
f 1772 1805 1775
f 1772 1807 1805
f 1808 1809 1810
f 1204 1810 1202
f 1204 1808 1810
f 1204 1199 1808
f 1199 1806 1808
f 1806 1805 1811
f 1806 1811 1808
f 1808 1811 1809
f 1812 1813 1814
f 1208 1814 1206
f 1208 1812 1814
f 1208 1202 1812
f 1202 1810 1812
f 1810 1809 1815
f 1810 1815 1812
f 1812 1815 1813
f 1212 1816 1210
f 1212 1817 1816
f 1212 1206 1817
f 1206 1818 1817
f 1206 1814 1818
f 1814 1813 1818
f 1217 1819 1214
f 1217 1820 1819
f 1217 1210 1820
f 1210 1816 1820
f 1214 1821 1218
f 1214 1819 1821
f 1225 1822 1220
f 1225 1224 1822
f 1220 1823 1226
f 1220 1822 1823
f 1794 1793 1824
f 1794 1824 1795
f 1798 1797 1825
f 1793 1826 1824
f 1793 1825 1826
f 1793 1798 1825
f 1800 1799 1827
f 1797 1828 1825
f 1797 1827 1828
f 1797 1800 1827
f 1802 1801 1829
f 1799 1830 1827
f 1799 1829 1830
f 1799 1802 1829
f 1803 1164 1831
f 1164 1227 1832
f 1164 1832 1831
f 1831 1832 1833
f 1831 1833 1834
f 1801 1834 1829
f 1801 1831 1834
f 1801 1803 1831
f 1229 1228 1835
f 1229 1836 1227
f 1229 1835 1836
f 1227 1836 1832
f 1228 1234 1837
f 1228 1837 1835
f 1817 1838 1816
f 1817 1818 1838
f 1820 1839 1819
f 1816 1838 1840
f 1816 1839 1820
f 1816 1840 1839
f 1821 1842 1218
f 1821 1841 1842
f 1218 1842 1255
f 1819 1839 1843
f 1819 1841 1821
f 1819 1843 1841
f 1844 1845 1846
f 1260 1846 1258
f 1260 1844 1846
f 1260 1255 1844
f 1255 1842 1844
f 1842 1841 1847
f 1842 1847 1844
f 1844 1847 1845
f 1264 1848 1262
f 1264 1849 1848
f 1264 1258 1849
f 1258 1850 1849
f 1258 1846 1850
f 1846 1845 1850
f 1268 1851 1266
f 1268 1852 1851
f 1268 1262 1852
f 1262 1848 1852
f 1853 1854 1855
f 1272 1855 1270
f 1272 1853 1855
f 1272 1266 1853
f 1266 1851 1856
f 1266 1856 1853
f 1853 1856 1857
f 1853 1857 1854
f 1858 1859 1860
f 1276 1860 1274
f 1276 1858 1860
f 1276 1270 1858
f 1270 1855 1858
f 1855 1854 1861
f 1855 1861 1858
f 1858 1861 1859
f 1862 1863 1864
f 1280 1864 1278
f 1280 1862 1864
f 1280 1274 1862
f 1274 1860 1862
f 1860 1859 1865
f 1860 1865 1862
f 1862 1865 1863
f 1866 1867 1868
f 1284 1868 1282
f 1284 1866 1868
f 1284 1278 1866
f 1278 1864 1866
f 1864 1863 1869
f 1864 1869 1866
f 1866 1869 1867
f 1870 1871 1872
f 1288 1872 1286
f 1288 1870 1872
f 1288 1282 1870
f 1282 1868 1870
f 1868 1867 1873
f 1868 1873 1870
f 1870 1873 1871
f 1874 1875 1876
f 1292 1876 1290
f 1292 1874 1876
f 1292 1286 1874
f 1286 1872 1874
f 1872 1871 1877
f 1872 1877 1874
f 1874 1877 1875
f 1878 1879 1880
f 1296 1880 1294
f 1296 1878 1880
f 1296 1290 1878
f 1290 1876 1878
f 1876 1875 1881
f 1876 1881 1878
f 1878 1881 1879
f 1882 1883 1884
f 1300 1884 1298
f 1300 1882 1884
f 1300 1294 1882
f 1294 1880 1882
f 1880 1879 1885
f 1880 1885 1882
f 1882 1885 1883
f 1886 1887 1888
f 1304 1888 1302
f 1304 1886 1888
f 1304 1298 1886
f 1298 1884 1886
f 1884 1883 1889
f 1884 1889 1886
f 1886 1889 1887
f 1890 1891 1892
f 1308 1892 1306
f 1308 1890 1892
f 1308 1302 1890
f 1302 1888 1890
f 1888 1887 1893
f 1888 1893 1890
f 1890 1893 1891
f 1224 1895 1822
f 1224 1894 1895
f 1224 1311 1894
f 1311 1306 1894
f 1306 1892 1894
f 1892 1891 1896
f 1892 1896 1894
f 1894 1896 1895
f 1822 1895 1897
f 1833 1832 1898
f 1833 1898 1834
f 1836 1835 1899
f 1832 1900 1898
f 1832 1899 1900
f 1832 1836 1899
f 1837 1902 1901
f 1837 1234 1902
f 1234 1313 1902
f 1835 1903 1899
f 1835 1901 1903
f 1835 1837 1901
f 1904 1906 1905
f 1315 1906 1904
f 1315 1314 1906
f 1315 1904 1313
f 1313 1904 1902
f 1902 1904 1907
f 1902 1907 1901
f 1904 1905 1907
f 1317 1316 1908
f 1317 1909 1314
f 1317 1908 1909
f 1314 1910 1906
f 1314 1909 1910
f 1906 1910 1905
f 1319 1318 1911
f 1319 1912 1316
f 1319 1911 1912
f 1316 1912 1908
f 1318 1324 1913
f 1318 1913 1911
f 1849 1914 1848
f 1849 1850 1914
f 1852 1915 1851
f 1848 1914 1916
f 1848 1915 1852
f 1848 1916 1915
f 1851 1915 1917
f 1851 1917 1856
f 1909 1908 1918
f 1909 1918 1910
f 1912 1911 1919
f 1908 1920 1918
f 1908 1919 1920
f 1908 1912 1919
f 1913 1922 1921
f 1913 1324 1922
f 1324 1341 1922
f 1911 1923 1919
f 1911 1921 1923
f 1911 1913 1921
f 1924 1926 1925
f 1343 1926 1924
f 1343 1342 1926
f 1343 1924 1341
f 1341 1924 1922
f 1922 1924 1927
f 1922 1927 1921
f 1924 1925 1927
f 1928 1930 1929
f 1345 1930 1928
f 1345 1344 1930
f 1345 1928 1342
f 1342 1928 1926
f 1926 1928 1931
f 1926 1931 1925
f 1928 1929 1931
f 1932 1934 1933
f 1347 1934 1932
f 1347 1346 1934
f 1347 1932 1344
f 1344 1932 1930
f 1930 1932 1935
f 1930 1935 1929
f 1932 1933 1935
f 1936 1938 1937
f 1349 1938 1936
f 1349 1348 1938
f 1349 1936 1346
f 1346 1936 1934
f 1934 1936 1939
f 1934 1939 1933
f 1936 1937 1939
f 1940 1942 1941
f 1351 1942 1940
f 1351 1350 1942
f 1351 1940 1348
f 1348 1940 1938
f 1938 1940 1943
f 1938 1943 1937
f 1940 1941 1943
f 1944 1946 1945
f 1353 1946 1944
f 1353 1352 1946
f 1353 1944 1350
f 1350 1944 1942
f 1942 1944 1947
f 1942 1947 1941
f 1944 1945 1947
f 1948 1950 1949
f 1355 1950 1948
f 1355 1354 1950
f 1355 1948 1352
f 1352 1948 1946
f 1946 1948 1951
f 1946 1951 1945
f 1948 1949 1951
f 1952 1954 1953
f 1358 1954 1952
f 1358 1356 1954
f 1358 1952 1354
f 1354 1952 1950
f 1950 1952 1955
f 1950 1955 1949
f 1952 1953 1955
f 1956 1958 1957
f 1362 1958 1956
f 1362 1360 1958
f 1362 1956 1356
f 1356 1956 1954
f 1954 1956 1959
f 1954 1959 1953
f 1956 1957 1959
f 1960 1962 1961
f 1960 1963 1962
f 1360 1963 1960
f 1360 1365 1963
f 1360 1960 1958
f 1958 1960 1964
f 1958 1964 1957
f 1960 1961 1964
f 1962 1963 1965
f 1962 1965 1961
f 1365 1966 1963
f 1365 1369 1966
f 1967 1969 1968
f 1371 1969 1967
f 1371 1370 1969
f 1371 1967 1369
f 1369 1967 1966
f 1966 1967 1963
f 1963 1967 1968
f 1963 1968 1965
f 1970 1972 1971
f 1374 1972 1970
f 1374 1372 1972
f 1374 1970 1370
f 1370 1970 1969
f 1969 1970 1973
f 1969 1973 1968
f 1970 1971 1973
f 1974 1976 1975
f 1378 1976 1974
f 1378 1376 1976
f 1378 1974 1372
f 1372 1974 1972
f 1972 1974 1977
f 1972 1977 1971
f 1974 1975 1977
f 1978 1980 1979
f 1978 1981 1980
f 1376 1981 1978
f 1376 1381 1981
f 1376 1978 1976
f 1976 1978 1982
f 1976 1982 1975
f 1978 1979 1982
f 1983 1985 1984
f 1983 1986 1985
f 1983 1987 1986
f 1980 1987 1983
f 1980 1981 1987
f 1980 1983 1988
f 1980 1988 1979
f 1983 1984 1988
f 1985 1986 1989
f 1985 1989 1984
f 1381 1990 1981
f 1381 1383 1990
f 1987 1991 1992
f 1987 1992 1986
f 1386 1992 1991
f 1386 1384 1992
f 1386 1991 1383
f 1383 1991 1990
f 1990 1991 1981
f 1981 1991 1987
f 1993 1995 1994
f 1390 1995 1993
f 1390 1388 1995
f 1390 1993 1384
f 1384 1993 1992
f 1992 1993 1986
f 1986 1993 1994
f 1986 1994 1989
f 1996 1998 1997
f 1996 1999 1998
f 1388 1999 1996
f 1388 1393 1999
f 1388 1996 1995
f 1995 1996 2000
f 1995 2000 1994
f 1996 1997 2000
f 2001 2003 2002
f 2001 2004 2003
f 2001 2005 2004
f 1998 2005 2001
f 1998 1999 2005
f 1998 2001 2006
f 1998 2006 1997
f 2001 2002 2006
f 2003 2004 2007
f 2003 2007 2002
f 1393 2008 1999
f 1393 1395 2008
f 2005 2009 2010
f 2005 2010 2004
f 1398 2010 2009
f 1398 1396 2010
f 1398 2009 1395
f 1395 2009 2008
f 2008 2009 1999
f 1999 2009 2005
f 2011 2013 2012
f 1402 2013 2011
f 1402 1400 2013
f 1402 2011 1396
f 1396 2011 2010
f 2010 2011 2004
f 2004 2011 2012
f 2004 2012 2007
f 2014 2016 2015
f 2014 2017 2016
f 1400 2017 2014
f 1400 1405 2017
f 1400 2014 2013
f 2013 2014 2018
f 2013 2018 2012
f 2014 2015 2018
f 2016 2017 2019
f 2016 2019 2015
f 1405 2020 2017
f 1405 1407 2020
f 2021 2023 2022
f 1410 2023 2021
f 1410 1408 2023
f 1410 2021 1407
f 1407 2021 2020
f 2020 2021 2017
f 2017 2021 2022
f 2017 2022 2019
f 2024 2026 2025
f 1414 2026 2024
f 1414 1412 2026
f 1414 2024 1408
f 1408 2024 2023
f 2023 2024 2027
f 2023 2027 2022
f 2024 2025 2027
f 2028 2030 2029
f 1418 2030 2028
f 1418 1416 2030
f 1418 2028 1412
f 1412 2028 2026
f 2026 2028 2031
f 2026 2031 2025
f 2028 2029 2031
f 2032 2034 2033
f 1422 2034 2032
f 1422 1420 2034
f 1422 2032 1416
f 1416 2032 2030
f 2030 2032 2035
f 2030 2035 2029
f 2032 2033 2035
f 2036 2038 2037
f 2036 2039 2038
f 1420 2039 2036
f 1420 1425 2039
f 1420 2036 2034
f 2034 2036 2040
f 2034 2040 2033
f 2036 2037 2040
f 2041 2043 2042
f 2041 2044 2043
f 2041 2045 2044
f 2038 2045 2041
f 2038 2039 2045
f 2038 2041 2046
f 2038 2046 2037
f 2041 2042 2046
f 2043 2044 2047
f 2043 2047 2042
f 1425 2048 2039
f 1425 1427 2048
f 2045 2049 2050
f 2045 2050 2044
f 1430 2050 2049
f 1430 1428 2050
f 1430 2049 1427
f 1427 2049 2048
f 2048 2049 2039
f 2039 2049 2045
f 2051 2053 2052
f 1434 2053 2051
f 1434 1432 2053
f 1434 2051 1428
f 1428 2051 2050
f 2050 2051 2044
f 2044 2051 2052
f 2044 2052 2047
f 2054 2056 2055
f 1438 2056 2054
f 1438 1436 2056
f 1438 2054 1432
f 1432 2054 2053
f 2053 2054 2057
f 2053 2057 2052
f 2054 2055 2057
f 2058 2060 2059
f 1442 2060 2058
f 1442 1440 2060
f 1442 2058 1436
f 1436 2058 2056
f 2056 2058 2061
f 2056 2061 2055
f 2058 2059 2061
f 2062 2064 2063
f 1446 2064 2062
f 1446 1444 2064
f 1446 2062 1440
f 1440 2062 2060
f 2060 2062 2065
f 2060 2065 2059
f 2062 2063 2065
f 2066 2068 2067
f 2066 2069 2068
f 1444 2069 2066
f 1444 1449 2069
f 1444 2066 2064
f 2064 2066 2070
f 2064 2070 2063
f 2066 2067 2070
f 2071 2073 2072
f 2071 2074 2073
f 2071 2075 2074
f 2068 2075 2071
f 2068 2069 2075
f 2068 2071 2076
f 2068 2076 2067
f 2071 2072 2076
f 2073 2074 2077
f 2073 2077 2072
f 1449 2078 2069
f 1449 1455 2078
f 2075 2079 2080
f 2075 2080 2074
f 1457 2080 2079
f 1457 1456 2080
f 1457 2079 1455
f 1455 2079 2078
f 2078 2079 2069
f 2069 2079 2075
f 2081 2083 2082
f 1459 2083 2081
f 1459 1458 2083
f 1459 2081 1456
f 1456 2081 2080
f 2080 2081 2074
f 2074 2081 2082
f 2074 2082 2077
f 2084 2086 2085
f 1462 2086 2084
f 1462 1460 2086
f 1462 2084 1458
f 1458 2084 2083
f 2083 2084 2087
f 2083 2087 2082
f 2084 2085 2087
f 2088 2089 2090
f 2088 2090 2091
f 2088 2091 2092
f 2088 2092 2093
f 2088 2093 2094
f 2088 2094 2089
f 2095 2096 2097
f 2095 2097 2098
f 2095 2098 2099
f 2090 2099 2091
f 2090 2095 2099
f 2090 2089 2100
f 2090 2100 2095
f 2095 2100 2096
f 2101 2102 2103
f 2101 2103 2104
f 2101 2104 2105
f 2097 2105 2098
f 2097 2101 2105
f 2097 2096 2106
f 2097 2106 2101
f 2101 2106 2102
f 2107 2108 2109
f 2107 2109 2110
f 2107 2110 2111
f 2103 2111 2104
f 2103 2107 2111
f 2103 2102 2112
f 2103 2112 2107
f 2107 2112 2108
f 2113 2114 2115
f 2113 2115 2116
f 2113 2116 2117
f 2109 2117 2110
f 2109 2113 2117
f 2109 2108 2118
f 2109 2118 2113
f 2113 2118 2114
f 2119 2120 2121
f 2119 2121 2122
f 2119 2122 2123
f 2115 2123 2116
f 2115 2119 2123
f 2115 2114 2124
f 2115 2124 2119
f 2119 2124 2120
f 2125 2126 2127
f 2125 2127 2128
f 2125 2128 2129
f 2121 2129 2122
f 2121 2125 2129
f 2121 2120 2130
f 2121 2130 2125
f 2125 2130 2126
f 2131 2132 2133
f 2131 2133 2134
f 2131 2134 2135
f 2127 2135 2128
f 2127 2131 2135
f 2127 2126 2136
f 2127 2136 2131
f 2131 2136 2132
f 2137 2138 2139
f 2137 2139 2140
f 2137 2140 2141
f 2133 2141 2134
f 2133 2137 2141
f 2133 2132 2142
f 2133 2142 2137
f 2137 2142 2138
f 2143 2144 2145
f 2143 2145 2146
f 2143 2146 2147
f 2139 2147 2140
f 2139 2143 2147
f 2139 2138 2148
f 2139 2148 2143
f 2143 2148 2144
f 2149 2150 2151
f 2149 2151 2152
f 2149 2152 2153
f 2145 2153 2146
f 2145 2149 2153
f 2145 2144 2154
f 2145 2154 2149
f 2149 2154 2150
f 2155 2156 2157
f 2155 2157 2158
f 2155 2158 2159
f 2151 2159 2152
f 2151 2155 2159
f 2151 2150 2160
f 2151 2160 2155
f 2155 2160 2156
f 2161 2162 2163
f 2161 2163 2164
f 2161 2164 2165
f 2157 2165 2158
f 2157 2161 2165
f 2157 2156 2166
f 2157 2166 2161
f 2161 2166 2162
f 2167 2168 2169
f 2167 2169 2170
f 2167 2170 2171
f 2163 2171 2164
f 2163 2167 2171
f 2163 2162 2172
f 2163 2172 2167
f 2167 2172 2168
f 2173 2174 2175
f 2173 2175 2176
f 2173 2176 2177
f 2169 2177 2170
f 2169 2173 2177
f 2169 2168 2178
f 2169 2178 2173
f 2173 2178 2174
f 2179 2180 2181
f 1470 2181 1465
f 1470 2179 2181
f 1470 1469 2182
f 1470 2182 2179
f 2175 2182 2176
f 2175 2179 2182
f 2175 2174 2183
f 2175 2183 2179
f 2179 2183 2180
f 2184 2185 2186
f 1476 2186 1472
f 1476 2184 2186
f 1476 1465 2184
f 1465 2181 2184
f 2181 2180 2187
f 2181 2187 2184
f 2184 2187 2185
f 2188 2189 2190
f 1482 2190 1478
f 1482 2188 2190
f 1482 1472 2188
f 1472 2186 2188
f 2186 2185 2191
f 2186 2191 2188
f 2188 2191 2189
f 2192 2193 2194
f 1488 2194 1484
f 1488 2192 2194
f 1488 1478 2192
f 1478 2190 2192
f 2190 2189 2195
f 2190 2195 2192
f 2192 2195 2193
f 2196 2197 2198
f 1494 2198 1490
f 1494 2196 2198
f 1494 1484 2196
f 1484 2194 2196
f 2194 2193 2199
f 2194 2199 2196
f 2196 2199 2197
f 2200 2201 2202
f 1500 2202 1496
f 1500 2200 2202
f 1500 1490 2200
f 1490 2198 2200
f 2198 2197 2203
f 2198 2203 2200
f 2200 2203 2201
f 2204 2205 2206
f 1506 2206 1502
f 1506 2204 2206
f 1506 1496 2204
f 1496 2202 2204
f 2202 2201 2207
f 2202 2207 2204
f 2204 2207 2205
f 2208 2209 2210
f 2208 2210 2211
f 1502 2211 1507
f 1502 2208 2211
f 1502 2206 2208
f 2206 2205 2212
f 2206 2212 2208
f 2208 2212 2209
f 2210 2213 2211
f 2210 2209 2213
f 2092 2091 2215
f 2092 2215 2214
f 2214 2215 2216
f 2214 2216 2217
f 2214 2217 2218
f 2214 2218 2219
f 2092 2219 2093
f 2092 2214 2219
f 2099 2098 2221
f 2099 2221 2220
f 2220 2221 2222
f 2220 2222 2223
f 2215 2223 2216
f 2215 2220 2223
f 2215 2091 2220
f 2091 2099 2220
f 2105 2104 2225
f 2105 2225 2224
f 2224 2225 2226
f 2224 2226 2227
f 2221 2227 2222
f 2221 2224 2227
f 2221 2098 2224
f 2098 2105 2224
f 2111 2110 2229
f 2111 2229 2228
f 2228 2229 2230
f 2228 2230 2231
f 2225 2231 2226
f 2225 2228 2231
f 2225 2104 2228
f 2104 2111 2228
f 2117 2116 2233
f 2117 2233 2232
f 2232 2233 2234
f 2232 2234 2235
f 2229 2235 2230
f 2229 2232 2235
f 2229 2110 2232
f 2110 2117 2232
f 2123 2122 2237
f 2123 2237 2236
f 2236 2237 2238
f 2236 2238 2239
f 2233 2239 2234
f 2233 2236 2239
f 2233 2116 2236
f 2116 2123 2236
f 2129 2128 2241
f 2129 2241 2240
f 2240 2241 2242
f 2240 2242 2243
f 2237 2243 2238
f 2237 2240 2243
f 2237 2122 2240
f 2122 2129 2240
f 2135 2134 2245
f 2135 2245 2244
f 2244 2245 2246
f 2244 2246 2247
f 2241 2247 2242
f 2241 2244 2247
f 2241 2128 2244
f 2128 2135 2244
f 2141 2140 2249
f 2141 2249 2248
f 2248 2249 2250
f 2248 2250 2251
f 2245 2251 2246
f 2245 2248 2251
f 2245 2134 2248
f 2134 2141 2248
f 2147 2146 2253
f 2147 2253 2252
f 2252 2253 2254
f 2252 2254 2255
f 2249 2255 2250
f 2249 2252 2255
f 2249 2140 2252
f 2140 2147 2252
f 2153 2152 2257
f 2153 2257 2256
f 2256 2257 2258
f 2256 2258 2259
f 2253 2259 2254
f 2253 2256 2259
f 2253 2146 2256
f 2146 2153 2256
f 2159 2158 2261
f 2159 2261 2260
f 1514 2261 1509
f 1514 2260 2261
f 1514 1513 2262
f 1514 2262 2260
f 2257 2262 2258
f 2257 2260 2262
f 2257 2152 2260
f 2152 2159 2260
f 2165 2164 2264
f 2165 2264 2263
f 1520 2264 1516
f 1520 2263 2264
f 1520 1509 2263
f 1509 2261 2263
f 2261 2158 2263
f 2158 2165 2263
f 2171 2170 2266
f 2171 2266 2265
f 1526 2266 1522
f 1526 2265 2266
f 1526 1516 2265
f 1516 2264 2265
f 2264 2164 2265
f 2164 2171 2265
f 2177 2176 2268
f 2177 2268 2267
f 1532 2268 1528
f 1532 2267 2268
f 1532 1522 2267
f 1522 2266 2267
f 2266 2170 2267
f 2170 2177 2267
f 2182 1469 2269
f 1469 1537 2269
f 1537 1528 2269
f 1528 2268 2269
f 2268 2176 2269
f 2176 2182 2269
f 1507 2211 2270
f 1507 2270 1563
f 2271 2272 2273
f 1572 2273 1568
f 1572 2271 2273
f 1572 1563 2271
f 1563 2270 2271
f 2270 2211 2271
f 2211 2213 2272
f 2211 2272 2271
f 2274 2275 2276
f 1578 2276 1574
f 1578 2274 2276
f 1578 1568 2274
f 1568 2273 2274
f 2273 2272 2277
f 2273 2277 2274
f 2274 2277 2275
f 2278 2279 2280
f 1584 2280 1580
f 1584 2278 2280
f 1584 1574 2278
f 1574 2276 2278
f 2276 2275 2281
f 2276 2281 2278
f 2278 2281 2279
f 2282 2283 2284
f 1590 2284 1586
f 1590 2282 2284
f 1590 1580 2282
f 1580 2280 2282
f 2280 2279 2285
f 2280 2285 2282
f 2282 2285 2283
f 1596 2286 1592
f 1596 2287 2286
f 1596 1586 2287
f 1586 2288 2287
f 1586 2284 2288
f 2284 2283 2288
f 1592 2289 1597
f 1592 2286 2289
f 2217 2216 2290
f 2217 2290 2218
f 2223 2222 2291
f 2216 2292 2290
f 2216 2291 2292
f 2216 2223 2291
f 2227 2226 2293
f 2222 2294 2291
f 2222 2293 2294
f 2222 2227 2293
f 2231 2230 2296
f 2231 2296 2295
f 2295 2296 2297
f 2295 2297 2298
f 2295 2298 2299
f 2226 2299 2293
f 2226 2295 2299
f 2226 2231 2295
f 2235 2234 2301
f 2235 2301 2300
f 2300 2301 2302
f 2300 2302 2303
f 2296 2303 2297
f 2296 2300 2303
f 2296 2230 2300
f 2230 2235 2300
f 2239 2238 2305
f 2239 2305 2304
f 2304 2305 2306
f 2304 2306 2307
f 2301 2307 2302
f 2301 2304 2307
f 2301 2234 2304
f 2234 2239 2304
f 2243 2242 2309
f 2243 2309 2308
f 2308 2309 2310
f 2308 2310 2311
f 2305 2311 2306
f 2305 2308 2311
f 2305 2238 2308
f 2238 2243 2308
f 2247 2246 2313
f 2247 2313 2312
f 2312 2313 2314
f 2312 2314 2315
f 2309 2315 2310
f 2309 2312 2315
f 2309 2242 2312
f 2242 2247 2312
f 2251 2250 2317
f 2251 2317 2316
f 2316 2317 2318
f 2316 2318 2319
f 2313 2319 2314
f 2313 2316 2319
f 2313 2246 2316
f 2246 2251 2316
f 2255 2254 2321
f 2255 2321 2320
f 2320 2321 2322
f 2320 2322 2323
f 2317 2323 2318
f 2317 2320 2323
f 2317 2250 2320
f 2250 2255 2320
f 2259 2258 2325
f 2259 2325 2324
f 1604 2325 1599
f 1604 2324 2325
f 1604 1603 2326
f 1604 2326 2324
f 2321 2326 2322
f 2321 2324 2326
f 2321 2254 2324
f 2254 2259 2324
f 2262 1513 2327
f 1513 1609 2327
f 1609 1599 2327
f 1599 2325 2327
f 2325 2258 2327
f 2258 2262 2327
f 2287 2328 2286
f 2287 2288 2328
f 2289 2330 1597
f 2289 2329 2330
f 1597 2330 1660
f 2286 2328 2331
f 2286 2329 2289
f 2286 2331 2329
f 2332 2333 2334
f 1665 2334 1663
f 1665 2332 2334
f 1665 1660 2332
f 1660 2330 2332
f 2330 2329 2335
f 2330 2335 2332
f 2332 2335 2333
f 1670 2336 1667
f 1670 2337 2336
f 1670 1663 2337
f 1663 2338 2337
f 1663 2334 2338
f 2334 2333 2338
f 1667 2339 1671
f 1667 2336 2339
f 1678 2340 1673
f 1678 1677 2340
f 1683 2341 1680
f 1683 2342 2341
f 1683 1673 2342
f 1673 2340 2342
f 1687 2343 1685
f 1687 2344 2343
f 1687 1680 2344
f 1680 2341 2344
f 1691 2345 1689
f 1691 2346 2345
f 1691 1685 2346
f 1685 2343 2346
f 1695 2347 1693
f 1695 2348 2347
f 1695 1689 2348
f 1689 2345 2348
f 1699 2349 1697
f 1699 2350 2349
f 1699 1693 2350
f 1693 2347 2350
f 1703 2351 1701
f 1703 2352 2351
f 1703 1697 2352
f 1697 2349 2352
f 1707 2353 1705
f 1707 2354 2353
f 1707 1701 2354
f 1701 2351 2354
f 1705 2355 1710
f 1705 2353 2355
f 2298 2297 2356
f 2298 2356 2299
f 2303 2302 2357
f 2297 2358 2356
f 2297 2357 2358
f 2297 2303 2357
f 2307 2306 2359
f 2302 2360 2357
f 2302 2359 2360
f 2302 2307 2359
f 2311 2310 2362
f 2311 2362 2361
f 2361 2362 2363
f 2361 2363 2364
f 2361 2364 2365
f 2306 2365 2359
f 2306 2361 2365
f 2306 2311 2361
f 2315 2314 2367
f 2315 2367 2366
f 2366 2367 2368
f 2366 2368 2369
f 2362 2369 2363
f 2362 2366 2369
f 2362 2310 2366
f 2310 2315 2366
f 2319 2318 2371
f 2319 2371 2370
f 2370 2371 2372
f 2370 2372 2373
f 2367 2373 2368
f 2367 2370 2373
f 2367 2314 2370
f 2314 2319 2370
f 2323 2322 2375
f 2323 2375 2374
f 2374 2375 2376
f 2374 2376 2377
f 2371 2377 2372
f 2371 2374 2377
f 2371 2318 2374
f 2318 2323 2374
f 2326 1603 2378
f 1603 1712 2379
f 1603 2379 2378
f 2378 2379 2380
f 2375 2380 2376
f 2375 2378 2380
f 2375 2322 2378
f 2322 2326 2378
f 1714 1713 2381
f 1714 2382 1712
f 1714 2381 2382
f 1712 2382 2379
f 1713 1719 2383
f 1713 2383 2381
f 2337 2384 2336
f 2337 2338 2384
f 2339 2386 1671
f 2339 2385 2386
f 1671 2386 1754
f 2336 2384 2387
f 2336 2385 2339
f 2336 2387 2385
f 2388 2389 2390
f 1759 2390 1757
f 1759 2388 2390
f 1759 1754 2388
f 1754 2386 2388
f 2386 2385 2391
f 2386 2391 2388
f 2388 2391 2389
f 1677 2393 2340
f 1677 2392 2393
f 1677 1762 2392
f 1762 1757 2392
f 1757 2390 2392
f 2390 2389 2394
f 2390 2394 2392
f 2392 2394 2393
f 2342 2395 2341
f 2340 2393 2396
f 2340 2395 2342
f 2340 2396 2395
f 2344 2397 2343
f 2341 2395 2398
f 2341 2397 2344
f 2341 2398 2397
f 2346 2399 2345
f 2343 2397 2400
f 2343 2399 2346
f 2343 2400 2399
f 2348 2401 2347
f 2345 2399 2402
f 2345 2401 2348
f 2345 2402 2401
f 2350 2403 2349
f 2347 2401 2404
f 2347 2403 2350
f 2347 2404 2403
f 2352 2405 2351
f 2349 2403 2406
f 2349 2405 2352
f 2349 2406 2405
f 2354 2407 2353
f 2351 2405 2408
f 2351 2407 2354
f 2351 2408 2407
f 2355 2409 1710
f 1710 2409 2410
f 1710 2410 1764
f 2409 2411 2410
f 2409 2412 2411
f 2353 2412 2409
f 2353 2407 2412
f 2353 2409 2355
f 1767 2413 1765
f 1767 2414 2413
f 1767 1764 2414
f 1764 2410 2414
f 1771 2415 1769
f 1771 2416 2415
f 1771 1765 2416
f 1765 2413 2416
f 1769 2417 1774
f 1769 2415 2417
f 2364 2363 2418
f 2364 2418 2365
f 2369 2368 2419
f 2363 2420 2418
f 2363 2419 2420
f 2363 2369 2419
f 2373 2372 2421
f 2368 2422 2419
f 2368 2421 2422
f 2368 2373 2421
f 2377 2376 2423
f 2372 2424 2421
f 2372 2423 2424
f 2372 2377 2423
f 2380 2379 2426
f 2380 2426 2425
f 2425 2426 2427
f 2425 2427 2428
f 2425 2428 2429
f 2376 2429 2423
f 2376 2425 2429
f 2376 2380 2425
f 2382 2381 2431
f 2382 2431 2430
f 2430 2431 2432
f 2430 2432 2433
f 2426 2433 2427
f 2426 2430 2433
f 2426 2379 2430
f 2379 2382 2430
f 2383 1719 2434
f 1719 1776 2435
f 1719 2435 2434
f 2434 2435 2436
f 2431 2436 2432
f 2431 2434 2436
f 2431 2381 2434
f 2381 2383 2434
f 2437 2439 2438
f 1778 2439 2437
f 1778 1777 2439
f 1778 2437 1776
f 1776 2437 2440
f 1776 2440 2435
f 2437 2441 2440
f 2437 2438 2441
f 2442 2444 2443
f 1780 2444 2442
f 1780 1779 2444
f 1780 2442 1777
f 1777 2442 2439
f 2439 2442 2445
f 2439 2445 2438
f 2442 2443 2445
f 2446 2448 2447
f 1782 2448 2446
f 1782 1781 2448
f 1782 2446 1779
f 1779 2446 2444
f 2444 2446 2449
f 2444 2449 2443
f 2446 2447 2449
f 2450 2452 2451
f 1784 2452 2450
f 1784 1783 2452
f 1784 2450 1781
f 1781 2450 2448
f 2448 2450 2453
f 2448 2453 2447
f 2450 2451 2453
f 2454 2456 2455
f 1786 2456 2454
f 1786 1785 2456
f 1786 2454 1783
f 1783 2454 2452
f 2452 2454 2457
f 2452 2457 2451
f 2454 2455 2457
f 2458 2460 2459
f 1788 2460 2458
f 1788 1787 2460
f 1788 2458 1785
f 1785 2458 2456
f 2456 2458 2461
f 2456 2461 2455
f 2458 2459 2461
f 2462 2464 2463
f 1790 2464 2462
f 1790 1789 2464
f 1790 2462 1787
f 1787 2462 2460
f 2460 2462 2465
f 2460 2465 2459
f 2462 2463 2465
f 1789 1795 2466
f 1789 2467 2464
f 1789 2466 2467
f 2464 2467 2463
f 2411 2468 2410
f 2411 2412 2468
f 2414 2469 2413
f 2410 2468 2470
f 2410 2469 2414
f 2410 2470 2469
f 2416 2471 2472
f 2416 2472 2415
f 2471 2473 2472
f 2471 2474 2473
f 2471 2475 2474
f 2413 2475 2471
f 2413 2469 2475
f 2413 2471 2416
f 2417 2476 1774
f 1774 2476 2477
f 1774 2477 1804
f 2476 2478 2477
f 2472 2478 2476
f 2472 2473 2478
f 2472 2476 2415
f 2415 2476 2417
f 1807 2479 1805
f 1807 2480 2479
f 1807 1804 2480
f 1804 2477 2480
f 1811 2481 1809
f 1811 2482 2481
f 1811 1805 2482
f 1805 2479 2482
f 1815 2483 1813
f 1815 2484 2483
f 1815 1809 2484
f 1809 2481 2484
f 1813 2485 1818
f 1813 2483 2485
f 2428 2427 2486
f 2428 2486 2429
f 2433 2432 2487
f 2427 2488 2486
f 2427 2487 2488
f 2427 2433 2487
f 2436 2435 2489
f 2432 2490 2487
f 2432 2489 2490
f 2432 2436 2489
f 2435 2491 2489
f 2435 2440 2491
f 2466 2493 2492
f 2466 1795 2493
f 1795 1824 2493
f 2466 2492 2467
f 2494 2496 2495
f 1826 2496 2494
f 1826 1825 2496
f 1826 2494 1824
f 1824 2494 2493
f 2493 2494 2497
f 2493 2497 2492
f 2494 2495 2497
f 2498 2500 2499
f 1828 2500 2498
f 1828 1827 2500
f 1828 2498 1825
f 1825 2498 2496
f 2496 2498 2501
f 2496 2501 2495
f 2498 2499 2501
f 2502 2504 2503
f 1830 2504 2502
f 1830 1829 2504
f 1830 2502 1827
f 1827 2502 2500
f 2500 2502 2505
f 2500 2505 2499
f 2502 2503 2505
f 1829 1834 2506
f 1829 2507 2504
f 1829 2506 2507
f 2504 2507 2503
f 2474 2508 2473
f 2474 2475 2508
f 2478 2509 2477
f 2473 2508 2510
f 2473 2509 2478
f 2473 2510 2509
f 2480 2511 2512
f 2480 2512 2479
f 2511 2513 2512
f 2511 2514 2513
f 2511 2515 2514
f 2477 2515 2511
f 2477 2509 2515
f 2477 2511 2480
f 2482 2516 2517
f 2482 2517 2481
f 2516 2518 2517
f 2516 2519 2518
f 2512 2519 2516
f 2512 2513 2519
f 2512 2516 2479
f 2479 2516 2482
f 2484 2520 2521
f 2484 2521 2483
f 2520 2522 2521
f 2520 2523 2522
f 2517 2523 2520
f 2517 2518 2523
f 2517 2520 2481
f 2481 2520 2484
f 2485 2524 1818
f 1818 2524 2525
f 1818 2525 1838
f 2524 2526 2525
f 2521 2526 2524
f 2521 2522 2526
f 2521 2524 2483
f 2483 2524 2485
f 1840 2527 1839
f 1840 2528 2527
f 1840 1838 2528
f 1838 2525 2528
f 1843 2529 1841
f 1843 2530 2529
f 1843 1839 2530
f 1839 2527 2530
f 1847 2531 1845
f 1847 2532 2531
f 1847 1841 2532
f 1841 2529 2532
f 1845 2533 1850
f 1845 2531 2533
f 1857 2534 1854
f 1857 1856 2534
f 1861 2535 1859
f 1861 2536 2535
f 1861 1854 2536
f 1854 2534 2536
f 1865 2537 1863
f 1865 2538 2537
f 1865 1859 2538
f 1859 2535 2538
f 1869 2539 1867
f 1869 2540 2539
f 1869 1863 2540
f 1863 2537 2540
f 1873 2541 1871
f 1873 2542 2541
f 1873 1867 2542
f 1867 2539 2542
f 1877 2543 1875
f 1877 2544 2543
f 1877 1871 2544
f 1871 2541 2544
f 1881 2545 1879
f 1881 2546 2545
f 1881 1875 2546
f 1875 2543 2546
f 1885 2547 1883
f 1885 2548 2547
f 1885 1879 2548
f 1879 2545 2548
f 2549 2550 2551
f 1889 2551 1887
f 1889 2549 2551
f 1889 1883 2549
f 1883 2547 2552
f 1883 2552 2549
f 2549 2552 2553
f 2549 2553 2550
f 2554 2555 2556
f 1893 2556 1891
f 1893 2554 2556
f 1893 1887 2554
f 1887 2551 2554
f 2551 2550 2557
f 2551 2557 2554
f 2554 2557 2555
f 2558 2559 2560
f 1896 2560 1895
f 1896 2558 2560
f 1896 1891 2558
f 1891 2556 2558
f 2556 2555 2561
f 2556 2561 2558
f 2558 2561 2559
f 1897 1895 2562
f 1895 2560 2562
f 2560 2559 2563
f 2506 2565 2564
f 2506 1834 2565
f 1834 1898 2565
f 2506 2564 2507
f 2566 2568 2567
f 1900 2568 2566
f 1900 1899 2568
f 1900 2566 1898
f 1898 2566 2565
f 2565 2566 2569
f 2565 2569 2564
f 2566 2567 2569
f 2570 2572 2571
f 1903 2572 2570
f 1903 1901 2572
f 1903 2570 1899
f 1899 2570 2568
f 2568 2570 2573
f 2568 2573 2567
f 2570 2571 2573
f 2574 2576 2575
f 1907 2576 2574
f 1907 1905 2576
f 1907 2574 1901
f 1901 2574 2572
f 2572 2574 2577
f 2572 2577 2571
f 2574 2575 2577
f 2578 2580 2579
f 2578 2581 2580
f 1905 2581 2578
f 1905 1910 2581
f 1905 2578 2576
f 2576 2578 2582
f 2576 2582 2575
f 2578 2579 2582
f 2583 2585 2584
f 2583 2586 2585
f 2583 2587 2586
f 2580 2587 2583
f 2580 2581 2587
f 2580 2583 2588
f 2580 2588 2579
f 2583 2584 2588
f 2589 2591 2590
f 2589 2592 2591
f 2589 2593 2592
f 2585 2593 2589
f 2585 2586 2593
f 2585 2589 2594
f 2585 2594 2584
f 2589 2590 2594
f 2591 2592 2595
f 2591 2595 2590
f 2596 2598 2597
f 2596 2599 2598
f 2596 2600 2599
f 2596 2601 2600
f 2596 2602 2601
f 2596 2597 2602
f 2603 2605 2604
f 2603 2606 2605
f 2603 2607 2606
f 2598 2607 2603
f 2598 2599 2607
f 2598 2603 2608
f 2598 2608 2597
f 2603 2604 2608
f 2609 2611 2610
f 2609 2612 2611
f 2609 2613 2612
f 2605 2613 2609
f 2605 2606 2613
f 2605 2609 2614
f 2605 2614 2604
f 2609 2610 2614
f 2615 2617 2616
f 2615 2618 2617
f 2615 2619 2618
f 2611 2619 2615
f 2611 2612 2619
f 2611 2615 2620
f 2611 2620 2610
f 2615 2616 2620
f 2621 2623 2622
f 2621 2624 2623
f 2621 2625 2624
f 2617 2625 2621
f 2617 2618 2625
f 2617 2621 2626
f 2617 2626 2616
f 2621 2622 2626
f 2627 2629 2628
f 2627 2630 2629
f 2627 2631 2630
f 2623 2631 2627
f 2623 2624 2631
f 2623 2627 2632
f 2623 2632 2622
f 2627 2628 2632
f 2633 2635 2634
f 2633 2636 2635
f 2633 2637 2636
f 2629 2637 2633
f 2629 2630 2637
f 2629 2633 2638
f 2629 2638 2628
f 2633 2634 2638
f 2635 2636 2639
f 2635 2639 2634
f 2640 2642 2641
f 2640 2643 2642
f 2640 2644 2643
f 2640 2645 2644
f 2640 2646 2645
f 2640 2641 2646
f 2514 2647 2648
f 2514 2648 2513
f 2647 2649 2648
f 2647 2650 2649
f 2642 2650 2647
f 2642 2643 2650
f 2642 2647 2651
f 2642 2651 2641
f 2514 2651 2647
f 2514 2515 2651
f 2519 2652 2653
f 2519 2653 2518
f 2652 2654 2653
f 2652 2655 2654
f 2648 2655 2652
f 2648 2649 2655
f 2648 2652 2513
f 2513 2652 2519
f 2523 2656 2657
f 2523 2657 2522
f 2656 2658 2657
f 2656 2659 2658
f 2653 2659 2656
f 2653 2654 2659
f 2653 2656 2518
f 2518 2656 2523
f 2526 2660 2661
f 2526 2661 2525
f 2660 2662 2661
f 2660 2663 2662
f 2657 2663 2660
f 2657 2658 2663
f 2657 2660 2522
f 2522 2660 2526
f 2528 2664 2665
f 2528 2665 2527
f 2664 2666 2665
f 2664 2667 2666
f 2661 2667 2664
f 2661 2662 2667
f 2661 2664 2525
f 2525 2664 2528
f 2530 2668 2669
f 2530 2669 2529
f 2668 2670 2669
f 2668 2671 2670
f 2665 2671 2668
f 2665 2666 2671
f 2665 2668 2527
f 2527 2668 2530
f 2532 2672 2673
f 2532 2673 2531
f 2672 2674 2673
f 2672 2675 2674
f 2669 2675 2672
f 2669 2670 2675
f 2669 2672 2529
f 2529 2672 2532
f 2533 2676 1850
f 1850 2676 2677
f 1850 2677 1914
f 2676 2678 2677
f 2673 2678 2676
f 2673 2674 2678
f 2673 2676 2531
f 2531 2676 2533
f 1916 2679 1915
f 1916 2680 2679
f 1916 1914 2680
f 1914 2677 2680
f 1856 2681 2534
f 1856 2682 2681
f 1856 1917 2682
f 1917 2683 2682
f 1917 1915 2683
f 1915 2679 2683
f 2536 2684 2685
f 2536 2685 2535
f 2684 2686 2685
f 2684 2687 2686
f 2681 2687 2684
f 2681 2682 2687
f 2681 2684 2534
f 2534 2684 2536
f 2538 2688 2537
f 2685 2686 2689
f 2685 2690 2535
f 2685 2689 2690
f 2535 2688 2538
f 2535 2690 2688
f 2540 2691 2539
f 2537 2688 2692
f 2537 2691 2540
f 2537 2692 2691
f 2542 2693 2541
f 2539 2691 2694
f 2539 2693 2542
f 2539 2694 2693
f 2544 2695 2543
f 2541 2693 2696
f 2541 2695 2544
f 2541 2696 2695
f 2546 2697 2545
f 2543 2695 2698
f 2543 2697 2546
f 2543 2698 2697
f 2548 2699 2547
f 2545 2697 2700
f 2545 2699 2548
f 2545 2700 2699
f 2547 2699 2701
f 2547 2701 2552
f 1910 2702 2581
f 1910 1918 2702
f 2587 2703 2704
f 2587 2704 2586
f 1920 2704 2703
f 1920 1919 2704
f 1920 2703 1918
f 1918 2703 2702
f 2702 2703 2581
f 2581 2703 2587
f 2593 2705 2706
f 2593 2706 2592
f 1923 2706 2705
f 1923 1921 2706
f 1923 2705 1919
f 1919 2705 2704
f 2704 2705 2586
f 2586 2705 2593
f 2707 2709 2708
f 1927 2709 2707
f 1927 1925 2709
f 1927 2707 1921
f 1921 2707 2706
f 2706 2707 2592
f 2592 2707 2708
f 2592 2708 2595
f 2710 2712 2711
f 1931 2712 2710
f 1931 1929 2712
f 1931 2710 1925
f 1925 2710 2709
f 2709 2710 2713
f 2709 2713 2708
f 2710 2711 2713
f 2600 2714 2715
f 2600 2715 2599
f 1935 2715 2714
f 1935 1933 2715
f 1935 2714 1929
f 1929 2714 2712
f 2712 2714 2716
f 2712 2716 2711
f 2600 2716 2714
f 2600 2601 2716
f 2607 2717 2718
f 2607 2718 2606
f 1939 2718 2717
f 1939 1937 2718
f 1939 2717 1933
f 1933 2717 2715
f 2715 2717 2599
f 2599 2717 2607
f 2613 2719 2720
f 2613 2720 2612
f 1943 2720 2719
f 1943 1941 2720
f 1943 2719 1937
f 1937 2719 2718
f 2718 2719 2606
f 2606 2719 2613
f 2619 2721 2722
f 2619 2722 2618
f 1947 2722 2721
f 1947 1945 2722
f 1947 2721 1941
f 1941 2721 2720
f 2720 2721 2612
f 2612 2721 2619
f 2625 2723 2724
f 2625 2724 2624
f 1951 2724 2723
f 1951 1949 2724
f 1951 2723 1945
f 1945 2723 2722
f 2722 2723 2618
f 2618 2723 2625
f 2631 2725 2726
f 2631 2726 2630
f 1955 2726 2725
f 1955 1953 2726
f 1955 2725 1949
f 1949 2725 2724
f 2724 2725 2624
f 2624 2725 2631
f 2637 2727 2728
f 2637 2728 2636
f 1959 2728 2727
f 1959 1957 2728
f 1959 2727 1953
f 1953 2727 2726
f 2726 2727 2630
f 2630 2727 2637
f 2729 2731 2730
f 1964 2731 2729
f 1964 1961 2731
f 1964 2729 1957
f 1957 2729 2728
f 2728 2729 2636
f 2636 2729 2730
f 2636 2730 2639
f 2732 2734 2733
f 2732 2735 2734
f 1961 2735 2732
f 1961 1965 2735
f 1961 2732 2731
f 2731 2732 2736
f 2731 2736 2730
f 2732 2733 2736
f 2737 2739 2738
f 2737 2740 2739
f 2737 2741 2740
f 2734 2741 2737
f 2734 2735 2741
f 2734 2737 2742
f 2734 2742 2733
f 2737 2738 2742
f 2743 2745 2744
f 2743 2746 2745
f 2743 2747 2746
f 2739 2747 2743
f 2739 2740 2747
f 2739 2743 2748
f 2739 2748 2738
f 2743 2744 2748
f 2644 2749 2750
f 2644 2750 2643
f 2749 2751 2750
f 2749 2752 2751
f 2745 2752 2749
f 2745 2746 2752
f 2745 2749 2753
f 2745 2753 2744
f 2644 2753 2749
f 2644 2645 2753
f 2650 2754 2755
f 2650 2755 2649
f 2754 2756 2755
f 2754 2757 2756
f 2750 2757 2754
f 2750 2751 2757
f 2750 2754 2643
f 2643 2754 2650
f 2655 2758 2759
f 2655 2759 2654
f 2758 2760 2759
f 2758 2761 2760
f 2755 2761 2758
f 2755 2756 2761
f 2755 2758 2649
f 2649 2758 2655
f 2659 2762 2763
f 2659 2763 2658
f 2762 2764 2763
f 2762 2765 2764
f 2759 2765 2762
f 2759 2760 2765
f 2759 2762 2654
f 2654 2762 2659
f 2663 2766 2767
f 2663 2767 2662
f 2766 2768 2767
f 2766 2769 2768
f 2763 2769 2766
f 2763 2764 2769
f 2763 2766 2658
f 2658 2766 2663
f 2667 2770 2666
f 2767 2768 2771
f 2767 2772 2662
f 2767 2771 2772
f 2662 2770 2667
f 2662 2772 2770
f 2671 2773 2670
f 2666 2770 2774
f 2666 2773 2671
f 2666 2774 2773
f 2675 2775 2674
f 2670 2773 2776
f 2670 2775 2675
f 2670 2776 2775
f 2678 2777 2677
f 2674 2775 2778
f 2674 2777 2678
f 2674 2778 2777
f 2680 2779 2679
f 2677 2777 2780
f 2677 2779 2680
f 2677 2780 2779
f 2683 2781 2682
f 2679 2779 2782
f 2679 2781 2683
f 2679 2782 2781
f 2687 2783 2686
f 2682 2781 2784
f 2682 2783 2687
f 2682 2784 2783
f 2686 2783 2785
f 2686 2785 2689
f 1965 2786 2735
f 1965 1968 2786
f 2741 2787 2788
f 2741 2788 2740
f 1973 2788 2787
f 1973 1971 2788
f 1973 2787 1968
f 1968 2787 2786
f 2786 2787 2735
f 2735 2787 2741
f 2747 2789 2790
f 2747 2790 2746
f 1977 2790 2789
f 1977 1975 2790
f 1977 2789 1971
f 1971 2789 2788
f 2788 2789 2740
f 2740 2789 2747
f 2752 2791 2792
f 2752 2792 2751
f 1982 2792 2791
f 1982 1979 2792
f 1982 2791 1975
f 1975 2791 2790
f 2790 2791 2746
f 2746 2791 2752
f 2757 2793 2794
f 2757 2794 2756
f 1988 2794 2793
f 1988 1984 2794
f 1988 2793 1979
f 1979 2793 2792
f 2792 2793 2751
f 2751 2793 2757
f 2761 2795 2796
f 2761 2796 2760
f 2795 2797 2796
f 1984 2797 2795
f 1984 1989 2797
f 1984 2795 2794
f 2794 2795 2756
f 2756 2795 2761
f 2765 2798 2799
f 2765 2799 2764
f 2798 2800 2799
f 2798 2801 2800
f 2796 2801 2798
f 2796 2797 2801
f 2796 2798 2760
f 2760 2798 2765
f 2769 2802 2803
f 2769 2803 2768
f 2802 2804 2803
f 2802 2805 2804
f 2799 2805 2802
f 2799 2800 2805
f 2799 2802 2764
f 2764 2802 2769
f 2806 2808 2807
f 2806 2809 2808
f 2806 2810 2809
f 2803 2810 2806
f 2803 2804 2810
f 2803 2806 2768
f 2768 2806 2807
f 2768 2807 2771
f 2811 2813 2812
f 2811 2814 2813
f 2811 2815 2814
f 2808 2815 2811
f 2808 2809 2815
f 2808 2811 2816
f 2808 2816 2807
f 2811 2812 2816
f 2813 2814 2817
f 2813 2817 2812
f 1989 2818 2797
f 1989 1994 2818
f 2801 2819 2820
f 2801 2820 2800
f 2000 2820 2819
f 2000 1997 2820
f 2000 2819 1994
f 1994 2819 2818
f 2818 2819 2797
f 2797 2819 2801
f 2805 2821 2822
f 2805 2822 2804
f 2006 2822 2821
f 2006 2002 2822
f 2006 2821 1997
f 1997 2821 2820
f 2820 2821 2800
f 2800 2821 2805
f 2810 2823 2824
f 2810 2824 2809
f 2823 2825 2824
f 2002 2825 2823
f 2002 2007 2825
f 2002 2823 2822
f 2822 2823 2804
f 2804 2823 2810
f 2815 2826 2827
f 2815 2827 2814
f 2826 2828 2827
f 2826 2829 2828
f 2824 2829 2826
f 2824 2825 2829
f 2824 2826 2809
f 2809 2826 2815
f 2830 2832 2831
f 2830 2833 2832
f 2830 2834 2833
f 2827 2834 2830
f 2827 2828 2834
f 2827 2830 2814
f 2814 2830 2831
f 2814 2831 2817
f 2835 2837 2836
f 2835 2838 2837
f 2835 2839 2838
f 2832 2839 2835
f 2832 2833 2839
f 2832 2835 2840
f 2832 2840 2831
f 2835 2836 2840
f 2837 2838 2841
f 2837 2841 2836
f 2007 2842 2825
f 2007 2012 2842
f 2829 2843 2844
f 2829 2844 2828
f 2018 2844 2843
f 2018 2015 2844
f 2018 2843 2012
f 2012 2843 2842
f 2842 2843 2825
f 2825 2843 2829
f 2834 2845 2846
f 2834 2846 2833
f 2845 2847 2846
f 2015 2847 2845
f 2015 2019 2847
f 2015 2845 2844
f 2844 2845 2828
f 2828 2845 2834
f 2839 2848 2849
f 2839 2849 2838
f 2848 2850 2849
f 2848 2851 2850
f 2846 2851 2848
f 2846 2847 2851
f 2846 2848 2833
f 2833 2848 2839
f 2852 2854 2853
f 2852 2855 2854
f 2852 2856 2855
f 2849 2856 2852
f 2849 2850 2856
f 2849 2852 2838
f 2838 2852 2853
f 2838 2853 2841
f 2857 2859 2858
f 2857 2860 2859
f 2857 2861 2860
f 2854 2861 2857
f 2854 2855 2861
f 2854 2857 2862
f 2854 2862 2853
f 2857 2858 2862
f 2863 2865 2864
f 2863 2866 2865
f 2863 2867 2866
f 2859 2867 2863
f 2859 2860 2867
f 2859 2863 2868
f 2859 2868 2858
f 2863 2864 2868
f 2869 2871 2870
f 2869 2872 2871
f 2869 2873 2872
f 2865 2873 2869
f 2865 2866 2873
f 2865 2869 2874
f 2865 2874 2864
f 2869 2870 2874
f 2871 2872 2875
f 2871 2875 2870
f 2019 2876 2847
f 2019 2022 2876
f 2851 2877 2878
f 2851 2878 2850
f 2027 2878 2877
f 2027 2025 2878
f 2027 2877 2022
f 2022 2877 2876
f 2876 2877 2847
f 2847 2877 2851
f 2856 2879 2880
f 2856 2880 2855
f 2031 2880 2879
f 2031 2029 2880
f 2031 2879 2025
f 2025 2879 2878
f 2878 2879 2850
f 2850 2879 2856
f 2861 2881 2882
f 2861 2882 2860
f 2035 2882 2881
f 2035 2033 2882
f 2035 2881 2029
f 2029 2881 2880
f 2880 2881 2855
f 2855 2881 2861
f 2867 2883 2884
f 2867 2884 2866
f 2040 2884 2883
f 2040 2037 2884
f 2040 2883 2033
f 2033 2883 2882
f 2882 2883 2860
f 2860 2883 2867
f 2873 2885 2886
f 2873 2886 2872
f 2046 2886 2885
f 2046 2042 2886
f 2046 2885 2037
f 2037 2885 2884
f 2884 2885 2866
f 2866 2885 2873
f 2887 2889 2888
f 2887 2890 2889
f 2042 2890 2887
f 2042 2047 2890
f 2042 2887 2886
f 2886 2887 2872
f 2872 2887 2888
f 2872 2888 2875
f 2891 2893 2892
f 2891 2894 2893
f 2891 2895 2894
f 2889 2895 2891
f 2889 2890 2895
f 2889 2891 2896
f 2889 2896 2888
f 2891 2892 2896
f 2897 2899 2898
f 2897 2900 2899
f 2897 2901 2900
f 2893 2901 2897
f 2893 2894 2901
f 2893 2897 2902
f 2893 2902 2892
f 2897 2898 2902
f 2903 2905 2904
f 2903 2906 2905
f 2903 2907 2906
f 2899 2907 2903
f 2899 2900 2907
f 2899 2903 2908
f 2899 2908 2898
f 2903 2904 2908
f 2905 2906 2909
f 2905 2909 2904
f 2047 2910 2890
f 2047 2052 2910
f 2895 2911 2912
f 2895 2912 2894
f 2057 2912 2911
f 2057 2055 2912
f 2057 2911 2052
f 2052 2911 2910
f 2910 2911 2890
f 2890 2911 2895
f 2901 2913 2914
f 2901 2914 2900
f 2061 2914 2913
f 2061 2059 2914
f 2061 2913 2055
f 2055 2913 2912
f 2912 2913 2894
f 2894 2913 2901
f 2907 2915 2916
f 2907 2916 2906
f 2065 2916 2915
f 2065 2063 2916
f 2065 2915 2059
f 2059 2915 2914
f 2914 2915 2900
f 2900 2915 2907
f 2917 2919 2918
f 2070 2919 2917
f 2070 2067 2919
f 2070 2917 2063
f 2063 2917 2916
f 2916 2917 2906
f 2906 2917 2918
f 2906 2918 2909
f 2920 2922 2921
f 2076 2922 2920
f 2076 2072 2922
f 2076 2920 2067
f 2067 2920 2919
f 2919 2920 2923
f 2919 2923 2918
f 2920 2921 2923
f 2924 2926 2925
f 2924 2927 2926
f 2072 2927 2924
f 2072 2077 2927
f 2072 2924 2922
f 2922 2924 2928
f 2922 2928 2921
f 2924 2925 2928
f 2929 2931 2930
f 2929 2932 2931
f 2929 2933 2932
f 2926 2933 2929
f 2926 2927 2933
f 2926 2929 2934
f 2926 2934 2925
f 2929 2930 2934
f 2077 2935 2927
f 2077 2082 2935
f 2933 2936 2937
f 2933 2937 2932
f 2087 2937 2936
f 2087 2085 2937
f 2087 2936 2082
f 2082 2936 2935
f 2935 2936 2927
f 2927 2936 2933
f 2085 2938 2937
f 2937 2938 2932
f 2942 2943 2944
f 2942 2944 2945
f 2942 2945 2946
f 2940 2942 2946
f 2940 2947 2942
f 2942 2947 2943
f 2948 2949 2950
f 2948 2950 2951
f 2948 2951 2952
f 2944 2952 2945
f 2944 2948 2952
f 2944 2943 2953
f 2944 2953 2948
f 2948 2953 2949
f 2954 2955 2956
f 2954 2956 2957
f 2954 2957 2958
f 2950 2958 2951
f 2950 2954 2958
f 2950 2949 2959
f 2950 2959 2954
f 2954 2959 2955
f 2960 2961 2962
f 2960 2962 2963
f 2960 2963 2964
f 2956 2964 2957
f 2956 2960 2964
f 2956 2955 2965
f 2956 2965 2960
f 2960 2965 2961
f 2966 2967 2968
f 2966 2968 2969
f 2966 2969 2970
f 2962 2970 2963
f 2962 2966 2970
f 2962 2961 2971
f 2962 2971 2966
f 2966 2971 2967
f 2972 2973 2974
f 2972 2974 2975
f 2972 2975 2976
f 2968 2976 2969
f 2968 2972 2976
f 2968 2967 2977
f 2968 2977 2972
f 2972 2977 2973
f 2978 2979 2980
f 2978 2980 2981
f 2978 2981 2982
f 2974 2982 2975
f 2974 2978 2982
f 2974 2973 2983
f 2974 2983 2978
f 2978 2983 2979
f 2984 2985 2986
f 2984 2986 2987
f 2984 2987 2988
f 2980 2988 2981
f 2980 2984 2988
f 2980 2979 2989
f 2980 2989 2984
f 2984 2989 2985
f 2990 2991 2992
f 2990 2992 2993
f 2990 2993 2994
f 2986 2994 2987
f 2986 2990 2994
f 2986 2985 2995
f 2986 2995 2990
f 2990 2995 2991
f 2996 2997 2998
f 2996 2998 2999
f 2996 2999 3000
f 2992 3000 2993
f 2992 2996 3000
f 2992 2991 3001
f 2992 3001 2996
f 2996 3001 2997
f 2998 3002 2999
f 2998 2997 3002
f 2946 2945 3006
f 2946 3006 3005
f 3005 3006 3007
f 3005 3007 3008
f 3003 3005 3008
f 2941 2946 3005
f 2952 2951 3010
f 2952 3010 3009
f 3009 3010 3011
f 3009 3011 3012
f 3006 3012 3007
f 3006 3009 3012
f 3006 2945 3009
f 2945 2952 3009
f 2958 2957 3014
f 2958 3014 3013
f 3013 3014 3015
f 3013 3015 3016
f 3010 3016 3011
f 3010 3013 3016
f 3010 2951 3013
f 2951 2958 3013
f 2964 2963 3018
f 2964 3018 3017
f 3017 3018 3019
f 3017 3019 3020
f 3014 3020 3015
f 3014 3017 3020
f 3014 2957 3017
f 2957 2964 3017
f 2970 2969 3022
f 2970 3022 3021
f 2094 3022 2089
f 2094 3021 3022
f 2094 2093 3023
f 2094 3023 3021
f 3018 3023 3019
f 3018 3021 3023
f 3018 2963 3021
f 2963 2970 3021
f 2976 2975 3025
f 2976 3025 3024
f 2100 3025 2096
f 2100 3024 3025
f 2100 2089 3024
f 2089 3022 3024
f 3022 2969 3024
f 2969 2976 3024
f 2982 2981 3027
f 2982 3027 3026
f 2106 3027 2102
f 2106 3026 3027
f 2106 2096 3026
f 2096 3025 3026
f 3025 2975 3026
f 2975 2982 3026
f 2988 2987 3029
f 2988 3029 3028
f 2112 3029 2108
f 2112 3028 3029
f 2112 2102 3028
f 2102 3027 3028
f 3027 2981 3028
f 2981 2988 3028
f 2994 2993 3031
f 2994 3031 3030
f 2118 3031 2114
f 2118 3030 3031
f 2118 2108 3030
f 2108 3029 3030
f 3029 2987 3030
f 2987 2994 3030
f 3000 2999 3033
f 3000 3033 3032
f 2124 3033 2120
f 2124 3032 3033
f 2124 2114 3032
f 2114 3031 3032
f 3031 2993 3032
f 2993 3000 3032
f 3034 3035 3036
f 2130 3036 2126
f 2130 3034 3036
f 2130 2120 3034
f 2120 3033 3034
f 3033 2999 3034
f 2999 3002 3035
f 2999 3035 3034
f 3037 3038 3039
f 2136 3039 2132
f 2136 3037 3039
f 2136 2126 3037
f 2126 3036 3037
f 3036 3035 3040
f 3036 3040 3037
f 3037 3040 3038
f 3041 3042 3043
f 2142 3043 2138
f 2142 3041 3043
f 2142 2132 3041
f 2132 3039 3041
f 3039 3038 3044
f 3039 3044 3041
f 3041 3044 3042
f 3045 3046 3047
f 2148 3047 2144
f 2148 3045 3047
f 2148 2138 3045
f 2138 3043 3045
f 3043 3042 3048
f 3043 3048 3045
f 3045 3048 3046
f 3049 3050 3051
f 2154 3051 2150
f 2154 3049 3051
f 2154 2144 3049
f 2144 3047 3049
f 3047 3046 3052
f 3047 3052 3049
f 3049 3052 3050
f 3053 3054 3055
f 2160 3055 2156
f 2160 3053 3055
f 2160 2150 3053
f 2150 3051 3053
f 3051 3050 3056
f 3051 3056 3053
f 3053 3056 3054
f 3057 3058 3059
f 2166 3059 2162
f 2166 3057 3059
f 2166 2156 3057
f 2156 3055 3057
f 3055 3054 3060
f 3055 3060 3057
f 3057 3060 3058
f 3061 3062 3063
f 2172 3063 2168
f 2172 3061 3063
f 2172 2162 3061
f 2162 3059 3061
f 3059 3058 3064
f 3059 3064 3061
f 3061 3064 3062
f 3065 3066 3067
f 2178 3067 2174
f 2178 3065 3067
f 2178 2168 3065
f 2168 3063 3065
f 3063 3062 3068
f 3063 3068 3065
f 3065 3068 3066
f 3069 3070 3071
f 2183 3071 2180
f 2183 3069 3071
f 2183 2174 3069
f 2174 3067 3069
f 3067 3066 3072
f 3067 3072 3069
f 3069 3072 3070
f 3073 3074 3075
f 2187 3075 2185
f 2187 3073 3075
f 2187 2180 3073
f 2180 3071 3073
f 3071 3070 3076
f 3071 3076 3073
f 3073 3076 3074
f 3077 3078 3079
f 2191 3079 2189
f 2191 3077 3079
f 2191 2185 3077
f 2185 3075 3077
f 3075 3074 3080
f 3075 3080 3077
f 3077 3080 3078
f 3081 3082 3083
f 2195 3083 2193
f 2195 3081 3083
f 2195 2189 3081
f 2189 3079 3081
f 3079 3078 3084
f 3079 3084 3081
f 3081 3084 3082
f 2199 3085 2197
f 2199 3086 3085
f 2199 2193 3086
f 2193 3087 3086
f 2193 3083 3087
f 3083 3082 3087
f 2203 3088 2201
f 2203 3089 3088
f 2203 2197 3089
f 2197 3085 3089
f 2207 3090 2205
f 2207 3091 3090
f 2207 2201 3091
f 2201 3088 3091
f 2212 3092 2209
f 2212 3093 3092
f 2212 2205 3093
f 2205 3090 3093
f 2209 3094 2213
f 2209 3092 3094
f 3008 3007 3098
f 3008 3098 3097
f 3097 3098 3099
f 3097 3099 3100
f 3095 3097 3100
f 3004 3008 3097
f 3012 3011 3102
f 3012 3102 3101
f 3101 3102 3103
f 3101 3103 3104
f 3098 3104 3099
f 3098 3101 3104
f 3098 3007 3101
f 3007 3012 3101
f 3016 3015 3106
f 3016 3106 3105
f 3105 3106 3107
f 3105 3107 3108
f 3102 3108 3103
f 3102 3105 3108
f 3102 3011 3105
f 3011 3016 3105
f 3020 3019 3110
f 3020 3110 3109
f 3109 3110 3111
f 3109 3111 3112
f 3106 3112 3107
f 3106 3109 3112
f 3106 3015 3109
f 3015 3020 3109
f 3023 2093 3113
f 2093 2219 3113
f 2219 2218 3114
f 2219 3114 3113
f 3110 3114 3111
f 3110 3113 3114
f 3110 3019 3113
f 3019 3023 3113
f 3086 3115 3085
f 3086 3087 3115
f 3089 3116 3088
f 3085 3115 3117
f 3085 3116 3089
f 3085 3117 3116
f 3091 3118 3090
f 3088 3116 3119
f 3088 3118 3091
f 3088 3119 3118
f 3093 3120 3092
f 3090 3118 3121
f 3090 3120 3093
f 3090 3121 3120
f 3094 3123 2213
f 3094 3122 3123
f 2213 3123 2272
f 3092 3120 3124
f 3092 3122 3094
f 3092 3124 3122
f 2277 3125 2275
f 2277 3126 3125
f 2277 2272 3126
f 2272 3127 3126
f 2272 3123 3127
f 3123 3122 3127
f 2281 3128 2279
f 2281 3129 3128
f 2281 2275 3129
f 2275 3125 3129
f 2285 3130 2283
f 2285 3131 3130
f 2285 2279 3131
f 2279 3128 3131
f 2283 3132 2288
f 2283 3130 3132
f 3100 3099 3134
f 3096 3135 3133
f 3096 3134 3135
f 3096 3100 3134
f 3104 3103 3136
f 3099 3137 3134
f 3099 3136 3137
f 3099 3104 3136
f 3108 3107 3139
f 3108 3139 3138
f 3138 3139 3140
f 3138 3140 3141
f 3138 3141 3142
f 3103 3142 3136
f 3103 3138 3142
f 3103 3108 3138
f 3112 3111 3144
f 3112 3144 3143
f 3143 3144 3145
f 3143 3145 3146
f 3139 3146 3140
f 3139 3143 3146
f 3139 3107 3143
f 3107 3112 3143
f 3114 2218 3147
f 2218 2290 3148
f 2218 3148 3147
f 3147 3148 3149
f 3144 3149 3145
f 3144 3147 3149
f 3144 3111 3147
f 3111 3114 3147
f 2292 2291 3150
f 2292 3151 2290
f 2292 3150 3151
f 2290 3151 3148
f 2294 2293 3152
f 2294 3153 2291
f 2294 3152 3153
f 2291 3153 3150
f 2293 2299 3154
f 2293 3154 3152
f 3126 3155 3125
f 3126 3127 3155
f 3129 3156 3128
f 3125 3155 3157
f 3125 3156 3129
f 3125 3157 3156
f 3131 3158 3130
f 3128 3156 3159
f 3128 3158 3131
f 3128 3159 3158
f 3132 3160 2288
f 2288 3160 3161
f 2288 3161 2328
f 3160 3162 3161
f 3160 3163 3162
f 3130 3163 3160
f 3130 3158 3163
f 3130 3160 3132
f 2331 3164 2329
f 2331 3165 3164
f 2331 2328 3165
f 2328 3161 3165
f 2335 3166 2333
f 2335 3167 3166
f 2335 2329 3167
f 2329 3164 3167
f 2333 3168 2338
f 2333 3166 3168
f 3141 3140 3169
f 3141 3169 3142
f 3146 3145 3170
f 3140 3171 3169
f 3140 3170 3171
f 3140 3146 3170
f 3149 3148 3172
f 3145 3173 3170
f 3145 3172 3173
f 3145 3149 3172
f 3151 3150 3174
f 3148 3175 3172
f 3148 3174 3175
f 3148 3151 3174
f 3153 3152 3176
f 3150 3177 3174
f 3150 3176 3177
f 3150 3153 3176
f 3154 3179 3178
f 3154 2299 3179
f 2299 2356 3179
f 3152 3180 3176
f 3152 3178 3180
f 3152 3154 3178
f 2358 2357 3181
f 2358 3182 2356
f 2358 3181 3182
f 2356 3183 3179
f 2356 3182 3183
f 3179 3183 3178
f 2360 2359 3184
f 2360 3185 2357
f 2360 3184 3185
f 2357 3185 3181
f 2359 2365 3186
f 2359 3186 3184
f 3162 3187 3161
f 3162 3163 3187
f 3165 3188 3189
f 3165 3189 3164
f 3188 3190 3189
f 3188 3191 3190
f 3188 3192 3191
f 3161 3192 3188
f 3161 3187 3192
f 3161 3188 3165
f 3167 3193 3194
f 3167 3194 3166
f 3193 3195 3194
f 3193 3196 3195
f 3189 3196 3193
f 3189 3190 3196
f 3189 3193 3164
f 3164 3193 3167
f 3168 3197 2338
f 2338 3197 3198
f 2338 3198 2384
f 3197 3199 3198
f 3194 3199 3197
f 3194 3195 3199
f 3194 3197 3166
f 3166 3197 3168
f 2387 3200 2385
f 2387 3201 3200
f 2387 2384 3201
f 2384 3198 3201
f 2391 3202 2389
f 2391 3203 3202
f 2391 2385 3203
f 2385 3200 3203
f 2394 3204 2393
f 2394 3205 3204
f 2394 2389 3205
f 2389 3202 3205
f 2396 3206 2395
f 2396 3207 3206
f 2396 2393 3207
f 2393 3204 3207
f 2398 3208 2397
f 2398 3209 3208
f 2398 2395 3209
f 2395 3206 3209
f 2400 3210 2399
f 2400 3211 3210
f 2400 2397 3211
f 2397 3208 3211
f 2402 3212 2401
f 2402 3213 3212
f 2402 2399 3213
f 2399 3210 3213
f 2404 3214 2403
f 2404 3215 3214
f 2404 2401 3215
f 2401 3212 3215
f 2406 3216 2405
f 2406 3217 3216
f 2406 2403 3217
f 2403 3214 3217
f 2408 3218 2407
f 2408 3219 3218
f 2408 2405 3219
f 2405 3216 3219
f 2407 3220 2412
f 2407 3218 3220
f 3182 3181 3221
f 3182 3221 3183
f 3185 3184 3222
f 3181 3223 3221
f 3181 3222 3223
f 3181 3185 3222
f 3186 3225 3224
f 3186 2365 3225
f 2365 2418 3225
f 3184 3226 3222
f 3184 3224 3226
f 3184 3186 3224
f 3227 3229 3228
f 2420 3229 3227
f 2420 2419 3229
f 2420 3227 2418
f 2418 3227 3225
f 3225 3227 3230
f 3225 3230 3224
f 3227 3228 3230
f 3231 3233 3232
f 2422 3233 3231
f 2422 2421 3233
f 2422 3231 2419
f 2419 3231 3229
f 3229 3231 3234
f 3229 3234 3228
f 3231 3232 3234
f 2424 2423 3235
f 2424 3236 2421
f 2424 3235 3236
f 2421 3237 3233
f 2421 3236 3237
f 3233 3237 3232
f 2423 2429 3238
f 2423 3238 3235
f 3239 3241 3240
f 2441 3241 3239
f 2441 2438 3241
f 2441 3239 3242
f 2441 3242 2440
f 3239 3243 3242
f 3239 3244 3243
f 3239 3240 3244
f 3245 3247 3246
f 2445 3247 3245
f 2445 2443 3247
f 2445 3245 2438
f 2438 3245 3241
f 3241 3245 3248
f 3241 3248 3240
f 3245 3246 3248
f 3249 3251 3250
f 2449 3251 3249
f 2449 2447 3251
f 2449 3249 2443
f 2443 3249 3247
f 3247 3249 3252
f 3247 3252 3246
f 3249 3250 3252
f 3253 3255 3254
f 2453 3255 3253
f 2453 2451 3255
f 2453 3253 2447
f 2447 3253 3251
f 3251 3253 3256
f 3251 3256 3250
f 3253 3254 3256
f 3257 3259 3258
f 2457 3259 3257
f 2457 2455 3259
f 2457 3257 2451
f 2451 3257 3255
f 3255 3257 3260
f 3255 3260 3254
f 3257 3258 3260
f 3261 3263 3262
f 2461 3263 3261
f 2461 2459 3263
f 2461 3261 2455
f 2455 3261 3259
f 3259 3261 3264
f 3259 3264 3258
f 3261 3262 3264
f 3265 3267 3266
f 2465 3267 3265
f 2465 2463 3267
f 2465 3265 2459
f 2459 3265 3263
f 3263 3265 3268
f 3263 3268 3262
f 3265 3266 3268
f 3269 3271 3270
f 3269 3272 3271
f 2463 3272 3269
f 2463 2467 3272
f 2463 3269 3267
f 3267 3269 3273
f 3267 3273 3266
f 3269 3270 3273
f 3274 3276 3275
f 3274 3277 3276
f 3274 3278 3277
f 3271 3278 3274
f 3271 3272 3278
f 3271 3274 3279
f 3271 3279 3270
f 3274 3275 3279
f 3280 3282 3281
f 3280 3283 3282
f 3280 3284 3283
f 3276 3284 3280
f 3276 3277 3284
f 3276 3280 3285
f 3276 3285 3275
f 3280 3281 3285
f 3282 3283 3286
f 3282 3286 3281
f 3191 3287 3190
f 3191 3192 3287
f 3196 3288 3289
f 3196 3289 3195
f 3288 3290 3289
f 3288 3291 3290
f 3288 3292 3291
f 3190 3292 3288
f 3190 3287 3292
f 3190 3288 3196
f 3199 3293 3294
f 3199 3294 3198
f 3293 3295 3294
f 3293 3296 3295
f 3289 3296 3293
f 3289 3290 3296
f 3289 3293 3195
f 3195 3293 3199
f 3201 3297 3298
f 3201 3298 3200
f 3297 3299 3298
f 3297 3300 3299
f 3294 3300 3297
f 3294 3295 3300
f 3294 3297 3198
f 3198 3297 3201
f 3203 3301 3302
f 3203 3302 3202
f 3301 3303 3302
f 3301 3304 3303
f 3298 3304 3301
f 3298 3299 3304
f 3298 3301 3200
f 3200 3301 3203
f 3205 3305 3306
f 3205 3306 3204
f 3305 3307 3306
f 3305 3308 3307
f 3302 3308 3305
f 3302 3303 3308
f 3302 3305 3202
f 3202 3305 3205
f 3207 3309 3310
f 3207 3310 3206
f 3309 3311 3310
f 3309 3312 3311
f 3306 3312 3309
f 3306 3307 3312
f 3306 3309 3204
f 3204 3309 3207
f 3209 3313 3314
f 3209 3314 3208
f 3313 3315 3314
f 3313 3316 3315
f 3310 3316 3313
f 3310 3311 3316
f 3310 3313 3206
f 3206 3313 3209
f 3211 3317 3318
f 3211 3318 3210
f 3317 3319 3318
f 3317 3320 3319
f 3314 3320 3317
f 3314 3315 3320
f 3314 3317 3208
f 3208 3317 3211
f 3213 3321 3322
f 3213 3322 3212
f 3321 3323 3322
f 3321 3324 3323
f 3318 3324 3321
f 3318 3319 3324
f 3318 3321 3210
f 3210 3321 3213
f 3215 3325 3326
f 3215 3326 3214
f 3325 3327 3326
f 3325 3328 3327
f 3322 3328 3325
f 3322 3323 3328
f 3322 3325 3212
f 3212 3325 3215
f 3217 3329 3330
f 3217 3330 3216
f 3329 3331 3330
f 3329 3332 3331
f 3326 3332 3329
f 3326 3327 3332
f 3326 3329 3214
f 3214 3329 3217
f 3219 3333 3334
f 3219 3334 3218
f 3333 3335 3334
f 3333 3336 3335
f 3330 3336 3333
f 3330 3331 3336
f 3330 3333 3216
f 3216 3333 3219
f 3220 3337 2412
f 2412 3337 3338
f 2412 3338 2468
f 3337 3339 3338
f 3334 3339 3337
f 3334 3335 3339
f 3334 3337 3218
f 3218 3337 3220
f 2470 3340 2469
f 2470 3341 3340
f 2470 2468 3341
f 2468 3338 3341
f 2469 3342 2475
f 2469 3340 3342
f 3236 3235 3343
f 3236 3343 3237
f 3238 3345 3344
f 3238 2429 3345
f 2429 2486 3345
f 3235 3346 3343
f 3235 3344 3346
f 3235 3238 3344
f 3347 3349 3348
f 2488 3349 3347
f 2488 2487 3349
f 2488 3347 2486
f 2486 3347 3345
f 3345 3347 3350
f 3345 3350 3344
f 3347 3348 3350
f 3351 3353 3352
f 2490 3353 3351
f 2490 2489 3353
f 2490 3351 2487
f 2487 3351 3349
f 3349 3351 3354
f 3349 3354 3348
f 3351 3352 3354
f 3242 3355 2440
f 2440 3355 2491
f 2491 3355 2489
f 2489 3355 3353
f 3353 3355 3356
f 3353 3356 3352
f 3242 3356 3355
f 3242 3243 3356
f 2467 3357 3272
f 2467 2492 3357
f 3278 3358 3359
f 3278 3359 3277
f 2497 3359 3358
f 2497 2495 3359
f 2497 3358 2492
f 2492 3358 3357
f 3357 3358 3272
f 3272 3358 3278
f 3284 3360 3361
f 3284 3361 3283
f 2501 3361 3360
f 2501 2499 3361
f 2501 3360 2495
f 2495 3360 3359
f 3359 3360 3277
f 3277 3360 3284
f 3362 3364 3363
f 2505 3364 3362
f 2505 2503 3364
f 2505 3362 2499
f 2499 3362 3361
f 3361 3362 3283
f 3283 3362 3363
f 3283 3363 3286
f 3365 3367 3366
f 3365 3368 3367
f 2503 3368 3365
f 2503 2507 3368
f 2503 3365 3364
f 3364 3365 3369
f 3364 3369 3363
f 3365 3366 3369
f 3370 3372 3371
f 3370 3373 3372
f 3370 3374 3373
f 3367 3374 3370
f 3367 3368 3374
f 3367 3370 3375
f 3367 3375 3366
f 3370 3371 3375
f 3376 3378 3377
f 3376 3379 3378
f 3376 3380 3379
f 3372 3380 3376
f 3372 3373 3380
f 3372 3376 3381
f 3372 3381 3371
f 3376 3377 3381
f 3382 3384 3383
f 3382 3385 3384
f 3382 3386 3385
f 3378 3386 3382
f 3378 3379 3386
f 3378 3382 3387
f 3378 3387 3377
f 3382 3383 3387
f 3388 3390 3389
f 3388 3391 3390
f 3388 3392 3391
f 3384 3392 3388
f 3384 3385 3392
f 3384 3388 3393
f 3384 3393 3383
f 3388 3389 3393
f 3291 3394 3395
f 3291 3395 3290
f 3394 3396 3395
f 3394 3397 3396
f 3390 3397 3394
f 3390 3391 3397
f 3390 3394 3398
f 3390 3398 3389
f 3291 3398 3394
f 3291 3292 3398
f 3296 3399 3400
f 3296 3400 3295
f 3399 3401 3400
f 3399 3402 3401
f 3395 3402 3399
f 3395 3396 3402
f 3395 3399 3290
f 3290 3399 3296
f 3300 3403 3404
f 3300 3404 3299
f 3403 3405 3404
f 3403 3406 3405
f 3400 3406 3403
f 3400 3401 3406
f 3400 3403 3295
f 3295 3403 3300
f 3304 3407 3408
f 3304 3408 3303
f 3407 3409 3408
f 3407 3410 3409
f 3404 3410 3407
f 3404 3405 3410
f 3404 3407 3299
f 3299 3407 3304
f 3308 3411 3412
f 3308 3412 3307
f 3411 3413 3412
f 3411 3414 3413
f 3408 3414 3411
f 3408 3409 3414
f 3408 3411 3303
f 3303 3411 3308
f 3312 3415 3416
f 3312 3416 3311
f 3415 3417 3416
f 3415 3418 3417
f 3412 3418 3415
f 3412 3413 3418
f 3412 3415 3307
f 3307 3415 3312
f 3316 3419 3420
f 3316 3420 3315
f 3419 3421 3420
f 3419 3422 3421
f 3416 3422 3419
f 3416 3417 3422
f 3416 3419 3311
f 3311 3419 3316
f 3320 3423 3424
f 3320 3424 3319
f 3423 3425 3424
f 3423 3426 3425
f 3420 3426 3423
f 3420 3421 3426
f 3420 3423 3315
f 3315 3423 3320
f 3324 3427 3428
f 3324 3428 3323
f 3427 3429 3428
f 3427 3430 3429
f 3424 3430 3427
f 3424 3425 3430
f 3424 3427 3319
f 3319 3427 3324
f 3328 3431 3432
f 3328 3432 3327
f 3431 3433 3432
f 3431 3434 3433
f 3428 3434 3431
f 3428 3429 3434
f 3428 3431 3323
f 3323 3431 3328
f 3332 3435 3436
f 3332 3436 3331
f 3435 3437 3436
f 3435 3438 3437
f 3432 3438 3435
f 3432 3433 3438
f 3432 3435 3327
f 3327 3435 3332
f 3336 3439 3440
f 3336 3440 3335
f 3439 3441 3440
f 3439 3442 3441
f 3436 3442 3439
f 3436 3437 3442
f 3436 3439 3331
f 3331 3439 3336
f 3339 3443 3444
f 3339 3444 3338
f 3443 3445 3444
f 3443 3446 3445
f 3440 3446 3443
f 3440 3441 3446
f 3440 3443 3335
f 3335 3443 3339
f 3341 3447 3448
f 3341 3448 3340
f 3447 3449 3448
f 3447 3450 3449
f 3444 3450 3447
f 3444 3445 3450
f 3444 3447 3338
f 3338 3447 3341
f 3342 3451 2475
f 2475 3451 3452
f 2475 3452 2508
f 3451 3453 3452
f 3448 3453 3451
f 3448 3449 3453
f 3448 3451 3340
f 3340 3451 3342
f 2510 3454 2509
f 2510 3455 3454
f 2510 2508 3455
f 2508 3452 3455
f 2509 3456 2515
f 2509 3454 3456
f 2553 3457 2550
f 2553 2552 3457
f 2557 3458 2555
f 2557 3459 3458
f 2557 2550 3459
f 2550 3457 3459
f 2561 3460 2559
f 2561 3461 3460
f 2561 2555 3461
f 2555 3458 3461
f 2559 3460 3462
f 2507 3463 3368
f 2507 2564 3463
f 3374 3464 3465
f 3374 3465 3373
f 2569 3465 3464
f 2569 2567 3465
f 2569 3464 2564
f 2564 3464 3463
f 3463 3464 3368
f 3368 3464 3374
f 3380 3466 3467
f 3380 3467 3379
f 2573 3467 3466
f 2573 2571 3467
f 2573 3466 2567
f 2567 3466 3465
f 3465 3466 3373
f 3373 3466 3380
f 3386 3468 3469
f 3386 3469 3385
f 2577 3469 3468
f 2577 2575 3469
f 2577 3468 2571
f 2571 3468 3467
f 3467 3468 3379
f 3379 3468 3386
f 3392 3470 3471
f 3392 3471 3391
f 2582 3471 3470
f 2582 2579 3471
f 2582 3470 2575
f 2575 3470 3469
f 3469 3470 3385
f 3385 3470 3392
f 3397 3472 3473
f 3397 3473 3396
f 2588 3473 3472
f 2588 2584 3473
f 2588 3472 2579
f 2579 3472 3471
f 3471 3472 3391
f 3391 3472 3397
f 3402 3474 3475
f 3402 3475 3401
f 2594 3475 3474
f 2594 2590 3475
f 2594 3474 2584
f 2584 3474 3473
f 3473 3474 3396
f 3396 3474 3402
f 3406 3476 3477
f 3406 3477 3405
f 3476 3478 3477
f 2590 3478 3476
f 2590 2595 3478
f 2590 3476 3475
f 3475 3476 3401
f 3401 3476 3406
f 3410 3479 3480
f 3410 3480 3409
f 3479 3481 3480
f 3479 3482 3481
f 3477 3482 3479
f 3477 3478 3482
f 3477 3479 3405
f 3405 3479 3410
f 3414 3483 3484
f 3414 3484 3413
f 2602 3484 3483
f 2602 2597 3484
f 2602 3483 3485
f 2602 3485 2601
f 3480 3485 3483
f 3480 3481 3485
f 3480 3483 3409
f 3409 3483 3414
f 3418 3486 3487
f 3418 3487 3417
f 2608 3487 3486
f 2608 2604 3487
f 2608 3486 2597
f 2597 3486 3484
f 3484 3486 3413
f 3413 3486 3418
f 3422 3488 3489
f 3422 3489 3421
f 2614 3489 3488
f 2614 2610 3489
f 2614 3488 2604
f 2604 3488 3487
f 3487 3488 3417
f 3417 3488 3422
f 3426 3490 3491
f 3426 3491 3425
f 2620 3491 3490
f 2620 2616 3491
f 2620 3490 2610
f 2610 3490 3489
f 3489 3490 3421
f 3421 3490 3426
f 3430 3492 3493
f 3430 3493 3429
f 2626 3493 3492
f 2626 2622 3493
f 2626 3492 2616
f 2616 3492 3491
f 3491 3492 3425
f 3425 3492 3430
f 3434 3494 3495
f 3434 3495 3433
f 2632 3495 3494
f 2632 2628 3495
f 2632 3494 2622
f 2622 3494 3493
f 3493 3494 3429
f 3429 3494 3434
f 3438 3496 3497
f 3438 3497 3437
f 2638 3497 3496
f 2638 2634 3497
f 2638 3496 2628
f 2628 3496 3495
f 3495 3496 3433
f 3433 3496 3438
f 3442 3498 3499
f 3442 3499 3441
f 3498 3500 3499
f 2634 3500 3498
f 2634 2639 3500
f 2634 3498 3497
f 3497 3498 3437
f 3437 3498 3442
f 3446 3501 3502
f 3446 3502 3445
f 3501 3503 3502
f 3501 3504 3503
f 3499 3504 3501
f 3499 3500 3504
f 3499 3501 3441
f 3441 3501 3446
f 3450 3505 3506
f 3450 3506 3449
f 3505 3507 3506
f 3505 3508 3507
f 3502 3508 3505
f 3502 3503 3508
f 3502 3505 3445
f 3445 3505 3450
f 3453 3509 3510
f 3453 3510 3452
f 3509 3511 3510
f 3509 3512 3511
f 3506 3512 3509
f 3506 3507 3512
f 3506 3509 3449
f 3449 3509 3453
f 3455 3513 3514
f 3455 3514 3454
f 2646 3514 3513
f 2646 2641 3514
f 2646 3513 3515
f 2646 3515 2645
f 3510 3515 3513
f 3510 3511 3515
f 3510 3513 3452
f 3452 3513 3455
f 3456 3516 2515
f 2515 3516 2651
f 2651 3516 2641
f 2641 3516 3514
f 3514 3516 3454
f 3454 3516 3456
f 2690 3517 2688
f 2690 2689 3517
f 2692 3518 2691
f 2692 3519 3518
f 2692 2688 3519
f 2688 3517 3519
f 2694 3520 2693
f 2694 3521 3520
f 2694 2691 3521
f 2691 3518 3521
f 2696 3522 2695
f 2696 3523 3522
f 2696 2693 3523
f 2693 3520 3523
f 2698 3524 2697
f 2698 3525 3524
f 2698 2695 3525
f 2695 3522 3525
f 2700 3526 2699
f 2700 3527 3526
f 2700 2697 3527
f 2697 3524 3527
f 2552 3528 3457
f 2552 3529 3528
f 2552 2701 3529
f 2701 3530 3529
f 2701 2699 3530
f 2699 3526 3530
f 3459 3531 3532
f 3459 3532 3458
f 3531 3533 3532
f 3531 3534 3533
f 3528 3534 3531
f 3528 3529 3534
f 3528 3531 3457
f 3457 3531 3459
f 3461 3535 3536
f 3461 3536 3460
f 3535 3537 3536
f 3535 3538 3537
f 3532 3538 3535
f 3532 3533 3538
f 3532 3535 3458
f 3458 3535 3461
f 3536 3537 3540
f 3536 3539 3460
f 3460 3539 3462
f 2595 3541 3478
f 2595 2708 3541
f 3482 3542 3543
f 3482 3543 3481
f 2713 3543 3542
f 2713 2711 3543
f 2713 3542 2708
f 2708 3542 3541
f 3541 3542 3478
f 3478 3542 3482
f 3485 3544 2601
f 2601 3544 2716
f 2716 3544 2711
f 2711 3544 3543
f 3543 3544 3481
f 3481 3544 3485
f 2639 3545 3500
f 2639 2730 3545
f 3504 3546 3547
f 3504 3547 3503
f 2736 3547 3546
f 2736 2733 3547
f 2736 3546 2730
f 2730 3546 3545
f 3545 3546 3500
f 3500 3546 3504
f 3508 3548 3549
f 3508 3549 3507
f 2742 3549 3548
f 2742 2738 3549
f 2742 3548 2733
f 2733 3548 3547
f 3547 3548 3503
f 3503 3548 3508
f 3512 3550 3551
f 3512 3551 3511
f 2748 3551 3550
f 2748 2744 3551
f 2748 3550 2738
f 2738 3550 3549
f 3549 3550 3507
f 3507 3550 3512
f 3515 3552 2645
f 2645 3552 2753
f 2753 3552 2744
f 2744 3552 3551
f 3551 3552 3511
f 3511 3552 3515
f 2772 3553 2770
f 2772 2771 3553
f 2774 3554 2773
f 2774 3555 3554
f 2774 2770 3555
f 2770 3553 3555
f 2776 3556 2775
f 2776 3557 3556
f 2776 2773 3557
f 2773 3554 3557
f 2778 3558 2777
f 2778 3559 3558
f 2778 2775 3559
f 2775 3556 3559
f 2780 3560 2779
f 2780 3561 3560
f 2780 2777 3561
f 2777 3558 3561
f 2782 3562 2781
f 2782 3563 3562
f 2782 2779 3563
f 2779 3560 3563
f 2784 3564 2783
f 2784 3565 3564
f 2784 2781 3565
f 2781 3562 3565
f 2689 3566 3517
f 2689 3567 3566
f 2689 2785 3567
f 2785 3568 3567
f 2785 2783 3568
f 2783 3564 3568
f 3519 3569 3570
f 3519 3570 3518
f 3569 3571 3570
f 3569 3572 3571
f 3566 3572 3569
f 3566 3567 3572
f 3566 3569 3517
f 3517 3569 3519
f 3521 3573 3574
f 3521 3574 3520
f 3573 3575 3574
f 3573 3576 3575
f 3570 3576 3573
f 3570 3571 3576
f 3570 3573 3518
f 3518 3573 3521
f 3523 3577 3578
f 3523 3578 3522
f 3577 3579 3578
f 3577 3580 3579
f 3574 3580 3577
f 3574 3575 3580
f 3574 3577 3520
f 3520 3577 3523
f 3525 3581 3582
f 3525 3582 3524
f 3581 3583 3582
f 3581 3584 3583
f 3578 3584 3581
f 3578 3579 3584
f 3578 3581 3522
f 3522 3581 3525
f 3527 3585 3586
f 3527 3586 3526
f 3585 3587 3586
f 3585 3588 3587
f 3582 3588 3585
f 3582 3583 3588
f 3582 3585 3524
f 3524 3585 3527
f 3530 3589 3529
f 3586 3587 3590
f 3586 3591 3526
f 3586 3590 3591
f 3526 3589 3530
f 3526 3591 3589
f 3534 3592 3533
f 3529 3589 3593
f 3529 3592 3534
f 3529 3593 3592
f 3538 3594 3537
f 3533 3592 3595
f 3533 3594 3538
f 3533 3595 3594
f 3537 3594 3596
f 2771 3597 3553
f 2771 2807 3597
f 3555 3598 3599
f 3555 3599 3554
f 2816 3599 3598
f 2816 2812 3599
f 2816 3598 2807
f 2807 3598 3597
f 3597 3598 3553
f 3553 3598 3555
f 3557 3600 3601
f 3557 3601 3556
f 3600 3602 3601
f 2812 3602 3600
f 2812 2817 3602
f 2812 3600 3599
f 3599 3600 3554
f 3554 3600 3557
f 3559 3603 3604
f 3559 3604 3558
f 3603 3605 3604
f 3603 3606 3605
f 3601 3606 3603
f 3601 3602 3606
f 3601 3603 3556
f 3556 3603 3559
f 3561 3607 3608
f 3561 3608 3560
f 3607 3609 3608
f 3607 3610 3609
f 3604 3610 3607
f 3604 3605 3610
f 3604 3607 3558
f 3558 3607 3561
f 3563 3611 3612
f 3563 3612 3562
f 3611 3613 3612
f 3611 3614 3613
f 3608 3614 3611
f 3608 3609 3614
f 3608 3611 3560
f 3560 3611 3563
f 3565 3615 3616
f 3565 3616 3564
f 3615 3617 3616
f 3615 3618 3617
f 3612 3618 3615
f 3612 3613 3618
f 3612 3615 3562
f 3562 3615 3565
f 3568 3619 3620
f 3568 3620 3567
f 3619 3621 3620
f 3619 3622 3621
f 3616 3622 3619
f 3616 3617 3622
f 3616 3619 3564
f 3564 3619 3568
f 3572 3623 3624
f 3572 3624 3571
f 3623 3625 3624
f 3623 3626 3625
f 3620 3626 3623
f 3620 3621 3626
f 3620 3623 3567
f 3567 3623 3572
f 3576 3627 3628
f 3576 3628 3575
f 3627 3629 3628
f 3627 3630 3629
f 3624 3630 3627
f 3624 3625 3630
f 3624 3627 3571
f 3571 3627 3576
f 3580 3631 3632
f 3580 3632 3579
f 3631 3633 3632
f 3631 3634 3633
f 3628 3634 3631
f 3628 3629 3634
f 3628 3631 3575
f 3575 3631 3580
f 3584 3635 3636
f 3584 3636 3583
f 3635 3637 3636
f 3635 3638 3637
f 3632 3638 3635
f 3632 3633 3638
f 3632 3635 3579
f 3579 3635 3584
f 3588 3639 3587
f 3636 3637 3640
f 3636 3641 3583
f 3636 3640 3641
f 3583 3639 3588
f 3583 3641 3639
f 3587 3639 3642
f 3587 3642 3590
f 2817 3643 3602
f 2817 2831 3643
f 3606 3644 3645
f 3606 3645 3605
f 2840 3645 3644
f 2840 2836 3645
f 2840 3644 2831
f 2831 3644 3643
f 3643 3644 3602
f 3602 3644 3606
f 3610 3646 3647
f 3610 3647 3609
f 3646 3648 3647
f 2836 3648 3646
f 2836 2841 3648
f 2836 3646 3645
f 3645 3646 3605
f 3605 3646 3610
f 3614 3649 3650
f 3614 3650 3613
f 3649 3651 3650
f 3649 3652 3651
f 3647 3652 3649
f 3647 3648 3652
f 3647 3649 3609
f 3609 3649 3614
f 3618 3653 3654
f 3618 3654 3617
f 3653 3655 3654
f 3653 3656 3655
f 3650 3656 3653
f 3650 3651 3656
f 3650 3653 3613
f 3613 3653 3618
f 3622 3657 3658
f 3622 3658 3621
f 3657 3659 3658
f 3657 3660 3659
f 3654 3660 3657
f 3654 3655 3660
f 3654 3657 3617
f 3617 3657 3622
f 3626 3661 3662
f 3626 3662 3625
f 3661 3663 3662
f 3661 3664 3663
f 3658 3664 3661
f 3658 3659 3664
f 3658 3661 3621
f 3621 3661 3626
f 3630 3665 3666
f 3630 3666 3629
f 3665 3667 3666
f 3665 3668 3667
f 3662 3668 3665
f 3662 3663 3668
f 3662 3665 3625
f 3625 3665 3630
f 3634 3669 3670
f 3634 3670 3633
f 3669 3671 3670
f 3669 3672 3671
f 3666 3672 3669
f 3666 3667 3672
f 3666 3669 3629
f 3629 3669 3634
f 3638 3673 3674
f 3638 3674 3637
f 3673 3675 3674
f 3673 3676 3675
f 3670 3676 3673
f 3670 3671 3676
f 3670 3673 3633
f 3633 3673 3638
f 3677 3679 3678
f 3677 3680 3679
f 3677 3681 3680
f 3674 3681 3677
f 3674 3675 3681
f 3674 3677 3637
f 3637 3677 3678
f 3637 3678 3640
f 3679 3680 3682
f 3679 3682 3678
f 2841 3683 3648
f 2841 2853 3683
f 3652 3684 3685
f 3652 3685 3651
f 2862 3685 3684
f 2862 2858 3685
f 2862 3684 2853
f 2853 3684 3683
f 3683 3684 3648
f 3648 3684 3652
f 3656 3686 3687
f 3656 3687 3655
f 2868 3687 3686
f 2868 2864 3687
f 2868 3686 2858
f 2858 3686 3685
f 3685 3686 3651
f 3651 3686 3656
f 3660 3688 3689
f 3660 3689 3659
f 2874 3689 3688
f 2874 2870 3689
f 2874 3688 2864
f 2864 3688 3687
f 3687 3688 3655
f 3655 3688 3660
f 3664 3690 3691
f 3664 3691 3663
f 3690 3692 3691
f 2870 3692 3690
f 2870 2875 3692
f 2870 3690 3689
f 3689 3690 3659
f 3659 3690 3664
f 3668 3693 3694
f 3668 3694 3667
f 3693 3695 3694
f 3693 3696 3695
f 3691 3696 3693
f 3691 3692 3696
f 3691 3693 3663
f 3663 3693 3668
f 3672 3697 3698
f 3672 3698 3671
f 3697 3699 3698
f 3697 3700 3699
f 3694 3700 3697
f 3694 3695 3700
f 3694 3697 3667
f 3667 3697 3672
f 3676 3701 3702
f 3676 3702 3675
f 3701 3703 3702
f 3701 3704 3703
f 3698 3704 3701
f 3698 3699 3704
f 3698 3701 3671
f 3671 3701 3676
f 3681 3705 3706
f 3681 3706 3680
f 3705 3707 3706
f 3705 3708 3707
f 3702 3708 3705
f 3702 3703 3708
f 3702 3705 3675
f 3675 3705 3681
f 3709 3711 3710
f 3709 3712 3711
f 3709 3713 3712
f 3706 3713 3709
f 3706 3707 3713
f 3706 3709 3680
f 3680 3709 3710
f 3680 3710 3682
f 3714 3716 3715
f 3714 3717 3716
f 3714 3718 3717
f 3711 3718 3714
f 3711 3712 3718
f 3711 3714 3719
f 3711 3719 3710
f 3714 3715 3719
f 3716 3717 3720
f 3716 3720 3715
f 2875 3721 3692
f 2875 2888 3721
f 3696 3722 3723
f 3696 3723 3695
f 2896 3723 3722
f 2896 2892 3723
f 2896 3722 2888
f 2888 3722 3721
f 3721 3722 3692
f 3692 3722 3696
f 3700 3724 3725
f 3700 3725 3699
f 2902 3725 3724
f 2902 2898 3725
f 2902 3724 2892
f 2892 3724 3723
f 3723 3724 3695
f 3695 3724 3700
f 3704 3726 3727
f 3704 3727 3703
f 2908 3727 3726
f 2908 2904 3727
f 2908 3726 2898
f 2898 3726 3725
f 3725 3726 3699
f 3699 3726 3704
f 3708 3728 3729
f 3708 3729 3707
f 3728 3730 3729
f 2904 3730 3728
f 2904 2909 3730
f 2904 3728 3727
f 3727 3728 3703
f 3703 3728 3708
f 3713 3731 3732
f 3713 3732 3712
f 3731 3733 3732
f 3731 3734 3733
f 3729 3734 3731
f 3729 3730 3734
f 3729 3731 3707
f 3707 3731 3713
f 3718 3735 3736
f 3718 3736 3717
f 3735 3737 3736
f 3735 3738 3737
f 3732 3738 3735
f 3732 3733 3738
f 3732 3735 3712
f 3712 3735 3718
f 3739 3741 3740
f 3739 3742 3741
f 3739 3743 3742
f 3736 3743 3739
f 3736 3737 3743
f 3736 3739 3717
f 3717 3739 3740
f 3717 3740 3720
f 3741 3744 3740
f 2909 3745 3730
f 2909 2918 3745
f 3734 3746 3747
f 3734 3747 3733
f 2923 3747 3746
f 2923 2921 3747
f 2923 3746 2918
f 2918 3746 3745
f 3745 3746 3730
f 3730 3746 3734
f 3738 3748 3749
f 3738 3749 3737
f 2928 3749 3748
f 2928 2925 3749
f 2928 3748 2921
f 2921 3748 3747
f 3747 3748 3733
f 3733 3748 3738
f 3743 3750 3751
f 3743 3751 3742
f 2934 3751 3750
f 2934 2930 3751
f 2934 3750 2925
f 2925 3750 3749
f 3749 3750 3737
f 3737 3750 3743
f 3751 3752 3742
f 3755 3756 3757
f 2947 3757 2943
f 2947 3755 3757
f 2947 2939 3755
f 3754 3758 3755
f 3755 3758 3756
f 3759 3760 3761
f 2953 3761 2949
f 2953 3759 3761
f 2953 2943 3759
f 2943 3757 3759
f 3757 3756 3762
f 3757 3762 3759
f 3759 3762 3760
f 3763 3764 3765
f 2959 3765 2955
f 2959 3763 3765
f 2959 2949 3763
f 2949 3761 3763
f 3761 3760 3766
f 3761 3766 3763
f 3763 3766 3764
f 3767 3768 3769
f 2965 3769 2961
f 2965 3767 3769
f 2965 2955 3767
f 2955 3765 3767
f 3765 3764 3770
f 3765 3770 3767
f 3767 3770 3768
f 3771 3772 3773
f 2971 3773 2967
f 2971 3771 3773
f 2971 2961 3771
f 2961 3769 3771
f 3769 3768 3774
f 3769 3774 3771
f 3771 3774 3772
f 3775 3776 3777
f 2977 3777 2973
f 2977 3775 3777
f 2977 2967 3775
f 2967 3773 3775
f 3773 3772 3778
f 3773 3778 3775
f 3775 3778 3776
f 3779 3780 3781
f 2983 3781 2979
f 2983 3779 3781
f 2983 2973 3779
f 2973 3777 3779
f 3777 3776 3782
f 3777 3782 3779
f 3779 3782 3780
f 3783 3784 3785
f 2989 3785 2985
f 2989 3783 3785
f 2989 2979 3783
f 2979 3781 3783
f 3781 3780 3786
f 3781 3786 3783
f 3783 3786 3784
f 2995 3787 2991
f 2995 3788 3787
f 2995 2985 3788
f 2985 3789 3788
f 2985 3785 3789
f 3785 3784 3789
f 3001 3790 2997
f 3001 3791 3790
f 3001 2991 3791
f 2991 3787 3791
f 2997 3792 3002
f 2997 3790 3792
f 3788 3793 3787
f 3788 3789 3793
f 3791 3794 3790
f 3787 3793 3795
f 3787 3794 3791
f 3787 3795 3794
f 3792 3797 3002
f 3792 3796 3797
f 3002 3797 3035
f 3790 3794 3798
f 3790 3796 3792
f 3790 3798 3796
f 3799 3800 3801
f 3040 3801 3038
f 3040 3799 3801
f 3040 3035 3799
f 3035 3797 3799
f 3797 3796 3802
f 3797 3802 3799
f 3799 3802 3800
f 3803 3804 3805
f 3044 3805 3042
f 3044 3803 3805
f 3044 3038 3803
f 3038 3801 3803
f 3801 3800 3806
f 3801 3806 3803
f 3803 3806 3804
f 3807 3808 3809
f 3048 3809 3046
f 3048 3807 3809
f 3048 3042 3807
f 3042 3805 3807
f 3805 3804 3810
f 3805 3810 3807
f 3807 3810 3808
f 3052 3811 3050
f 3052 3812 3811
f 3052 3046 3812
f 3046 3813 3812
f 3046 3809 3813
f 3809 3808 3813
f 3056 3814 3054
f 3056 3815 3814
f 3056 3050 3815
f 3050 3811 3815
f 3060 3816 3058
f 3060 3817 3816
f 3060 3054 3817
f 3054 3814 3817
f 3064 3818 3062
f 3064 3819 3818
f 3064 3058 3819
f 3058 3816 3819
f 3068 3820 3066
f 3068 3821 3820
f 3068 3062 3821
f 3062 3818 3821
f 3072 3822 3070
f 3072 3823 3822
f 3072 3066 3823
f 3066 3820 3823
f 3076 3824 3074
f 3076 3825 3824
f 3076 3070 3825
f 3070 3822 3825
f 3080 3826 3078
f 3080 3827 3826
f 3080 3074 3827
f 3074 3824 3827
f 3084 3828 3082
f 3084 3829 3828
f 3084 3078 3829
f 3078 3826 3829
f 3082 3830 3087
f 3082 3828 3830
f 3812 3831 3811
f 3812 3813 3831
f 3815 3832 3814
f 3811 3831 3833
f 3811 3832 3815
f 3811 3833 3832
f 3817 3834 3816
f 3814 3832 3835
f 3814 3834 3817
f 3814 3835 3834
f 3819 3836 3818
f 3816 3834 3837
f 3816 3836 3819
f 3816 3837 3836
f 3821 3838 3820
f 3818 3836 3839
f 3818 3838 3821
f 3818 3839 3838
f 3823 3840 3841
f 3823 3841 3822
f 3840 3842 3841
f 3840 3843 3842
f 3840 3844 3843
f 3820 3844 3840
f 3820 3838 3844
f 3820 3840 3823
f 3825 3845 3846
f 3825 3846 3824
f 3845 3847 3846
f 3845 3848 3847
f 3841 3848 3845
f 3841 3842 3848
f 3841 3845 3822
f 3822 3845 3825
f 3827 3849 3850
f 3827 3850 3826
f 3849 3851 3850
f 3849 3852 3851
f 3846 3852 3849
f 3846 3847 3852
f 3846 3849 3824
f 3824 3849 3827
f 3829 3853 3854
f 3829 3854 3828
f 3853 3855 3854
f 3853 3856 3855
f 3850 3856 3853
f 3850 3851 3856
f 3850 3853 3826
f 3826 3853 3829
f 3830 3857 3087
f 3087 3857 3858
f 3087 3858 3115
f 3857 3859 3858
f 3854 3859 3857
f 3854 3855 3859
f 3854 3857 3828
f 3828 3857 3830
f 3117 3860 3116
f 3117 3861 3860
f 3117 3115 3861
f 3115 3858 3861
f 3119 3862 3118
f 3119 3863 3862
f 3119 3116 3863
f 3116 3860 3863
f 3121 3864 3120
f 3121 3865 3864
f 3121 3118 3865
f 3118 3862 3865
f 3124 3866 3122
f 3124 3867 3866
f 3124 3120 3867
f 3120 3864 3867
f 3122 3868 3127
f 3122 3866 3868
f 3871 3873 3872
f 3135 3873 3871
f 3135 3134 3873
f 3135 3871 3133
f 3133 3871 3870
f 3870 3871 3874
f 3870 3874 3869
f 3871 3872 3874
f 3137 3136 3875
f 3137 3876 3134
f 3137 3875 3876
f 3134 3877 3873
f 3134 3876 3877
f 3873 3877 3872
f 3136 3142 3878
f 3136 3878 3875
f 3843 3879 3880
f 3843 3880 3842
f 3879 3881 3880
f 3879 3882 3881
f 3879 3883 3882
f 3879 3884 3883
f 3843 3884 3879
f 3843 3844 3884
f 3848 3885 3886
f 3848 3886 3847
f 3885 3887 3886
f 3885 3888 3887
f 3880 3888 3885
f 3880 3881 3888
f 3880 3885 3842
f 3842 3885 3848
f 3852 3889 3890
f 3852 3890 3851
f 3889 3891 3890
f 3889 3892 3891
f 3886 3892 3889
f 3886 3887 3892
f 3886 3889 3847
f 3847 3889 3852
f 3856 3893 3894
f 3856 3894 3855
f 3893 3895 3894
f 3893 3896 3895
f 3890 3896 3893
f 3890 3891 3896
f 3890 3893 3851
f 3851 3893 3856
f 3859 3897 3898
f 3859 3898 3858
f 3897 3899 3898
f 3897 3900 3899
f 3894 3900 3897
f 3894 3895 3900
f 3894 3897 3855
f 3855 3897 3859
f 3861 3901 3902
f 3861 3902 3860
f 3901 3903 3902
f 3901 3904 3903
f 3898 3904 3901
f 3898 3899 3904
f 3898 3901 3858
f 3858 3901 3861
f 3863 3905 3906
f 3863 3906 3862
f 3905 3907 3906
f 3905 3908 3907
f 3902 3908 3905
f 3902 3903 3908
f 3902 3905 3860
f 3860 3905 3863
f 3865 3909 3910
f 3865 3910 3864
f 3909 3911 3910
f 3909 3912 3911
f 3906 3912 3909
f 3906 3907 3912
f 3906 3909 3862
f 3862 3909 3865
f 3867 3913 3914
f 3867 3914 3866
f 3913 3915 3914
f 3913 3916 3915
f 3910 3916 3913
f 3910 3911 3916
f 3910 3913 3864
f 3864 3913 3867
f 3868 3917 3127
f 3127 3917 3918
f 3127 3918 3155
f 3917 3919 3918
f 3914 3919 3917
f 3914 3915 3919
f 3914 3917 3866
f 3866 3917 3868
f 3157 3920 3156
f 3157 3921 3920
f 3157 3155 3921
f 3155 3918 3921
f 3159 3922 3158
f 3159 3923 3922
f 3159 3156 3923
f 3156 3920 3923
f 3158 3924 3163
f 3158 3922 3924
f 3876 3875 3925
f 3876 3925 3877
f 3878 3927 3926
f 3878 3142 3927
f 3142 3169 3927
f 3875 3928 3925
f 3875 3926 3928
f 3875 3878 3926
f 3929 3931 3930
f 3171 3931 3929
f 3171 3170 3931
f 3171 3929 3169
f 3169 3929 3927
f 3927 3929 3932
f 3927 3932 3926
f 3929 3930 3932
f 3933 3935 3934
f 3173 3935 3933
f 3173 3172 3935
f 3173 3933 3170
f 3170 3933 3931
f 3931 3933 3936
f 3931 3936 3930
f 3933 3934 3936
f 3937 3939 3938
f 3175 3939 3937
f 3175 3174 3939
f 3175 3937 3172
f 3172 3937 3935
f 3935 3937 3940
f 3935 3940 3934
f 3937 3938 3940
f 3941 3943 3942
f 3177 3943 3941
f 3177 3176 3943
f 3177 3941 3174
f 3174 3941 3939
f 3939 3941 3944
f 3939 3944 3938
f 3941 3942 3944
f 3945 3947 3946
f 3180 3947 3945
f 3180 3178 3947
f 3180 3945 3176
f 3176 3945 3943
f 3943 3945 3948
f 3943 3948 3942
f 3945 3946 3948
f 3949 3951 3950
f 3949 3952 3951
f 3178 3952 3949
f 3178 3183 3952
f 3178 3949 3947
f 3947 3949 3953
f 3947 3953 3946
f 3949 3950 3953
f 3951 3952 3954
f 3951 3954 3950
f 3955 3957 3956
f 3955 3958 3957
f 3955 3959 3958
f 3955 3960 3959
f 3955 3961 3960
f 3955 3956 3961
f 3882 3962 3963
f 3882 3963 3881
f 3962 3964 3963
f 3962 3965 3964
f 3957 3965 3962
f 3957 3958 3965
f 3957 3962 3966
f 3957 3966 3956
f 3882 3966 3962
f 3882 3883 3966
f 3888 3967 3968
f 3888 3968 3887
f 3967 3969 3968
f 3967 3970 3969
f 3963 3970 3967
f 3963 3964 3970
f 3963 3967 3881
f 3881 3967 3888
f 3892 3971 3972
f 3892 3972 3891
f 3971 3973 3972
f 3971 3974 3973
f 3968 3974 3971
f 3968 3969 3974
f 3968 3971 3887
f 3887 3971 3892
f 3896 3975 3976
f 3896 3976 3895
f 3975 3977 3976
f 3975 3978 3977
f 3972 3978 3975
f 3972 3973 3978
f 3972 3975 3891
f 3891 3975 3896
f 3900 3979 3980
f 3900 3980 3899
f 3979 3981 3980
f 3979 3982 3981
f 3976 3982 3979
f 3976 3977 3982
f 3976 3979 3895
f 3895 3979 3900
f 3904 3983 3984
f 3904 3984 3903
f 3983 3985 3984
f 3983 3986 3985
f 3980 3986 3983
f 3980 3981 3986
f 3980 3983 3899
f 3899 3983 3904
f 3908 3987 3988
f 3908 3988 3907
f 3987 3989 3988
f 3987 3990 3989
f 3984 3990 3987
f 3984 3985 3990
f 3984 3987 3903
f 3903 3987 3908
f 3912 3991 3992
f 3912 3992 3911
f 3991 3993 3992
f 3991 3994 3993
f 3988 3994 3991
f 3988 3989 3994
f 3988 3991 3907
f 3907 3991 3912
f 3916 3995 3996
f 3916 3996 3915
f 3995 3997 3996
f 3995 3998 3997
f 3992 3998 3995
f 3992 3993 3998
f 3992 3995 3911
f 3911 3995 3916
f 3919 3999 4000
f 3919 4000 3918
f 3999 4001 4000
f 3999 4002 4001
f 3996 4002 3999
f 3996 3997 4002
f 3996 3999 3915
f 3915 3999 3919
f 3921 4003 4004
f 3921 4004 3920
f 4003 4005 4004
f 4003 4006 4005
f 4000 4006 4003
f 4000 4001 4006
f 4000 4003 3918
f 3918 4003 3921
f 3923 4007 4008
f 3923 4008 3922
f 4007 4009 4008
f 4007 4010 4009
f 4004 4010 4007
f 4004 4005 4010
f 4004 4007 3920
f 3920 4007 3923
f 3924 4011 3163
f 3163 4011 4012
f 3163 4012 3187
f 4011 4013 4012
f 4008 4013 4011
f 4008 4009 4013
f 4008 4011 3922
f 3922 4011 3924
f 3187 4014 3192
f 3187 4012 4014
f 3183 4015 3952
f 3183 3221 4015
f 4016 4018 4017
f 3223 4018 4016
f 3223 3222 4018
f 3223 4016 3221
f 3221 4016 4015
f 4015 4016 3952
f 3952 4016 4017
f 3952 4017 3954
f 4019 4021 4020
f 3226 4021 4019
f 3226 3224 4021
f 3226 4019 3222
f 3222 4019 4018
f 4018 4019 4022
f 4018 4022 4017
f 4019 4020 4022
f 4023 4025 4024
f 3230 4025 4023
f 3230 3228 4025
f 3230 4023 3224
f 3224 4023 4021
f 4021 4023 4026
f 4021 4026 4020
f 4023 4024 4026
f 4027 4029 4028
f 3234 4029 4027
f 3234 3232 4029
f 3234 4027 3228
f 3228 4027 4025
f 4025 4027 4030
f 4025 4030 4024
f 4027 4028 4030
f 4031 4033 4032
f 4031 4034 4033
f 3232 4034 4031
f 3232 3237 4034
f 3232 4031 4029
f 4029 4031 4035
f 4029 4035 4028
f 4031 4032 4035
f 4036 4038 4037
f 4036 4039 4038
f 4036 4040 4039
f 4033 4040 4036
f 4033 4034 4040
f 4033 4036 4041
f 4033 4041 4032
f 4036 4037 4041
f 4042 4044 4043
f 4042 4045 4044
f 4042 4046 4045
f 4038 4046 4042
f 4038 4039 4046
f 4038 4042 4047
f 4038 4047 4037
f 4042 4043 4047
f 4048 4050 4049
f 4048 4051 4050
f 4048 4052 4051
f 4044 4052 4048
f 4044 4045 4052
f 4044 4048 4053
f 4044 4053 4043
f 4048 4049 4053
f 4054 4056 4055
f 3244 4056 4054
f 3244 3240 4056
f 3244 4054 4057
f 3244 4057 3243
f 4050 4057 4054
f 4050 4051 4057
f 4050 4054 4058
f 4050 4058 4049
f 4054 4055 4058
f 3959 4059 4060
f 3959 4060 3958
f 3248 4060 4059
f 3248 3246 4060
f 3248 4059 3240
f 3240 4059 4056
f 4056 4059 4061
f 4056 4061 4055
f 3959 4061 4059
f 3959 3960 4061
f 3965 4062 4063
f 3965 4063 3964
f 3252 4063 4062
f 3252 3250 4063
f 3252 4062 3246
f 3246 4062 4060
f 4060 4062 3958
f 3958 4062 3965
f 3970 4064 4065
f 3970 4065 3969
f 3256 4065 4064
f 3256 3254 4065
f 3256 4064 3250
f 3250 4064 4063
f 4063 4064 3964
f 3964 4064 3970
f 3974 4066 4067
f 3974 4067 3973
f 3260 4067 4066
f 3260 3258 4067
f 3260 4066 3254
f 3254 4066 4065
f 4065 4066 3969
f 3969 4066 3974
f 3978 4068 4069
f 3978 4069 3977
f 3264 4069 4068
f 3264 3262 4069
f 3264 4068 3258
f 3258 4068 4067
f 4067 4068 3973
f 3973 4068 3978
f 3982 4070 4071
f 3982 4071 3981
f 3268 4071 4070
f 3268 3266 4071
f 3268 4070 3262
f 3262 4070 4069
f 4069 4070 3977
f 3977 4070 3982
f 3986 4072 4073
f 3986 4073 3985
f 3273 4073 4072
f 3273 3270 4073
f 3273 4072 3266
f 3266 4072 4071
f 4071 4072 3981
f 3981 4072 3986
f 3990 4074 4075
f 3990 4075 3989
f 3279 4075 4074
f 3279 3275 4075
f 3279 4074 3270
f 3270 4074 4073
f 4073 4074 3985
f 3985 4074 3990
f 3994 4076 4077
f 3994 4077 3993
f 3285 4077 4076
f 3285 3281 4077
f 3285 4076 3275
f 3275 4076 4075
f 4075 4076 3989
f 3989 4076 3994
f 3998 4078 4079
f 3998 4079 3997
f 4078 4080 4079
f 3281 4080 4078
f 3281 3286 4080
f 3281 4078 4077
f 4077 4078 3993
f 3993 4078 3998
f 4002 4081 4082
f 4002 4082 4001
f 4081 4083 4082
f 4081 4084 4083
f 4079 4084 4081
f 4079 4080 4084
f 4079 4081 3997
f 3997 4081 4002
f 4006 4085 4086
f 4006 4086 4005
f 4085 4087 4086
f 4085 4088 4087
f 4082 4088 4085
f 4082 4083 4088
f 4082 4085 4001
f 4001 4085 4006
f 4010 4089 4090
f 4010 4090 4009
f 4089 4091 4090
f 4089 4092 4091
f 4086 4092 4089
f 4086 4087 4092
f 4086 4089 4005
f 4005 4089 4010
f 4013 4093 4094
f 4013 4094 4012
f 4093 4095 4094
f 4093 4096 4095
f 4090 4096 4093
f 4090 4091 4096
f 4090 4093 4009
f 4009 4093 4013
f 4014 4097 3192
f 3192 4097 4098
f 3192 4098 3287
f 4097 4099 4098
f 4094 4099 4097
f 4094 4095 4099
f 4094 4097 4012
f 4012 4097 4014
f 3287 4100 3292
f 3287 4098 4100
f 3237 4101 4034
f 3237 3343 4101
f 4040 4102 4103
f 4040 4103 4039
f 3346 4103 4102
f 3346 3344 4103
f 3346 4102 3343
f 3343 4102 4101
f 4101 4102 4034
f 4034 4102 4040
f 4046 4104 4105
f 4046 4105 4045
f 3350 4105 4104
f 3350 3348 4105
f 3350 4104 3344
f 3344 4104 4103
f 4103 4104 4039
f 4039 4104 4046
f 4052 4106 4107
f 4052 4107 4051
f 3354 4107 4106
f 3354 3352 4107
f 3354 4106 3348
f 3348 4106 4105
f 4105 4106 4045
f 4045 4106 4052
f 4057 4108 3243
f 3243 4108 3356
f 3356 4108 3352
f 3352 4108 4107
f 4107 4108 4051
f 4051 4108 4057
f 3286 4109 4080
f 3286 3363 4109
f 4084 4110 4111
f 4084 4111 4083
f 3369 4111 4110
f 3369 3366 4111
f 3369 4110 3363
f 3363 4110 4109
f 4109 4110 4080
f 4080 4110 4084
f 4088 4112 4113
f 4088 4113 4087
f 3375 4113 4112
f 3375 3371 4113
f 3375 4112 3366
f 3366 4112 4111
f 4111 4112 4083
f 4083 4112 4088
f 4092 4114 4115
f 4092 4115 4091
f 3381 4115 4114
f 3381 3377 4115
f 3381 4114 3371
f 3371 4114 4113
f 4113 4114 4087
f 4087 4114 4092
f 4096 4116 4117
f 4096 4117 4095
f 3387 4117 4116
f 3387 3383 4117
f 3387 4116 3377
f 3377 4116 4115
f 4115 4116 4091
f 4091 4116 4096
f 4099 4118 4119
f 4099 4119 4098
f 3393 4119 4118
f 3393 3389 4119
f 3393 4118 3383
f 3383 4118 4117
f 4117 4118 4095
f 4095 4118 4099
f 4100 4120 3292
f 3292 4120 3398
f 3398 4120 3389
f 3389 4120 4119
f 4119 4120 4098
f 4098 4120 4100
f 3591 4121 3589
f 3591 3590 4121
f 3593 4122 3592
f 3593 4123 4122
f 3593 3589 4123
f 3589 4121 4123
f 3595 4124 3594
f 3595 4125 4124
f 3595 3592 4125
f 3592 4122 4125
f 3596 3594 4126
f 3594 4124 4126
f 3641 4127 3639
f 3641 3640 4127
f 3590 4128 4121
f 3590 4129 4128
f 3590 3642 4129
f 3642 4130 4129
f 3642 3639 4130
f 3639 4127 4130
f 4123 4131 4132
f 4123 4132 4122
f 4131 4133 4132
f 4131 4134 4133
f 4128 4134 4131
f 4128 4129 4134
f 4128 4131 4121
f 4121 4131 4123
f 4125 4135 4136
f 4125 4136 4124
f 4135 4137 4136
f 4135 4138 4137
f 4132 4138 4135
f 4132 4133 4138
f 4132 4135 4122
f 4122 4135 4125
f 4136 4140 4139
f 4136 4137 4140
f 4136 4139 4124
f 4124 4139 4126
f 3640 4141 4127
f 3640 3678 4141
f 4130 4142 4143
f 4130 4143 4129
f 4142 4144 4143
f 3678 4144 4142
f 3678 3682 4144
f 3678 4142 4141
f 4141 4142 4127
f 4127 4142 4130
f 4134 4145 4146
f 4134 4146 4133
f 4145 4147 4146
f 4145 4148 4147
f 4143 4148 4145
f 4143 4144 4148
f 4143 4145 4129
f 4129 4145 4134
f 4138 4149 4150
f 4138 4150 4137
f 4149 4151 4150
f 4149 4152 4151
f 4146 4152 4149
f 4146 4147 4152
f 4146 4149 4133
f 4133 4149 4138
f 4150 4154 4153
f 4150 4151 4154
f 4150 4153 4137
f 4137 4153 4140
f 3682 4155 4144
f 3682 3710 4155
f 4148 4156 4157
f 4148 4157 4147
f 3719 4157 4156
f 3719 3715 4157
f 3719 4156 3710
f 3710 4156 4155
f 4155 4156 4144
f 4144 4156 4148
f 4152 4158 4159
f 4152 4159 4151
f 4158 4160 4159
f 3715 4160 4158
f 3715 3720 4160
f 3715 4158 4157
f 4157 4158 4147
f 4147 4158 4152
f 4159 4162 4161
f 4159 4160 4162
f 4159 4161 4151
f 4151 4161 4154
f 3720 4163 4160
f 3720 3740 4163
f 3744 4164 3740
f 3740 4164 4163
f 4163 4164 4160
f 4160 4164 4162
f 3758 4166 3756
f 3758 4167 4166
f 3758 3753 4167
f 3762 4168 3760
f 3762 4169 4168
f 3762 3756 4169
f 3756 4166 4169
f 3766 4170 3764
f 3766 4171 4170
f 3766 3760 4171
f 3760 4168 4171
f 3770 4172 3768
f 3770 4173 4172
f 3770 3764 4173
f 3764 4170 4173
f 3774 4174 3772
f 3774 4175 4174
f 3774 3768 4175
f 3768 4172 4175
f 3778 4176 3776
f 3778 4177 4176
f 3778 3772 4177
f 3772 4174 4177
f 3782 4178 3780
f 3782 4179 4178
f 3782 3776 4179
f 3776 4176 4179
f 3786 4180 3784
f 3786 4181 4180
f 3786 3780 4181
f 3780 4178 4181
f 3784 4182 3789
f 3784 4180 4182
f 4167 4183 4166
f 4165 4183 4167
f 4165 4184 4183
f 4169 4185 4168
f 4166 4183 4186
f 4166 4185 4169
f 4166 4186 4185
f 4171 4187 4170
f 4168 4185 4188
f 4168 4187 4171
f 4168 4188 4187
f 4173 4189 4172
f 4170 4187 4190
f 4170 4189 4173
f 4170 4190 4189
f 4175 4191 4174
f 4172 4189 4192
f 4172 4191 4175
f 4172 4192 4191
f 4177 4193 4176
f 4174 4191 4194
f 4174 4193 4177
f 4174 4194 4193
f 4179 4195 4196
f 4179 4196 4178
f 4195 4197 4196
f 4195 4198 4197
f 4195 4199 4198
f 4176 4199 4195
f 4176 4193 4199
f 4176 4195 4179
f 4181 4200 4201
f 4181 4201 4180
f 4200 4202 4201
f 4200 4203 4202
f 4196 4203 4200
f 4196 4197 4203
f 4196 4200 4178
f 4178 4200 4181
f 4182 4204 3789
f 3789 4204 4205
f 3789 4205 3793
f 4204 4206 4205
f 4201 4206 4204
f 4201 4202 4206
f 4201 4204 4180
f 4180 4204 4182
f 3795 4207 3794
f 3795 4208 4207
f 3795 3793 4208
f 3793 4205 4208
f 3798 4209 3796
f 3798 4210 4209
f 3798 3794 4210
f 3794 4207 4210
f 3802 4211 3800
f 3802 4212 4211
f 3802 3796 4212
f 3796 4209 4212
f 3806 4213 3804
f 3806 4214 4213
f 3806 3800 4214
f 3800 4211 4214
f 3810 4215 3808
f 3810 4216 4215
f 3810 3804 4216
f 3804 4213 4216
f 3808 4217 3813
f 3808 4215 4217
f 4198 4221 4197
f 4198 4199 4221
f 4203 4222 4202
f 4197 4221 4223
f 4197 4222 4203
f 4197 4223 4222
f 4206 4224 4205
f 4202 4222 4225
f 4202 4224 4206
f 4202 4225 4224
f 4208 4226 4227
f 4208 4227 4207
f 4226 4228 4227
f 4226 4229 4228
f 4226 4230 4229
f 4205 4230 4226
f 4205 4224 4230
f 4205 4226 4208
f 4210 4231 4232
f 4210 4232 4209
f 4231 4233 4232
f 4231 4234 4233
f 4227 4234 4231
f 4227 4228 4234
f 4227 4231 4207
f 4207 4231 4210
f 4212 4235 4236
f 4212 4236 4211
f 4235 4237 4236
f 4235 4238 4237
f 4232 4238 4235
f 4232 4233 4238
f 4232 4235 4209
f 4209 4235 4212
f 4214 4239 4240
f 4214 4240 4213
f 4239 4241 4240
f 4239 4242 4241
f 4236 4242 4239
f 4236 4237 4242
f 4236 4239 4211
f 4211 4239 4214
f 4216 4243 4244
f 4216 4244 4215
f 4243 4245 4244
f 4243 4246 4245
f 4240 4246 4243
f 4240 4241 4246
f 4240 4243 4213
f 4213 4243 4216
f 4217 4247 3813
f 3813 4247 4248
f 3813 4248 3831
f 4247 4249 4248
f 4244 4249 4247
f 4244 4245 4249
f 4244 4247 4215
f 4215 4247 4217
f 3833 4250 3832
f 3833 4251 4250
f 3833 3831 4251
f 3831 4248 4251
f 3835 4252 3834
f 3835 4253 4252
f 3835 3832 4253
f 3832 4250 4253
f 3837 4254 3836
f 3837 4255 4254
f 3837 3834 4255
f 3834 4252 4255
f 3839 4256 3838
f 3839 4257 4256
f 3839 3836 4257
f 3836 4254 4257
f 3838 4258 3844
f 3838 4256 4258
f 4259 4261 4260
f 3874 4261 4259
f 3874 3872 4261
f 3874 4259 3869
f 4219 4259 4260
f 4219 4260 4220
f 4262 4264 4263
f 4262 4265 4264
f 3872 4265 4262
f 3872 3877 4265
f 3872 4262 4261
f 4261 4262 4266
f 4261 4266 4260
f 4262 4263 4266
f 4267 4269 4268
f 4267 4270 4269
f 4267 4271 4270
f 4264 4271 4267
f 4264 4265 4271
f 4264 4267 4272
f 4264 4272 4263
f 4267 4268 4272
f 4273 4275 4274
f 4273 4276 4275
f 4273 4277 4276
f 4269 4277 4273
f 4269 4270 4277
f 4269 4273 4278
f 4269 4278 4268
f 4273 4274 4278
f 4279 4281 4280
f 4279 4282 4281
f 4279 4283 4282
f 4275 4283 4279
f 4275 4276 4283
f 4275 4279 4284
f 4275 4284 4274
f 4279 4280 4284
f 4285 4287 4286
f 4285 4288 4287
f 4285 4289 4288
f 4281 4289 4285
f 4281 4282 4289
f 4281 4285 4290
f 4281 4290 4280
f 4285 4286 4290
f 4291 4293 4292
f 4291 4294 4293
f 4291 4295 4294
f 4287 4295 4291
f 4287 4288 4295
f 4287 4291 4296
f 4287 4296 4286
f 4291 4292 4296
f 4297 4299 4298
f 4297 4300 4299
f 4297 4301 4300
f 4293 4301 4297
f 4293 4294 4301
f 4293 4297 4302
f 4293 4302 4292
f 4297 4298 4302
f 4303 4305 4304
f 4303 4306 4305
f 4303 4307 4306
f 4299 4307 4303
f 4299 4300 4307
f 4299 4303 4308
f 4299 4308 4298
f 4303 4304 4308
f 4229 4309 4310
f 4229 4310 4228
f 4309 4311 4310
f 4309 4312 4311
f 4305 4312 4309
f 4305 4306 4312
f 4305 4309 4313
f 4305 4313 4304
f 4229 4313 4309
f 4229 4230 4313
f 4234 4314 4315
f 4234 4315 4233
f 4314 4316 4315
f 4314 4317 4316
f 4310 4317 4314
f 4310 4311 4317
f 4310 4314 4228
f 4228 4314 4234
f 4238 4318 4319
f 4238 4319 4237
f 4318 4320 4319
f 4318 4321 4320
f 4315 4321 4318
f 4315 4316 4321
f 4315 4318 4233
f 4233 4318 4238
f 4242 4322 4323
f 4242 4323 4241
f 4322 4324 4323
f 4322 4325 4324
f 4319 4325 4322
f 4319 4320 4325
f 4319 4322 4237
f 4237 4322 4242
f 4246 4326 4327
f 4246 4327 4245
f 4326 4328 4327
f 4326 4329 4328
f 4323 4329 4326
f 4323 4324 4329
f 4323 4326 4241
f 4241 4326 4246
f 4249 4330 4331
f 4249 4331 4248
f 4330 4332 4331
f 4330 4333 4332
f 4327 4333 4330
f 4327 4328 4333
f 4327 4330 4245
f 4245 4330 4249
f 4251 4334 4335
f 4251 4335 4250
f 4334 4336 4335
f 4334 4337 4336
f 4331 4337 4334
f 4331 4332 4337
f 4331 4334 4248
f 4248 4334 4251
f 4253 4338 4339
f 4253 4339 4252
f 4338 4340 4339
f 4338 4341 4340
f 4335 4341 4338
f 4335 4336 4341
f 4335 4338 4250
f 4250 4338 4253
f 4255 4342 4343
f 4255 4343 4254
f 4342 4344 4343
f 4342 4345 4344
f 4339 4345 4342
f 4339 4340 4345
f 4339 4342 4252
f 4252 4342 4255
f 4257 4346 4347
f 4257 4347 4256
f 4346 4348 4347
f 4346 4349 4348
f 4343 4349 4346
f 4343 4344 4349
f 4343 4346 4254
f 4254 4346 4257
f 4258 4350 3844
f 3844 4350 3884
f 3884 4350 4351
f 3884 4351 3883
f 4347 4351 4350
f 4347 4348 4351
f 4347 4350 4256
f 4256 4350 4258
f 3877 4352 4265
f 3877 3925 4352
f 4271 4353 4354
f 4271 4354 4270
f 3928 4354 4353
f 3928 3926 4354
f 3928 4353 3925
f 3925 4353 4352
f 4352 4353 4265
f 4265 4353 4271
f 4277 4355 4356
f 4277 4356 4276
f 3932 4356 4355
f 3932 3930 4356
f 3932 4355 3926
f 3926 4355 4354
f 4354 4355 4270
f 4270 4355 4277
f 4283 4357 4358
f 4283 4358 4282
f 3936 4358 4357
f 3936 3934 4358
f 3936 4357 3930
f 3930 4357 4356
f 4356 4357 4276
f 4276 4357 4283
f 4289 4359 4360
f 4289 4360 4288
f 3940 4360 4359
f 3940 3938 4360
f 3940 4359 3934
f 3934 4359 4358
f 4358 4359 4282
f 4282 4359 4289
f 4295 4361 4362
f 4295 4362 4294
f 3944 4362 4361
f 3944 3942 4362
f 3944 4361 3938
f 3938 4361 4360
f 4360 4361 4288
f 4288 4361 4295
f 4301 4363 4364
f 4301 4364 4300
f 3948 4364 4363
f 3948 3946 4364
f 3948 4363 3942
f 3942 4363 4362
f 4362 4363 4294
f 4294 4363 4301
f 4307 4365 4366
f 4307 4366 4306
f 3953 4366 4365
f 3953 3950 4366
f 3953 4365 3946
f 3946 4365 4364
f 4364 4365 4300
f 4300 4365 4307
f 4312 4367 4368
f 4312 4368 4311
f 4367 4369 4368
f 3950 4369 4367
f 3950 3954 4369
f 3950 4367 4366
f 4366 4367 4306
f 4306 4367 4312
f 4317 4370 4371
f 4317 4371 4316
f 4370 4372 4371
f 4370 4373 4372
f 4368 4373 4370
f 4368 4369 4373
f 4368 4370 4311
f 4311 4370 4317
f 4321 4374 4375
f 4321 4375 4320
f 4374 4376 4375
f 4374 4377 4376
f 4371 4377 4374
f 4371 4372 4377
f 4371 4374 4316
f 4316 4374 4321
f 4325 4378 4379
f 4325 4379 4324
f 4378 4380 4379
f 4378 4381 4380
f 4375 4381 4378
f 4375 4376 4381
f 4375 4378 4320
f 4320 4378 4325
f 4329 4382 4383
f 4329 4383 4328
f 4382 4384 4383
f 4382 4385 4384
f 4379 4385 4382
f 4379 4380 4385
f 4379 4382 4324
f 4324 4382 4329
f 4333 4386 4387
f 4333 4387 4332
f 4386 4388 4387
f 4386 4389 4388
f 4383 4389 4386
f 4383 4384 4389
f 4383 4386 4328
f 4328 4386 4333
f 4337 4390 4391
f 4337 4391 4336
f 4390 4392 4391
f 4390 4393 4392
f 4387 4393 4390
f 4387 4388 4393
f 4387 4390 4332
f 4332 4390 4337
f 4341 4394 4395
f 4341 4395 4340
f 4394 4396 4395
f 4394 4397 4396
f 4391 4397 4394
f 4391 4392 4397
f 4391 4394 4336
f 4336 4394 4341
f 4345 4398 4399
f 4345 4399 4344
f 4398 4400 4399
f 4398 4401 4400
f 4395 4401 4398
f 4395 4396 4401
f 4395 4398 4340
f 4340 4398 4345
f 4349 4402 4403
f 4349 4403 4348
f 3961 4403 4402
f 3961 3956 4403
f 3961 4402 4404
f 3961 4404 3960
f 4399 4404 4402
f 4399 4400 4404
f 4399 4402 4344
f 4344 4402 4349
f 4351 4405 3883
f 3883 4405 3966
f 3966 4405 3956
f 3956 4405 4403
f 4403 4405 4348
f 4348 4405 4351
f 3954 4406 4369
f 3954 4017 4406
f 4373 4407 4408
f 4373 4408 4372
f 4022 4408 4407
f 4022 4020 4408
f 4022 4407 4017
f 4017 4407 4406
f 4406 4407 4369
f 4369 4407 4373
f 4377 4409 4410
f 4377 4410 4376
f 4026 4410 4409
f 4026 4024 4410
f 4026 4409 4020
f 4020 4409 4408
f 4408 4409 4372
f 4372 4409 4377
f 4381 4411 4412
f 4381 4412 4380
f 4030 4412 4411
f 4030 4028 4412
f 4030 4411 4024
f 4024 4411 4410
f 4410 4411 4376
f 4376 4411 4381
f 4385 4413 4414
f 4385 4414 4384
f 4035 4414 4413
f 4035 4032 4414
f 4035 4413 4028
f 4028 4413 4412
f 4412 4413 4380
f 4380 4413 4385
f 4389 4415 4416
f 4389 4416 4388
f 4041 4416 4415
f 4041 4037 4416
f 4041 4415 4032
f 4032 4415 4414
f 4414 4415 4384
f 4384 4415 4389
f 4393 4417 4418
f 4393 4418 4392
f 4047 4418 4417
f 4047 4043 4418
f 4047 4417 4037
f 4037 4417 4416
f 4416 4417 4388
f 4388 4417 4393
f 4397 4419 4420
f 4397 4420 4396
f 4053 4420 4419
f 4053 4049 4420
f 4053 4419 4043
f 4043 4419 4418
f 4418 4419 4392
f 4392 4419 4397
f 4401 4421 4422
f 4401 4422 4400
f 4058 4422 4421
f 4058 4055 4422
f 4058 4421 4049
f 4049 4421 4420
f 4420 4421 4396
f 4396 4421 4401
f 4404 4423 3960
f 3960 4423 4061
f 4061 4423 4055
f 4055 4423 4422
f 4422 4423 4400
f 4400 4423 4404
f 4184 4424 4183
f 4184 4425 4424
f 4186 4426 4185
f 4186 4427 4426
f 4186 4183 4427
f 4183 4424 4427
f 4188 4428 4187
f 4188 4429 4428
f 4188 4185 4429
f 4185 4426 4429
f 4190 4430 4189
f 4190 4431 4430
f 4190 4187 4431
f 4187 4428 4431
f 4192 4432 4191
f 4192 4433 4432
f 4192 4189 4433
f 4189 4430 4433
f 4194 4434 4193
f 4194 4435 4434
f 4194 4191 4435
f 4191 4432 4435
f 4193 4436 4199
f 4193 4434 4436
f 4425 4437 4438
f 4425 4438 4424
f 4437 4439 4438
f 4218 4439 4437
f 4218 4220 4439
f 4427 4440 4441
f 4427 4441 4426
f 4440 4442 4441
f 4440 4443 4442
f 4438 4443 4440
f 4438 4439 4443
f 4438 4440 4424
f 4424 4440 4427
f 4429 4444 4445
f 4429 4445 4428
f 4444 4446 4445
f 4444 4447 4446
f 4441 4447 4444
f 4441 4442 4447
f 4441 4444 4426
f 4426 4444 4429
f 4431 4448 4449
f 4431 4449 4430
f 4448 4450 4449
f 4448 4451 4450
f 4445 4451 4448
f 4445 4446 4451
f 4445 4448 4428
f 4428 4448 4431
f 4433 4452 4453
f 4433 4453 4432
f 4452 4454 4453
f 4452 4455 4454
f 4449 4455 4452
f 4449 4450 4455
f 4449 4452 4430
f 4430 4452 4433
f 4435 4456 4457
f 4435 4457 4434
f 4456 4458 4457
f 4456 4459 4458
f 4453 4459 4456
f 4453 4454 4459
f 4453 4456 4432
f 4432 4456 4435
f 4436 4460 4199
f 4199 4460 4461
f 4199 4461 4221
f 4460 4462 4461
f 4457 4462 4460
f 4457 4458 4462
f 4457 4460 4434
f 4434 4460 4436
f 4223 4463 4222
f 4223 4464 4463
f 4223 4221 4464
f 4221 4461 4464
f 4225 4465 4224
f 4225 4466 4465
f 4225 4222 4466
f 4222 4463 4466
f 4224 4467 4230
f 4224 4465 4467
f 4220 4468 4439
f 4220 4260 4468
f 4443 4469 4470
f 4443 4470 4442
f 4266 4470 4469
f 4266 4263 4470
f 4266 4469 4260
f 4260 4469 4468
f 4468 4469 4439
f 4439 4469 4443
f 4447 4471 4472
f 4447 4472 4446
f 4272 4472 4471
f 4272 4268 4472
f 4272 4471 4263
f 4263 4471 4470
f 4470 4471 4442
f 4442 4471 4447
f 4451 4473 4474
f 4451 4474 4450
f 4278 4474 4473
f 4278 4274 4474
f 4278 4473 4268
f 4268 4473 4472
f 4472 4473 4446
f 4446 4473 4451
f 4455 4475 4476
f 4455 4476 4454
f 4284 4476 4475
f 4284 4280 4476
f 4284 4475 4274
f 4274 4475 4474
f 4474 4475 4450
f 4450 4475 4455
f 4459 4477 4478
f 4459 4478 4458
f 4290 4478 4477
f 4290 4286 4478
f 4290 4477 4280
f 4280 4477 4476
f 4476 4477 4454
f 4454 4477 4459
f 4462 4479 4480
f 4462 4480 4461
f 4296 4480 4479
f 4296 4292 4480
f 4296 4479 4286
f 4286 4479 4478
f 4478 4479 4458
f 4458 4479 4462
f 4464 4481 4482
f 4464 4482 4463
f 4302 4482 4481
f 4302 4298 4482
f 4302 4481 4292
f 4292 4481 4480
f 4480 4481 4461
f 4461 4481 4464
f 4466 4483 4484
f 4466 4484 4465
f 4308 4484 4483
f 4308 4304 4484
f 4308 4483 4298
f 4298 4483 4482
f 4482 4483 4463
f 4463 4483 4466
f 4467 4485 4230
f 4230 4485 4313
f 4313 4485 4304
f 4304 4485 4484
f 4484 4485 4465
f 4465 4485 4467
