o escape_tunnel_shell
v 54.7753599639 4.77535996391 -4.22464003609
v 54.8 4.62961034615 -4.2
v 54.8 4.7751164285 -4.2248835715
v 54.8 4.8 -4.2292773947
v 54.7726625186 4.8 -4.22733748144
v 54.2406779074 4.8 -4.2
v 54.6226043199 4.62260431989 -4.2
v 55.7455110784 4.74551107836 -4.25448892164
v 55.8 4.51591128422 -4.2
v 55.8 4.74573952025 -4.25426047975
v 55.8 4.8 -4.26740998928
v 55.7362315436 4.8 -4.26376845639
v 55.4831416402 4.48314164021 -4.2
v 56.730019424 4.73001942403 -4.26998057597
v 56.8 4.50653697897 -4.2
v 56.8 4.73127457955 -4.26872542045
v 56.8 4.8 -4.29022511374
v 56.7134091035 4.8 -4.28659089653
v 56.4577056399 4.4577056399 -4.2
v 57.7378928349 4.73789283494 -4.26210716506
v 57.8 4.58003592794 -4.2
v 57.8 4.73976147871 -4.26023852129
v 57.8 4.8 -4.2840034041
v 57.7182818847 4.8 -4.2817181153
v 57.5284876852 4.52848768517 -4.2
v 58.7628997541 4.76289975406 -4.23710024594
v 58.8 4.68423513482 -4.2
v 58.8 4.76398563971 -4.23601436029
v 58.8 4.8 -4.25291419177
v 58.7477557495 4.8 -4.25224425049
v 58.6550644153 4.65506441528 -4.2
v 59.7987622271 4.79876222711 -4.20123777289
v 59.8 4.79655037579 -4.2
v 59.8 4.79881009693 -4.20118990307
v 59.8 4.8 -4.20183779669
v 59.7981500823 4.8 -4.20184991767
v 59.7956758506 4.79567585059 -4.2
v 59.8269770748 4.8 -4.2
v 54.8 5.23647023002 -4.2
v 55.7448592235 5.74485922345 -4.25514077655
v 55.8 5.74167968814 -4.25832031186
v 55.8 5.8 -4.25803684161
v 55.7480241701 5.8 -4.25197582986
v 55.2002127826 5.8 -4.2
v 56.6700426974 5.67004269744 -4.32995730256
v 56.8 5.66485768221 -4.33514231779
v 56.8 5.8 -4.34294824648
v 56.6706265273 5.8 -4.32937347267
v 57.6222399929 5.62223999287 -4.37776000713
v 57.8 5.6178017508 -4.3821982492
v 57.8 5.8 -4.40677322896
v 57.6125060935 5.8 -4.38749390655
v 58.5959766691 5.59597666908 -4.40402333092
v 58.8 5.5937839094 -4.4062160906
v 58.8 5.8 -4.44918284356
v 58.5692883872 5.8 -4.43071161284
v 59.5868991744 5.58689917442 -4.41310082558
v 59.8 5.58800146521 -4.41199853479
v 59.8 5.8 -4.47184905016
v 59.5429624387 5.8 -4.45703756131
v 60.5936729716 5.59367297156 -4.40632702844
v 60.8 5.00347439673 -4.2
v 60.8 5.59754207645 -4.40245792355
v 60.8 5.8 -4.47468775487
v 60.5348849191 5.8 -4.46511508092
v 61.6144374586 5.61443745862 -4.38556254138
v 61.8 5.18697361064 -4.2
v 61.8 5.62007551599 -4.37992448401
v 61.8 5.8 -4.45760063987
v 61.5463180211 5.8 -4.45368197888
v 61.0215569893 5.02155698928 -4.2
v 62.6475601516 5.64756015165 -4.35243984835
v 62.8 5.35554664951 -4.2
v 62.8 5.65371581332 -4.34628418668
v 62.8 5.8 -4.42047630957
v 62.5785453429 5.8 -4.42145465712
v 62.2350395084 5.23503950837 -4.2
v 63.6916097344 5.69160973439 -4.30839026561
v 63.8 5.51490976229 -4.2
v 63.8 5.69692072472 -4.30307927528
v 63.8 5.8 -4.3631912798
v 63.6328742173 5.8 -4.36712578274
v 63.437920661 5.43792066104 -4.2
v 64.7029925366 5.70299253658 -4.29700746342
v 64.8 5.53808337902 -4.2
v 64.8 5.70030196645 -4.29969803355
v 64.8 5.8 -4.36105463257
v 64.645812688 5.8 -4.35418731201
v 64.5284569461 5.52845694611 -4.2
v 65.6909183321 5.69091833211 -4.30908166789
v 65.8 5.49801145708 -4.2
v 65.8 5.6854462231 -4.3145537769
v 65.8 5.8 -4.38466031417
v 65.6249099176 5.8 -4.37509008235
v 65.5182104729 5.51821047288 -4.2
v 66.6763945636 5.67639456359 -4.32360543641
v 66.8 5.45720200696 -4.2
v 66.8 5.67037291413 -4.32962708587
v 66.8 5.8 -4.40855904491
v 66.6019872604 5.8 -4.3980127396
v 66.4795100204 5.47951002041 -4.2
v 67.661642993 5.66164299304 -4.33835700696
v 67.8 5.41570292002 -4.2
v 67.8 5.65509189822 -4.34490810178
v 67.8 5.8 -4.43274329267
v 67.5787465497 5.8 -4.42125345034
v 67.4400529065 5.4400529065 -4.2
v 68.6466739264 5.64667392636 -4.35332607364
v 68.8 5.37355816845 -4.2
v 68.8 5.63961234483 -4.36038765517
v 68.8 5.8 -4.45720564612
v 68.5551970197 5.8 -4.44480298027
v 68.3998855561 5.39988555613 -4.2
v 69.6314969588 5.63149695884 -4.36850304116
v 69.8 5.32699542667 -4.2
v 69.8 5.62239795012 -4.37760204988
v 69.8 5.8 -4.48319574951
v 69.5313476111 5.8 -4.46865238885
v 69.3590507997 5.35905079969 -4.2
v 70.6196081932 5.6196081932 -4.3803918068
v 70.8 5.29776209867 -4.2
v 70.8 5.61471330672 -4.38528669328
v 70.8 5.8 -4.49378327859
v 70.5129348058 5.8 -4.48706519422
v 70.3222610255 5.3222610255 -4.2
v 71.6153603088 5.61536030882 -4.38463969118
v 71.8 5.27692275754 -4.2
v 71.8 5.61027051223 -4.38972948777
v 71.8 5.8 -4.49789572883
v 71.5071063807 5.8 -4.49289361929
v 71.2988350458 5.29883504583 -4.2
v 72.6111283707 5.61112837069 -4.38887162931
v 72.8 5.25672373002 -4.2
v 72.8 5.60614603297 -4.39385396703
v 72.8 5.8 -4.50157927146
v 72.5032720992 5.8 -4.49672790084
v 72.2783174333 5.27831743329 -4.2
v 73.6071932241 5.6071932241 -4.3928067759
v 73.8 5.23715788875 -4.2
v 73.8 5.60231930612 -4.39768069388
v 73.8 5.8 -4.50487254069
v 73.4998331677 5.8 -4.50016683225
v 73.2583903245 5.25839032448 -4.2
v 74.603536718 5.60353671799 -4.39646328201
v 74.8 5.21821727094 -4.2
v 74.8 5.59877138744 -4.40122861256
v 74.8 5.8 -4.50780969659
v 74.4967555038 5.8 -4.50324449621
v 74.239051845 5.23905184498 -4.2
v 75.6001420129 5.6001420129 -4.3998579871
v 75.8 5.19989323031 -4.2
v 75.8 5.59548480893 -4.40451519107
v 75.8 5.8 -4.51042105076
v 75.4940087864 5.8 -4.50599121356
v 75.2202987927 5.22029879269 -4.2
v 76.6543970885 5.65439708853 -4.34560291147
v 76.8 5.39395828137 -4.2
v 76.8 5.6630223994 -4.3369776006
v 76.8 5.8 -4.40671139937
v 76.5701848078 5.8 -4.42981519216
v 76.301323355 5.30132335501 -4.2
v 77.2575264017 5.8 -4.2
v 55.8 6.02264083771 -4.2
v 56.8 6.50371117362 -4.2
v 56.2961637876 6.29616378763 -4.2
v 57.7243764213 6.72437642133 -4.27562357867
v 57.8 6.7154026165 -4.2845973835
v 57.8 6.8 -4.27431907703
v 57.7373378039 6.8 -4.26266219612
v 57.2618995851 6.8 -4.2
v 58.6159253344 6.6159253344 -4.3840746656
v 58.8 6.60021828247 -4.39978171753
v 58.8 6.8 -4.38995043951
v 58.6361261615 6.8 -4.36387383854
v 59.5356606865 6.53566068646 -4.46433931354
v 59.8 6.5205866802 -4.4794133198
v 59.8 6.8 -4.48598945023
v 59.5476670824 6.8 -4.45233291756
v 60.4802366619 6.48023666189 -4.51976333811
v 60.8 6.46957797626 -4.53042202374
v 60.8 6.8 -4.56239074162
v 60.4731416389 6.8 -4.52685836113
v 61.446658198 6.44665819804 -4.55334180196
v 61.8 6.44193866487 -4.55806133513
v 61.8 6.8 -4.61909208423
v 61.4137511478 6.8 -4.58624885221
v 62.4322946295 6.43229462953 -4.56770537047
v 62.8 6.43361502635 -4.56638497365
v 62.8 6.8 -4.65601584386
v 62.3707193298 6.8 -4.62928067018
v 63.4348407459 6.43484074595 -4.56515925405
v 63.8 6.44143023837 -4.55856976163
v 63.8 6.8 -4.67307024177
v 63.3452945437 6.8 -4.65470545628
v 64.4385158117 6.43851581171 -4.56148418829
v 64.8 6.42649287816 -4.57350712184
v 64.8 6.8 -4.70072423897
v 64.3237756344 6.8 -4.67622436557
v 65.4223826534 6.42238265344 -4.57761734656
v 65.8 6.40701616885 -4.59298383115
v 65.8 6.8 -4.7284208245
v 65.2948942869 6.8 -4.70510571314
v 66.4031812515 6.40318125149 -4.59681874851
v 66.8 6.3874926825 -4.6125073175
v 66.8 6.8 -4.75628856544
v 66.2675818359 6.8 -4.73241816413
v 67.3839137729 6.3839137729 -4.6160862271
v 67.8 6.36791989606 -4.63208010394
v 67.8 6.8 -4.78432774092
v 67.2400739916 6.8 -4.75992600837
v 68.3645797146 6.36457971457 -4.63542028543
v 68.8 6.34829599989 -4.65170400011
v 68.8 6.8 -4.81253787828
v 68.2123729184 6.8 -4.78762708163
v 69.3451790069 6.34517900693 -4.65482099307
v 69.8 6.32707452815 -4.67292547185
v 69.8 6.8 -4.84137688261
v 69.1844811983 6.8 -4.81551880169
v 70.3303818808 6.3303818808 -4.6696181192
v 70.8 6.32225443835 -4.67774556165
v 70.8 6.8 -4.84642498155
v 70.1616818331 6.8 -4.83831816687
v 71.3276544766 6.3276544766 -4.6723455234
v 71.8 6.32166084949 -4.67833915051
v 71.8 6.8 -4.84418454051
v 71.1585398685 6.8 -4.84146013152
v 72.326994568 6.32699456795 -4.67300543205
v 72.8 6.32122319932 -4.67877680068
v 72.8 6.8 -4.84192311648
v 72.1607322682 6.8 -4.83926773181
v 73.3264925569 6.32649255685 -4.67350744315
v 73.8 6.32092962506 -4.67907037494
v 73.8 6.8 -4.83964191649
v 73.1629472184 6.8 -4.83705278164
v 74.3261365287 6.32613652874 -4.67386347126
v 74.8 6.32076942346 -4.67923057654
v 74.8 6.8 -4.8373420604
v 74.1651834441 6.8 -4.83481655594
v 75.3259157255 6.32591572547 -4.67408427453
v 75.8 6.3207329142 -4.6792670858
v 75.8 6.8 -4.83502458813
v 75.1674397607 6.8 -4.83256023933
v 76.3685991243 6.3685991243 -4.6314008757
v 76.8 6.40148257661 -4.59851742339
v 76.8 6.8 -4.7256001444
v 76.2107961592 6.8 -4.78920384084
v 77.7207991427 6.72079914273 -4.27920085727
v 77.8 6.5822277511 -4.2
v 77.8 6.74804536345 -4.25195463655
v 77.8 6.8 -4.26823327077
v 77.6742552427 6.8 -4.32574475729
v 77.8837912805 6.8 -4.2
v 57.8 6.99351165353 -4.2
v 58.8 7.40576672833 -4.2
v 58.1862916681 7.18629166806 -4.2
v 59.7512951766 7.75129517659 -4.24870482341
v 59.8 7.742717995 -4.257282005
v 59.8 7.8 -4.24396946748
v 59.763978947 7.8 -4.236021053
v 59.5487886051 7.8 -4.2
v 60.5960208629 7.59602086287 -4.40397913713
v 60.8 7.56926780685 -4.43073219315
v 60.8 7.8 -4.39373526713
v 60.6375514546 7.8 -4.3624485454
v 61.4755049056 7.47550490559 -4.52449509441
v 61.8 7.44487436639 -4.55512563361
v 61.8 7.8 -4.52393525612
v 61.5221051692 7.8 -4.47789483085
v 62.3854499948 7.38544999475 -4.61455000525
v 62.8 7.35892321689 -4.64107678311
v 62.8 7.8 -4.63452998606
v 62.418774171 7.8 -4.58122582899
v 63.3220843905 7.32208439051 -4.67791560949
v 63.8 7.30363548912 -4.69636451088
v 63.8 7.8 -4.72546337391
v 63.3287169252 7.8 -4.67128307482
v 64.2928138441 7.29281384415 -4.70718615585
v 64.8 7.26833795424 -4.73166204576
v 64.8 7.8 -4.76774599594
v 64.2637560566 7.8 -4.73624394342
v 65.260761158 7.26076115799 -4.73923884201
v 65.8 7.23766076455 -4.76233923545
v 65.8 7.8 -4.80690784322
v 65.224794549 7.8 -4.77520545105
v 66.2311216265 7.23112162649 -4.76887837351
v 66.8 7.20768728129 -4.79231271871
v 66.8 7.8 -4.84566017464
v 66.186760933 7.8 -4.81323906695
v 67.2020493684 7.20204936844 -4.79795063156
v 67.8 7.17833144061 -4.82166855939
v 67.8 7.8 -4.88405491894
v 67.1490049594 7.8 -4.85099504062
v 68.1734791608 7.17347916078 -4.82652083922
v 68.8 7.14952038659 -4.85047961341
v 68.8 7.8 -4.9221369033
v 68.111492022 7.8 -4.88850797803
v 69.1453552238 7.14535522381 -4.85464477619
v 69.8 7.12075727426 -4.87924272574
v 69.8 7.8 -4.96051437197
v 69.0741919103 7.8 -4.9258080897
v 70.1230850185 7.12308501846 -4.87691498154
v 70.8 7.1154158357 -4.8845841643
v 70.8 7.8 -4.96787474744
v 70.0414332196 7.8 -4.9585667804
v 71.1192354885 7.11923548848 -4.88076451152
v 71.8 7.11666230298 -4.88333769702
v 71.8 7.8 -4.96828910658
v 71.035282922 7.8 -4.96471707801
v 72.1204913975 7.12049139751 -4.87950860249
v 72.8 7.11798488537 -4.88201511463
v 72.8 7.8 -4.96845810451
v 72.0348658168 7.8 -4.96513418318
v 73.1218187419 7.12181874188 -4.87818125812
v 73.8 7.11937591365 -4.88062408635
v 73.8 7.8 -4.96840731952
v 73.0346921768 7.8 -4.96530782324
v 74.1232106574 7.12321065737 -4.87678934263
v 74.8 7.12082872481 -4.87917127519
v 74.8 7.8 -4.96815903542
v 74.0347369246 7.8 -4.96526307537
v 75.124661144 7.12466114402 -4.87533885598
v 75.8 7.12233750183 -4.87766249817
v 75.8 7.8 -4.96773274098
v 75.0349781633 7.8 -4.96502183667
v 76.1590055793 7.15900557934 -4.84099442066
v 76.8 7.2203107302 -4.7796892698
v 76.8 7.8 -4.85428856826
v 76.0626606033 7.8 -4.93733939668
v 77.5125723031 7.51257230312 -4.48742769688
v 77.8 7.62962077277 -4.37037922723
v 77.8 7.8 -4.39135694343
v 77.4437009657 7.8 -4.55629903431
v 78.0333937224 7.8 -4.2
v 77.8979286268 6.89792862682 -4.2
v 59.8 7.88916171908 -4.2
v 60.8 8.25812098386 -4.2
v 59.9669940727 7.96699407267 -4.2
v 61.8 8.71985415615 -4.2
v 61.6775440358 8.67754403582 -4.2
v 62.6211736462 8.62117364621 -4.37882635379
v 62.8 8.58640046177 -4.41359953823
v 62.8 8.8 -4.35554887194
v 62.6733500889 8.8 -4.32664991112
v 61.9608667762 8.8 -4.2
v 63.4535815584 8.45358155845 -4.54641844155
v 63.8 8.40297679283 -4.59702320717
v 63.8 8.8 -4.51399077366
v 63.5355922614 8.8 -4.4644077386
v 64.3751652433 8.3751652433 -4.6248347567
v 64.8 8.34376939466 -4.65623060534
v 64.8 8.8 -4.56349519136
v 64.4607415579 8.8 -4.53925844206
v 65.3159281299 8.31592812989 -4.68407187011
v 65.8 8.28313711135 -4.71686288865
v 65.8 8.8 -4.621448892
v 65.4102666331 8.8 -4.58973336685
v 66.2605545598 8.26055455984 -4.73944544016
v 66.8 8.22624721202 -4.77375278798
v 66.8 8.8 -4.67795579906
v 66.3563089197 8.8 -4.64369108026
v 67.2080070123 8.20800701226 -4.79199298774
v 67.8 8.17255663679 -4.82744336321
v 67.8 8.8 -4.73316328552
v 67.3033006288 8.8 -4.69669937122
v 68.1579230531 8.15792305308 -4.84207694692
v 68.8 8.12162299584 -4.87837700416
v 68.8 8.8 -4.78719977268
v 68.2511627114 8.8 -4.74883728863
v 69.1099999148 8.10999991482 -4.89000008518
v 69.8 8.07246262486 -4.92753737514
v 69.8 8.8 -4.84181378864
v 69.1998241486 8.8 -4.80017585144
v 70.0706313105 8.07063131048 -4.92936868952
v 70.8 8.06058436382 -4.93941563618
v 70.8 8.8 -4.85906457425
v 70.1560607038 8.8 -4.84393929615
v 71.0606039546 8.06060395459 -4.93939604541
v 71.8 8.05677658653 -4.94322341347
v 71.8 8.8 -4.87107507771
v 71.1409582718 8.8 -4.85904172821
v 72.0571038923 8.0571038923 -4.9428961077
v 72.8 8.05356954903 -4.94643045097
v 72.8 8.8 -4.88199010927
v 72.1293034459 8.8 -4.87069655407
v 73.054154802 8.05415480205 -4.94584519795
v 73.8 8.05088253109 -4.94911746891
v 73.8 8.8 -4.89192059931
v 73.1186803762 8.8 -4.88131962377
v 74.0516855456 8.05168554564 -4.94831445436
v 74.8 8.04864842889 -4.95135157111
v 74.8 8.8 -4.90096350319
v 74.108989976 8.8 -4.89101002401
v 75.0496364789 8.0496364789 -4.9503635211
v 75.8 8.0468110224 -4.9531889776
v 75.8 8.8 -4.90920388295
v 75.100144788 8.8 -4.89985521198
v 76.0822243345 8.08222433453 -4.91777566547
v 76.8 8.16837060667 -4.83162939333
v 76.8 8.8 -4.79277667095
v 76.1297574549 8.8 -4.87024254512
v 77.5355691859 8.53556918586 -4.46443081414
v 77.8 8.66678402387 -4.33321597613
v 77.8 8.8 -4.32428029492
v 77.566172253 8.8 -4.43382774701
v 77.9505599753 8.8 -4.2
v 78.0143982385 8.01439823851 -4.2
v 62.8 9.09191678474 -4.2
v 63.8 9.42933968143 -4.2
v 63.2652664804 9.26526648045 -4.2
v 64.8 9.56559572284 -4.2
v 64.5443458202 9.54434582019 -4.2
v 65.8 9.73888698287 -4.2
v 65.7321489307 9.73214893071 -4.2
v 66.7180282753 9.7180282753 -4.2819717247
v 66.8 9.70702949115 -4.29297050885
v 66.8 9.8 -4.25364866839
v 66.7520060426 9.8 -4.24799395745
v 66.1468431203 9.8 -4.2
v 67.6038624996 9.60386249962 -4.39613750038
v 67.8 9.5798103281 -4.4201896719
v 67.8 9.8 -4.33214501399
v 67.6810988028 9.8 -4.3189011972
v 68.4991194089 9.49911940887 -4.50088059113
v 68.8 9.46522812962 -4.53477187038
v 68.8 9.8 -4.40823306719
v 68.6116353421 9.8 -4.38836465792
v 69.4007178307 9.40071783072 -4.59928216928
v 69.8 9.35759561283 -4.64240438717
v 69.8 9.8 -4.48472617384
v 69.5421905658 9.8 -4.4578094342
v 70.3318894802 9.33188948015 -4.66811051985
v 70.8 9.31527177441 -4.68472822559
v 70.8 9.8 -4.52092180892
v 70.4936967319 9.8 -4.50630326812
v 71.2957107411 9.29571074109 -4.70428925891
v 71.8 9.28221196068 -4.71778803932
v 71.8 9.8 -4.55340392047
v 71.4617886409 9.8 -4.53821135909
v 72.2663993011 9.26639930105 -4.73360069895
v 72.8 9.25358373369 -4.74641626631
v 72.8 9.8 -4.58332122843
v 72.4319721423 9.8 -4.56802785773
v 73.2407262173 9.24072621733 -4.75927378267
v 73.8 9.22861943879 -4.77138056121
v 73.8 9.8 -4.61093018734
v 73.4043110978 9.8 -4.5956889022
v 74.2181176686 9.21811766864 -4.78188233136
v 74.8 9.20671793094 -4.79328206906
v 74.8 9.8 -4.63645524251
v 74.378617837 9.8 -4.62138216304
v 75.1981128502 9.19811285015 -4.80188714985
v 75.8 9.18740185463 -4.81259814537
v 75.8 9.8 -4.66009356351
v 75.3547240336 9.8 -4.64527596645
v 76.2609457133 9.26094571327 -4.73905428673
v 76.8 9.34420684008 -4.65579315992
v 76.8 9.8 -4.54106445247
v 76.4134118401 9.8 -4.58658815993
v 77.8 9.28306031853 -4.2
v 77.5194524775 9.8 -4.2
v 77.6167517786 9.61675177858 -4.2
v 77.9141972003 8.91419720032 -4.2
v 66.8 9.87897811147 -4.2
v 67.8 10.003346954 -4.2
v 66.8968446919 9.89684469195 -4.2
v 68.8 10.1347822822 -4.2
v 68.0482276488 10.0482276488 -4.2
v 69.8 10.2787127343 -4.2
v 69.2101308888 10.2101308888 -4.2
v 70.8 10.3665964328 -4.2
v 70.3409827618 10.3409827618 -4.2
v 71.8 10.4579108923 -4.2
v 71.4400853685 10.4400853685 -4.2
v 72.8 10.5516150476 -4.2
v 72.5395866067 10.5395866067 -4.2
v 73.8 10.647792113 -4.2
v 73.6409580954 10.6409580954 -4.2
v 74.8 10.7465312229 -4.2
v 74.7443117279 10.7443117279 -4.2
v 75.7645880416 10.7645880416 -4.23541195841
v 75.8 10.7624872887 -4.23751271129
v 75.8 10.8 -4.22105452252
v 75.7801977721 10.8 -4.21980222791
v 75.343734087 10.8 -4.2
v 76.8 10.5717917503 -4.2
v 75.9729720844 10.8 -4.2
v 76.6205630407 10.6205630407 -4.2
v 77.1701033465 10.1701033465 -4.2
v 75.8 10.8335275002 -4.2
v 75.8279718707 10.8279718707 -4.2
v 45.7681530157 2.76815301569 -3.23184698431
v 45.8 2.69624028362 -3.2
v 45.8 2.76374925932 -3.23625074068
v 45.8 2.8 -3.2553830637
v 45.7524369149 2.8 -3.24756308511
v 45.242504393 2.8 -3.2
v 45.7186142212 2.71861422117 -3.2
v 46.7103542312 2.71035423116 -3.28964576884
v 46.8 2.50432022075 -3.2
v 46.8 2.69819812642 -3.30180187358
v 46.8 2.8 -3.35434874062
v 46.6669322107 2.8 -3.33306778933
v 46.5674070059 2.56740700592 -3.2
v 47.6499339025 2.64993390246 -3.35006609754
v 47.8 2.298692555 -3.2
v 47.8 2.62996168224 -3.37003831776
v 47.8 2.8 -3.45584752105
v 47.5786149307 2.8 -3.42138506927
v 47.4046017856 2.40460178562 -3.2
v 48.5867099119 2.58670991191 -3.41329008809
v 48.8 2.07798538792 -3.2
v 48.8 2.55882585196 -3.44117414804
v 48.8 2.8 -3.56011439983
v 48.4872975071 2.8 -3.51270249286
v 48.2291355169 2.22913551685 -3.2
v 49.5204794308 2.52047943076 -3.47952056924
v 49.8 1.84060967433 -3.2
v 49.8 2.48455434034 -3.51544565966
v 49.8 2.8 -3.66739731401
v 49.3927765848 2.8 -3.60722341518
v 49.0397794819 2.0397794819 -3.2
v 50.4921530844 2.49215308441 -3.50784691559
v 50.8 1.95115574513 -3.2
v 50.8 2.50236626334 -3.49763373666
v 50.8 2.8 -3.6619159593
v 50.3414096724 2.8 -3.65859032762
v 49.8420124507 1.84201245074 -3.2
v 51.5274314759 2.52743147594 -3.47256852406
v 51.8 2.1503668201 -3.2
v 51.8 2.54578463654 -3.45421536346
v 51.8 2.8 -3.62113443298
v 51.3684843962 2.8 -3.63151560375
v 50.9676287853 1.96762878534 -3.2
v 52.5838241981 2.58382419807 -3.41617580193
v 52.8 2.33826562396 -3.2
v 52.8 2.60128194686 -3.39871805314
v 52.8 2.8 -3.55197639724
v 52.4294728216 2.8 -3.57052717844
v 52.1999701486 2.1999701486 -3.2
v 53.6544932294 2.65449322945 -3.34550677055
v 53.8 2.51819746212 -3.2
v 53.8 2.66815283091 -3.33184716909
v 53.8 2.8 -3.45015342827
v 53.528361051 2.8 -3.47163894902
v 53.4293250737 2.42932507374 -3.2
v 54.7392564081 2.73925640812 -3.26074359188
v 54.8 2.69231447885 -3.2
v 54.8 2.74573829499 -3.25426170501
v 54.8 2.8 -3.31050578138
v 54.6756097561 2.8 -3.32439024388
v 54.6568341377 2.65683413765 -3.2
v 55.4107904408 2.8 -3.2
v 42.765593549 3.765593549 -3.234406451
v 42.8 3.62856961547 -3.2
v 42.8 3.76563674552 -3.23436325448
v 42.8 3.8 -3.24323875934
v 42.7596225491 3.8 -3.24037745093
v 41.915139298 3.8 -3.2
v 42.6112823587 3.61128235866 -3.2
v 43.7153135332 3.71531353317 -3.28468646683
v 43.8 3.33031521961 -3.2
v 43.8 3.7042247666 -3.2957752334
v 43.8 3.8 -3.31972148768
v 43.6948555805 3.8 -3.30514441949
v 43.4502264034 3.45022640341 -3.2
v 44.6582938149 3.65829381493 -3.34170618507
v 44.8 2.97117739379 -3.2
v 44.8 3.63898096493 -3.36101903507
v 44.8 3.8 -3.39889700601
v 44.6250851183 3.8 -3.37491488166
v 44.2200730907 3.22007309065 -3.2
v 45.5976356423 3.59763564233 -3.40236435767
v 45.8 3.57049720061 -3.42950279939
v 45.8 3.8 -3.4800699512
v 45.5528962298 3.8 -3.4471037702
v 44.9351244888 2.93512448875 -3.2
v 46.533665326 3.53366532604 -3.46633467396
v 46.8 3.49848409533 -3.50151590467
v 46.8 3.8 -3.56340535632
v 46.4783704561 3.8 -3.52162954391
v 47.4661036639 3.46610366389 -3.53389633611
v 47.8 3.422615835 -3.577384165
v 47.8 3.8 -3.64907744706
v 47.40136103 3.8 -3.59863897
v 48.3946342451 3.39463424511 -3.60536575489
v 48.8 3.34252436792 -3.65747563208
v 48.8 3.8 -3.73727124178
v 48.3217087457 3.8 -3.6782912543
v 49.3188976396 3.31889763963 -3.68110236037
v 49.8 3.25779244071 -3.74220755929
v 49.8 3.8 -3.8281842654
v 49.239240547 3.8 -3.76075945304
v 50.240182044 3.24018204398 -3.75981795602
v 50.8 3.23688584106 -3.76311415894
v 50.8 3.8 -3.89879662978
v 50.1553451616 3.8 -3.84465483845
v 51.2275380328 3.22753803282 -3.77246196718
v 51.8 3.23795762803 -3.76204237197
v 51.8 3.8 -3.94889538267
v 51.0932468575 3.8 -3.90675314249
v 52.2363301887 3.2363301887 -3.7636698113
v 52.8 3.25619701642 -3.74380298358
v 52.8 3.8 -3.97919078152
v 52.0498628412 3.8 -3.95013715882
v 53.2625708573 3.26257085734 -3.73742914266
v 53.8 3.29036966995 -3.70963033005
v 53.8 3.8 -3.98659605781
v 53.0252565823 3.8 -3.97474341766
v 54.3059045728 3.30590457278 -3.69409542722
v 54.8 3.33934543485 -3.66065456515
v 54.8 3.8 -3.96738553808
v 54.0240215385 3.8 -3.97597846147
v 55.3660012343 3.36600123428 -3.63399876572
v 55.8 2.89358165226 -3.2
v 55.8 3.40208740933 -3.59791259067
v 55.8 3.8 -3.91702209255
v 55.0524175101 3.8 -3.94758248994
v 56.4425554916 3.4425554916 -3.5574445084
v 56.8 3.1315017341 -3.2
v 56.8 3.4776423583 -3.5223576417
v 56.8 3.8 -3.82992557591
v 56.1192034047 3.8 -3.8807965953
v 55.9092559499 2.90925594986 -3.2
v 57.5391286413 3.53912864135 -3.46087135865
v 57.8 3.35607840629 -3.2
v 57.8 3.56892618109 -3.43107381891
v 57.8 3.8 -3.68862658173
v 57.2419107371 3.8 -3.75808926294
v 57.200612368 3.20061236801 -3.2
v 58.6489056511 3.64890565115 -3.35109434885
v 58.8 3.55632218239 -3.2
v 58.8 3.66535816168 -3.33464183832
v 58.8 3.8 -3.50416084944
v 58.4385987197 3.8 -3.56140128034
v 58.4789710489 3.47897104887 -3.2
v 59.7610249944 3.7610249944 -3.2389750056
v 59.8 3.73995251018 -3.2
v 59.8 3.76526404729 -3.23473595271
v 59.8 3.8 -3.28325321681
v 59.6977174633 3.8 -3.30228253674
v 59.7225261384 3.72252613844 -3.2
v 60.1333937302 3.8 -3.2
v 42.7840606318 4.78406063181 -3.21593936819
v 42.8 4.7829002451 -3.2170997549
v 42.8 4.8 -3.21673924707
v 42.7852793654 4.8 -3.21472063461
v 42.6536081031 4.8 -3.2
v 42.0526250512 4.05262505123 -3.2
v 43.7343022252 4.73430222516 -3.26569777484
v 43.8 4.72473400095 -3.27526599905
v 43.8 4.8 -3.27140070807
v 43.7356201977 4.8 -3.26437980231
v 44.6758649661 4.67586496613 -3.32413503387
v 44.8 4.65764389503 -3.34235610497
v 44.8 4.8 -3.3325275499
v 44.6819194665 4.8 -3.3180805335
v 45.6133032484 4.61330324841 -3.38669675159
v 45.8 4.58610649204 -3.41389350796
v 45.8 4.8 -3.39525454736
v 45.6255705442 4.8 -3.37442945576
v 46.5463372208 4.54633722076 -3.45366277924
v 46.8 4.50961045047 -3.49038954953
v 46.8 4.8 -3.45969425512
v 46.5674163841 4.8 -3.43258361591
v 47.4744758091 4.47447580908 -3.52552419092
v 47.8 4.42755889697 -3.57244110303
v 47.8 4.8 -3.52596713288
v 47.5073533545 4.8 -3.49264664551
v 48.3971443698 4.39714436978 -3.60285563022
v 48.8 4.33925132351 -3.66074867649
v 48.8 4.8 -3.59420259232
v 48.4452682732 4.8 -3.55473172684
v 49.309475011 4.30947501105 -3.69052498895
v 49.8 4.2397231436 -3.7602768564
v 49.8 4.8 -3.67982636977
v 49.376947799 4.8 -3.62305220097
v 50.1855698737 4.18556987374 -3.81443012626
v 50.8 4.1291744164 -3.8708255836
v 50.8 4.8 -3.81831928778
v 50.264323558 4.8 -3.735676442
v 51.0956109151 4.09561091508 -3.90438908492
v 51.8 4.05325067605 -3.94674932395
v 51.8 4.8 -3.94624212567
v 51.1455210412 4.8 -3.8544789588
v 52.0329274732 4.03292747321 -3.96707252679
v 52.8 4.00530411388 -3.99469588612
v 52.8 4.8 -4.0619377593
v 52.0334066912 4.8 -3.96659330878
v 52.9932556558 3.9932556558 -4.0067443442
v 53.8 3.98268979271 -4.01731020729
v 53.8 4.8 -4.1634110179
v 52.9293177911 4.8 -4.07068220888
v 53.9758844181 3.97588441808 -4.02411558192
v 54.8 3.98306652084 -4.01693347916
v 53.8349929911 4.8 -4.16500700885
v 54.9801514408 3.98015144078 -4.01984855922
v 55.8 4.00435417922 -3.99564582078
v 56.005440708 4.00544070803 -3.99455929197
v 56.8 4.04469804156 -3.95530195844
v 57.05475615 4.05475614996 -3.94524385004
v 57.8 4.11120493555 -3.88879506445
v 58.132430105 4.13243010499 -3.86756989501
v 58.8 4.19199358291 -3.80800641709
v 59.224183439 4.22418343896 -3.77581656104
v 59.8 4.28031142382 -3.71968857618
v 60.3253208945 4.32532089449 -3.67467910551
v 60.8 3.96732591306 -3.2
v 60.8 4.37473774373 -3.62526225627
v 60.8 4.8 -4.07860053579
v 61.4341444044 4.43414440441 -3.56585559559
v 61.8 4.19821905599 -3.2
v 61.8 4.47418140659 -3.52581859341
v 61.8 4.8 -3.91785555548
v 60.9505346738 4.8 -4.04946532618
v 61.0049125792 4.00491257921 -3.2
v 62.5492831927 4.54928319275 -3.45071680725
v 62.8 4.40935442881 -3.2
v 62.8 4.57779116266 -3.42220883734
v 62.8 4.8 -3.72043567998
v 62.1621107175 4.8 -3.83788928248
v 62.2886877432 4.28868774323 -3.2
v 63.6696248594 4.66962485938 -3.33037514062
v 63.8 4.60603186854 -3.2
v 63.8 4.68489366192 -3.31510633808
v 63.8 4.8 -3.48577010195
v 63.437150383 4.8 -3.562849617
v 63.5482696479 4.54826964786 -3.2
v 64.7206798794 4.72067987939 -3.27932012061
v 64.8 4.67200434007 -3.2
v 64.8 4.72167268882 -3.27832731118
v 64.8 4.8 -3.40145110791
v 64.5905140436 4.8 -3.40948595637
v 64.662526995 4.66252699504 -3.2
v 65.7053052392 4.70530523918 -3.29469476082
v 65.8 4.63456559917 -3.2
v 65.8 4.69957977385 -3.30042022615
v 65.8 4.8 -3.45505838427
v 65.5630671309 4.8 -3.43693286908
v 65.6469812017 4.64698120174 -3.2
v 66.6841985771 4.6841985771 -3.3158014229
v 66.8 4.59654082976 -3.2
v 66.8 4.6774575137 -3.3225424863
v 66.8 4.8 -3.50759581512
v 66.5134203104 4.8 -3.48657968962
v 66.6113149844 4.61131498439 -3.2
v 67.6629961856 4.66299618561 -3.33700381439
v 67.8 4.55795761301 -3.2
v 67.8 4.65530822765 -3.34469177235
v 67.8 4.8 -3.55916988605
v 67.4644556506 4.8 -3.53554434942
v 67.5749792799 4.57497927987 -3.2
v 68.6417064496 4.64170644963 -3.35829355037
v 68.8 4.51884178982 -3.2
v 68.8 4.63313395885 -3.36686604115
v 68.8 4.8 -3.60987359294
v 68.4161155322 4.8 -3.58388446784
v 68.5380075879 4.53800758793 -3.2
v 69.6197093765 4.6197093765 -3.3802906235
v 69.8 4.47082131222 -3.2
v 69.8 4.60732275226 -3.39267724774
v 69.8 4.8 -3.66464889716
v 69.367305149 4.8 -3.632694851
v 69.4995383279 4.49953832793 -3.2
v 70.5914710404 4.59147104038 -3.40852895962
v 70.8 4.42425629444 -3.2
v 70.8 4.58297467336 -3.41702532664
v 70.8 4.8 -3.71382287727
v 70.3106856403 4.8 -3.68931435971
v 70.4486272101 4.44862721009 -3.2
v 71.5706556244 4.57065562445 -3.42934437555
v 71.8 4.37642788901 -3.2
v 71.8 4.56009672184 -3.43990327816
v 71.8 4.8 -3.75331893981
v 71.2684482365 4.8 -3.73155176352
v 71.407444852 4.40744485199 -3.2
v 72.5491958114 4.54919581139 -3.45080418861
v 72.8 4.32902842396 -3.2
v 72.8 4.53831265556 -3.46168734444
v 72.8 4.8 -3.78897418702
v 72.2321776837 4.8 -3.76782231635
v 72.361990535 4.36199053495 -3.2
v 73.5286786491 4.52867864911 -3.47132135089
v 73.8 4.28208495485 -3.2
v 73.8 4.51756875888 -3.48243124112
v 73.8 4.8 -3.82125878495
v 73.1991484806 4.8 -3.80085151939
v 73.3167328464 4.31673284639 -3.2
v 74.5090674594 4.50906745944 -3.49093254056
v 74.8 4.23562103296 -3.2
v 74.8 4.49781313449 -3.50218686551
v 74.8 4.8 -3.85057188749
v 74.1690093749 4.8 -3.83099062509
v 74.2717139165 4.2717139165 -3.2
v 75.4903253778 4.49032537777 -3.50967462223
v 75.8 4.18965705811 -3.2
v 75.8 4.47899589563 -3.52100410437
v 75.8 4.8 -3.87725424386
v 75.1414545842 4.8 -3.85854541584
v 75.2269715126 4.22697151265 -3.2
v 76.5303906049 4.53039060487 -3.46960939513
v 76.8 4.31310647324 -3.2
v 76.8 4.54631721025 -3.45368278975
v 76.8 4.8 -3.7296347405
v 76.1790134334 4.8 -3.82098656657
v 76.2498417972 4.24984179721 -3.2
v 77.5630008108 4.8 -3.2
v 42.8 4.85261780255 -3.2
v 43.8 5.0024340329 -3.2
v 42.8590859256 4.85908592556 -3.2
v 44.8 5.15490984518 -3.2
v 44.0400944168 5.04009441679 -3.2
v 45.8 5.29454504438 -3.2
v 45.2143382894 5.21433828936 -3.2
v 46.8 5.4227987039 -3.2
v 46.3693015732 5.3693015732 -3.2
v 47.8 5.54090422691 -3.2
v 47.5079978237 5.50799782369 -3.2
v 48.8 5.649912572 -3.2
v 48.6328187594 5.63281875942 -3.2
v 49.780000607 5.780000607 -3.219999393
v 49.8 5.77497004414 -3.22502995586
v 49.8 5.8 -3.21344212728
v 49.7885908532 5.8 -3.21140914682
v 49.6491890935 5.8 -3.2
v 50.5199249645 5.51992496448 -3.48007503552
v 50.8 5.44671202587 -3.55328797413
v 50.8 5.8 -3.40998099606
v 50.628862141 5.8 -3.37113785905
v 51.2971098401 5.29710984012 -3.70289015988
v 51.8 5.18901739597 -3.81098260403
v 51.8 5.8 -3.60157748715
v 51.4701495689 5.8 -3.52985043112
v 52.1105636568 5.11056365682 -3.88943634318
v 52.8 4.99157788601 -4.00842211399
v 52.8 5.8 -3.7873662749
v 52.3132107967 5.8 -3.68678920335
v 52.958516543 4.95851654303 -4.04148345697
v 53.8 4.84595552606 -4.15404447394
v 53.8 5.8 -3.96630273841
v 53.1583332283 5.8 -3.84166677166
v 53.8393385786 4.83933857855 -4.16066142145
v 54.8 5.8 -4.13711539778
v 54.0058816607 5.8 -3.99411833928
v 54.8563269494 5.8 -4.14367305062
v 60.8 4.87660058745 -4.12339941255
v 60.8813952595 4.88139525949 -4.11860474051
v 61.8 4.96424525408 -4.03575474592
v 61.9770861905 4.97708619051 -4.02291380949
v 62.8 5.05888181371 -3.94111818629
v 63.0824957053 5.08249570528 -3.91750429472
v 63.8 5.15913612532 -3.84086387468
v 64.1718285359 5.17182853593 -3.82817146407
v 64.8 5.18339624407 -3.81660375593
v 65.1830326825 5.18303268247 -3.81696731753
v 65.8 5.16021029425 -3.83978970575
v 66.1598939824 5.15989398238 -3.84010601762
v 66.8 5.13704399005 -3.86295600995
v 67.1367698754 5.13676987543 -3.86323012457
v 67.8 5.11389604349 -3.88610395651
v 68.1136596013 5.11365960133 -3.88634039867
v 68.8 5.09076526019 -3.90923473981
v 69.0905624306 5.09056243062 -3.90943756938
v 69.8 5.06466177086 -3.93533822914
v 70.0645967644 5.06459676443 -3.93540323557
v 70.8 5.04596183216 -3.95403816784
v 71.0465984843 5.04659848428 -3.95340151572
v 71.8 5.03066649522 -3.96933350478
v 72.0314203345 5.03142033445 -3.96857966555
v 72.8 5.01635032028 -3.98364967972
v 73.0171913215 5.01719132152 -3.98280867848
v 73.8 5.00294480596 -3.99705519404
v 74.0038481577 5.00384815773 -3.99615184227
v 74.8 4.99038668966 -4.00961331034
v 74.991331958 4.99133195802 -4.00866804198
v 75.8 4.97861758893 -4.02138241107
v 75.9965320812 4.99653208123 -4.00346791877
v 76.8 5.06249287028 -3.93750712972
v 77.2318791983 5.23187919829 -3.76812080171
v 77.8 5.01003532907 -3.2
v 77.8 5.45302437764 -3.54697562236
v 77.8 5.8 -3.81874776414
v 78.2918228791 5.8 -3.2
v 49.8 5.81711228941 -3.2
v 50.8 6.08268313929 -3.2
v 49.825346657 5.82534665704 -3.2
v 51.8 6.37709530923 -3.2
v 51.22425803 6.22425803001 -3.2
v 52.8 6.71199481869 -3.2
v 52.6799754355 6.67997543553 -3.2
v 53.5042953276 6.50429532756 -3.49570467244
v 53.8 6.36534695684 -3.63465304316
v 53.8 6.8 -3.38120775797
v 53.6582352013 6.8 -3.34176479869
v 53.046509884 6.8 -3.2
v 54.1695953446 6.16959534459 -3.83040465541
v 54.8 5.93175528274 -4.06824471726
v 54.8 6.8 -3.61823356315
v 54.4706975095 6.8 -3.52930249045
v 54.8919928119 5.89199281194 -4.10800718806
v 55.8 6.8 -3.85353644176
v 55.2815120546 6.8 -3.71848794545
v 56.8 6.8 -4.09425907505
v 56.0890492494 6.8 -3.91095075057
v 56.8895139335 6.8 -4.11048606647
v 77.8 6.0563224829 -3.9436775171
v 78.1979379851 6.8 -3.80206201493
v 78.6732276156 6.8 -3.2
v 78.5939445611 6.59394456107 -3.2
v 53.8 6.98486061947 -3.2
v 54.8 7.24614036995 -3.2
v 54.0663692485 7.06636924853 -3.2
v 55.8 7.53484808167 -3.2
v 55.4491594031 7.44915940314 -3.2
v 56.6026879044 7.6026879044 -3.3973120956
v 56.8 7.3419466255 -3.6580533745
v 56.8 7.8 -3.29084401953
v 56.7350548772 7.8 -3.26494512281
v 56.5346684368 7.8 -3.2
v 56.9995597663 6.99955976634 -4.00044023366
v 57.8 7.8 -3.65239431815
v 57.4783376565 7.8 -3.52166234345
v 58.8 7.8 -3.98112278489
v 58.2236526024 7.8 -3.77634739757
v 58.975556049 7.8 -4.02444395104
v 78.8 7.67814539428 -3.2
v 78.8 7.78116150264 -3.21883849736
v 78.8 7.8 -3.2222834827
v 78.8121724437 7.8 -3.2
v 56.8 7.87344304613 -3.2
v 57.8 8.20445184623 -3.2
v 56.9251894165 7.92518941652 -3.2
v 58.8 8.58190626526 -3.2
v 58.4852514582 8.4852514582 -3.2
v 59.3358086875 8.33580868747 -3.66419131253
v 59.8 8.8 -3.4017758445
v 59.6637293907 8.8 -3.33627060934
v 59.3346672655 8.8 -3.2
v 60.8 8.8 -3.79216855673
v 60.3851360566 8.8 -3.6148639434
v 61.8 8.8 -4.14969122821
v 61.1098817137 8.8 -3.89011828633
v 61.8396214585 8.8 -4.16037854145
v 78.5664295059 8.56642950593 -3.43357049407
v 78.8 7.99720291847 -3.2
v 78.4806276561 8.8 -3.5193723439
v 78.7293524267 8.8 -3.2
v 78.7346618285 8.73466182851 -3.2
v 78.8114139416 7.81141394161 -3.2
v 59.8 8.9533110002 -3.2
v 60.8 9.2948628305 -3.2
v 60.0588627795 9.05886277945 -3.2
v 61.8 9.68264173223 -3.2
v 61.6306094914 9.63060949145 -3.2
v 61.9410436201 8.94104362012 -4.05895637988
v 62.8 9.8 -3.52492336865
v 62.5838448391 9.8 -3.41615516092
v 62.0918575397 9.8 -3.2
v 63.8 9.8 -3.87241916101
v 63.3069464524 9.8 -3.69305354763
v 64.8 9.8 -4.00402970573
v 64.0947597005 9.8 -3.90524029953
v 65.8 9.8 -4.15209049995
v 64.9746857218 9.8 -4.0253142782
v 65.8431121854 9.8 -4.15688781457
v 77.8 9.8 -3.99311628371
v 78.0790067434 9.07900674344 -3.92099325656
v 78.4135368498 9.8 -3.2
v 78.5048981314 9.50489813137 -3.2
v 62.8 10.032391714 -3.2
v 63.8 10.2808438478 -3.2
v 63.1142958813 10.1142958813 -3.2
v 64.8 10.4138633573 -3.2
v 64.3769706766 10.3769706766 -3.2
v 65.8 10.5669633343 -3.2
v 65.540801887 10.540801887 -3.2
v 66.8 10.7279114765 -3.2
v 66.8 10.3220122058 -3.67798779421
v 66.7201588499 10.7201588499 -3.2
v 67.8 10.8 -3.30900863107
v 67.7108806005 10.8 -3.28911939946
v 67.2452247059 10.8 -3.2
v 68.8 10.8 -3.49328193918
v 68.5571129122 10.8 -3.44288708778
v 69.8 10.8 -3.67612507731
v 69.4031917613 10.8 -3.59680823873
v 70.8 10.8 -3.79088142061
v 70.2705067527 10.8 -3.72949324732
v 71.8 10.8 -3.8983230853
v 71.1701511282 10.8 -3.82984887177
v 72.8 10.8 -3.99495959706
v 72.0758260036 10.8 -3.92417399643
v 73.8 10.8 -4.08216919481
v 72.9892325584 10.8 -4.01076744163
v 74.8 10.8 -4.16111669888
v 73.909658668 10.8 -4.09034133202
v 74.8364581208 10.8 -4.16354187918
v 76.8 10.8 -4.04312519773
v 77.8 10.4807082377 -3.51929176225
v 77.8 10.8 -3.29704049796
v 77.4178233534 10.8 -3.58217664658
v 77.8745690016 10.8 -3.2
v 78.197068872 10.197068872 -3.2
v 67.8 10.8705570882 -3.2
v 68.8 10.9987468788 -3.2
v 67.886421185 10.886421185 -3.2
v 69.8 11.1382255626 -3.2
v 69.0438056296 11.0438056296 -3.2
v 70.8 11.2471005581 -3.2
v 70.1950639535 11.1950639535 -3.2
v 71.8 11.3633392924 -3.2
v 71.3226762848 11.3226762848 -3.2
v 72.8 11.4822821438 -3.2
v 72.4543788714 11.4543788714 -3.2
v 73.8 11.6039704787 -3.2
v 73.5877434861 11.5877434861 -3.2
v 74.8 11.7284497968 -3.2
v 74.7228716113 11.7228716113 -3.2
v 75.2173508495 11.2173508495 -3.78264915054
v 75.8 11.8 -3.2545654205
v 75.7518843343 11.8 -3.24811566574
v 75.3770697861 11.8 -3.2
v 75.9896854504 10.9896854504 -4.01031454957
v 76.8 11.6574561432 -3.2
v 76.0802921683 11.8 -3.2
v 76.6805638931 11.6805638931 -3.2
v 77.8 10.8978287086 -3.2
v 77.2851045936 11.2851045936 -3.2
v 77.8421557628 10.8421557628 -3.2
v 75.8 11.8429370941 -3.2
v 75.8370352183 11.8370352183 -3.2
v 31.7491030571 1.74910305706 -2.25089694294
v 31.8 1.32022180808 -2.2
v 31.8 1.74410049906 -2.25589950094
v 31.8 1.8 -2.26405625534
v 31.7447491016 1.8 -2.25525089836
v 31.0661596186 1.8 -2.2
v 31.4293139 1.42931390001 -2.2
v 32.6899147756 1.68991477556 -2.31008522444
v 32.8 1.04398974975 -2.2
v 32.8 1.68065689465 -2.31934310535
v 32.8 1.8 -2.34342630246
v 32.6748990376 1.8 -2.32510096237
v 32.1416668604 1.14166686043 -2.2
v 33.6399523258 1.63995232579 -2.36004767421
v 33.8 0.93083052329 -2.2
v 33.8 1.62856730371 -2.37143269629
v 33.8 1.8 -2.41606785086
v 33.6094324982 1.8 -2.39056750179
v 32.9866811962 0.986681196232 -2.2
v 34.5989182947 1.59891829466 -2.40108170534
v 34.8 0.892868148175 -2.2
v 34.8 1.58699989543 -2.41300010457
v 34.8 1.8 -2.48155603607
v 34.5489029773 1.8 -2.4510970227
v 33.9101122216 0.910112221632 -2.2
v 35.5665123361 1.56651233612 -2.43348766388
v 35.8 0.895750581614 -2.2
v 35.8 1.55521317785 -2.44478682215
v 35.8 1.8 -2.53940678736
v 35.4939268256 1.8 -2.50607317441
v 34.8833772122 0.883377212174 -2.2
v 36.5509444669 1.55094446685 -2.44905553315
v 36.8 0.99654602499 -2.2
v 36.8 1.552204835 -2.447795165
v 36.8 1.8 -2.56141492282
v 36.4554273131 1.8 -2.54457268689
v 35.8937813108 0.893781310847 -2.2
v 37.5627444709 1.56274447092 -2.43725552908
v 37.8 1.16618577063 -2.2
v 37.8 1.57478890022 -2.42521109978
v 37.8 1.8 -2.55269417473
v 37.4517197937 1.8 -2.54828020629
v 37.0057650796 1.00576507963 -2.2
v 38.599623353 1.59962335298 -2.40037664702
v 38.8 1.33422231888 -2.2
v 38.8 1.61323176214 -2.38676823786
v 38.8 1.8 -2.51510015427
v 38.4803992287 1.8 -2.51960077134
v 38.201258146 1.20125814604 -2.2
v 39.6545361449 1.65453614495 -2.34546385505
v 39.8 1.50117396431 -2.2
v 39.8 1.66691337427 -2.33308662573
v 39.8 1.8 -2.44277817106
v 39.5457107861 1.8 -2.4542892139
v 39.4074455153 1.40744551528 -2.2
v 40.7278241869 1.72782418687 -2.27217581313
v 40.8 1.66735352858 -2.2
v 40.8 1.73520668039 -2.26479331961
v 40.8 1.8 -2.32832343878
v 40.66024262 1.8 -2.33975737996
v 40.6223999743 1.62239997428 -2.2
v 41.5806721773 1.8 -2.2
v 45.7689623267 1.76896232667 -2.23103767333
v 45.8 1.74209122388 -2.2
v 45.8 1.76418027422 -2.23581972578
v 45.8 1.8 -2.29279767802
v 45.7274039577 1.8 -2.27259604231
v 45.3232903808 1.8 -2.2
v 45.7516460641 1.75164606409 -2.2
v 46.7033144635 1.70331446355 -2.29668553645
v 46.8 1.62062368684 -2.2
v 46.8 1.68869445871 -2.31130554129
v 46.8 1.8 -2.48987316491
v 46.5723751059 1.8 -2.42762489407
v 46.6495480243 1.64954802433 -2.2
v 47.6342908477 1.63429084767 -2.36570915233
v 47.8 1.49441738577 -2.2
v 47.8 1.60967157474 -2.39032842526
v 47.8 1.8 -2.69875820797
v 47.4070368393 1.8 -2.5929631607
v 47.5425858497 1.54258584966 -2.2
v 48.5615994671 1.56159946711 -2.43840053289
v 48.8 1.36319658918 -2.2
v 48.8 1.52676106431 -2.47323893569
v 48.8 1.8 -2.92122366548
v 48.2301003408 1.8 -2.76989965918
v 48.4305190253 1.43051902531 -2.2
v 49.4849105381 1.48491053805 -2.51508946195
v 49.8 1.22665764723 -2.2
v 49.8 1.43956994379 -2.56043005621
v 49.8 1.8 -3.15933067989
v 49.0400584626 1.8 -2.95994153744
v 49.3130785186 1.31307851862 -2.2
v 50.4774845549 1.47748455486 -2.52251544514
v 50.8 1.32251097655 -2.2
v 50.8 1.49859338702 -2.50140661298
v 50.8 1.8 -3.03071743472
v 49.8477874979 1.8 -3.15221250207
v 50.2683515125 1.26835151246 -2.2
v 51.6031881195 1.60318811946 -2.39681188054
v 51.8 1.55401729471 -2.2
v 51.8 1.63524712266 -2.36475287734
v 51.8 1.8 -2.70997094049
v 51.064056853 1.8 -2.93594314699
v 51.458324561 1.45832456098 -2.2
v 52.7773061931 1.77730619314 -2.22269380686
v 52.8 1.7736130863 -2.2
v 52.8 1.78132736334 -2.21867263666
v 52.8 1.8 -2.26546767143
v 52.6908582565 1.8 -2.30914174353
v 52.7630158711 1.76301587107 -2.2
v 52.916668155 1.8 -2.2
v 31.8 2.23085090408 -2.2
v 32.7580606533 2.75806065329 -2.24193934671
v 32.8 2.75123824631 -2.24876175369
v 32.8 2.8 -2.24449962751
v 32.7631555455 2.8 -2.2368444545
v 32.4737671717 2.8 -2.2
v 33.6452666164 2.64526661638 -2.35473338362
v 33.8 2.62351583875 -2.37648416125
v 33.8 2.8 -2.37020874398
v 33.6574028824 2.8 -2.34259711761
v 34.5449922284 2.54499222843 -2.45500777157
v 34.8 2.51423983975 -2.48576016025
v 34.8 2.8 -2.49113493791
v 34.5532230855 2.8 -2.44677691455
v 35.4568627509 2.4568627509 -2.5431372491
v 35.8 2.42169318672 -2.57830681328
v 35.8 2.8 -2.60807694108
v 35.4509362065 2.8 -2.54906379353
v 36.3785760616 2.37857606158 -2.62142393842
v 36.8 2.36049632483 -2.63950367517
v 36.8 2.8 -2.70480875988
v 36.3478804505 2.8 -2.65211954947
v 37.3320273198 2.3320273198 -2.6679726802
v 37.8 2.32719690675 -2.67280309325
v 37.8 2.8 -2.7857481961
v 37.2665183508 2.8 -2.73348164921
v 38.3106911323 2.31069113225 -2.68930886775
v 38.8 2.31588116303 -2.68411883697
v 38.8 2.8 -2.84915478981
v 38.1983032224 2.8 -2.80169677757
v 39.3101494842 2.31014948421 -2.68985051579
v 39.8 2.32553926175 -2.67446073825
v 39.8 2.8 -2.89122692872
v 39.1456380348 2.8 -2.8543619652
v 40.3307090183 2.33070901829 -2.66929098171
v 40.8 2.3551617616 -2.6448382384
v 40.8 2.8 -2.90712189967
v 40.1132181651 2.8 -2.88678183489
v 41.3726894695 2.3726894695 -2.6273105305
v 41.8 1.85251960841 -2.2
v 41.8 2.40374180739 -2.59625819261
v 41.8 2.8 -2.89058572322
v 41.1078558119 2.8 -2.89214418814
v 42.4364264476 2.43642644765 -2.56357355235
v 42.8 2.10041161354 -2.2
v 42.8 2.47027723833 -2.52972276167
v 42.8 2.8 -2.83341445617
v 42.1398298769 2.8 -2.8601701231
v 41.8598716643 1.85987166426 -2.2
v 43.4545260082 2.4545260082 -2.5454739918
v 43.8 2.06338306331 -2.2
v 43.8 2.42584218525 -2.57415781475
v 43.8 2.8 -2.95323913978
v 43.1503870492 2.8 -2.8496129508
v 43.0858177453 2.08581774532 -2.2
v 44.3963697152 2.39636971524 -2.60363028476
v 44.8 1.89158494793 -2.2
v 44.8 2.33986902749 -2.66013097251
v 44.8 2.8 -3.12378031578
v 44.0244321292 2.8 -2.97556787077
v 44.0400295344 2.04002953438 -2.2
v 45.3154831797 2.31548317966 -2.68451682034
v 45.8 2.24878464603 -2.75121535397
v 44.8696085888 2.8 -3.13039141121
v 44.8837619537 1.88376195365 -2.2
v 46.2293591811 2.22935918115 -2.77064081885
v 46.8 2.15200507534 -2.84799492466
v 47.1374223273 2.13742232727 -2.86257767273
v 47.8 2.04885863165 -2.95114136835
v 48.0390062736 2.03900627357 -2.96099372643
v 48.8 1.93856822577 -3.06143177423
v 48.9333354827 1.93333548273 -3.06666451727
v 49.8 1.82022930253 -3.17977069747
v 49.8211296959 1.82112969594 -3.17887030406
v 50.8 1.88058567592 -3.11941432408
v 50.8883946628 1.8883946628 -3.1116053372
v 51.8 2.00614906635 -2.99385093365
v 52.0311596467 2.03115964673 -2.96884035327
v 52.8 2.14460870028 -2.85539129972
v 53.1948213129 2.19482131294 -2.80517868706
v 53.8 2.05707773266 -2.2
v 53.8 2.29478144037 -2.70521855963
v 54.3789372482 2.37893724825 -2.62106275175
v 54.8 2.32558455463 -2.2
v 54.8 2.45560634493 -2.54439365507
v 54.1269690703 2.12696907032 -2.2
v 55.5831094271 2.58310942711 -2.41689057289
v 55.8 2.57394100692 -2.2
v 55.8 2.62612904678 -2.37387095322
v 55.8 2.8 -2.98268119173
v 55.4775492836 2.47754928355 -2.2
v 56.7681025299 2.8 -2.2
v 32.8 2.9151752534 -2.2
v 33.8 3.29822202344 -2.2
v 33.0175533472 3.01755334719 -2.2
v 34.8 3.78755729259 -2.2
v 34.7802727115 3.78027271149 -2.2
v 35.6193408618 3.61934086183 -2.38065913817
v 35.8 3.5791383462 -2.4208616538
v 35.8 3.8 -2.36920727394
v 35.6636064596 3.8 -2.33639354038
v 34.8229304977 3.8 -2.2
v 36.4523569328 3.45235693282 -2.54764306718
v 36.8 3.40302119781 -2.59697880219
v 36.8 3.8 -2.52844960935
v 36.5231256795 3.8 -2.47687432055
v 37.3176352239 3.3176352239 -2.6823647761
v 37.8 3.26462955346 -2.73537044654
v 37.8 3.8 -2.68132081484
v 37.3909046303 3.8 -2.60909536966
v 38.2091826722 3.20918267224 -2.79081732776
v 38.8 3.1612065495 -2.8387934505
v 38.8 3.8 -2.82625765069
v 38.2623525977 3.8 -2.7376474023
v 39.1264186284 3.12641862838 -2.87358137162
v 39.8 3.0906929188 -2.9093070812
v 39.8 3.8 -2.96127159548
v 39.1383866559 3.8 -2.86161334411
v 40.0696206403 3.06962064033 -2.93037935967
v 40.8 3.05107671926 -2.94892328074
v 40.8 3.8 -3.08380297581
v 40.020253331 3.8 -2.97974666905
v 41.0390650836 3.03906508359 -2.96093491641
v 41.8 3.04039625911 -2.95960374089
v 41.8 3.8 -3.19051167946
v 40.9096929873 3.8 -3.09030701266
v 42.0350292206 3.03502922059 -2.96497077941
v 42.8 3.05674259676 -2.94325740324
v 41.8092139538 3.8 -3.19078604615
v 43.0489972871 3.04899728708 -2.95100271292
v 43.8 2.967619658 -3.032380342
v 43.9626963792 2.9626963792 -3.0373036208
v 44.8 2.85249405054 -3.14750594946
v 44.8510558625 2.85105586252 -3.14894413748
v 55.8 2.86617326342 -3.13382673658
v 55.8775473964 2.87754739641 -3.12245260359
v 56.8 2.80987721893 -2.2
v 56.8 3.05366054182 -2.94633945818
v 57.1048683337 3.10486833368 -2.89513166632
v 57.8 3.1206664483 -2.2
v 57.8 3.25114494561 -2.74885505439
v 56.8127092357 2.81270923566 -2.2
v 58.3364116325 3.33641163246 -2.66358836754
v 58.8 3.35409108806 -2.2
v 58.8 3.42936139237 -2.57063860763
v 58.1992094311 3.19920943109 -2.2
v 59.5498319698 3.54983196985 -2.45016803015
v 59.8 3.56127171814 -2.2
v 59.8 3.59757958642 -2.40242041358
v 59.486854075 3.48685407504 -2.2
v 60.7523388635 3.75233886349 -2.24766113651
v 60.8 3.75514729033 -2.2
v 60.8 3.76132541401 -2.23867458599
v 60.8 3.8 -2.48150947685
v 60.7417630739 3.74176307395 -2.2
v 61.0365376014 3.8 -2.2
v 75.7970036284 3.79700362841 -2.20299637159
v 75.8 3.79578515892 -2.2
v 75.8 3.79678138325 -2.20321861675
v 75.8 3.8 -2.21360061912
v 75.7883240777 3.8 -2.21167592232
v 75.7331667107 3.8 -2.2
v 75.7961999251 3.79619992512 -2.2
v 75.8498941516 3.8 -2.2
v 35.8 4.10591658942 -2.2
v 36.8 4.4462344403 -2.2
v 36.2928233345 4.29282333446 -2.2
v 37.7666960301 4.7666960301 -2.2333039699
v 37.8 4.75586032235 -2.24413967765
v 37.8 4.8 -2.22413612557
v 37.7806569792 4.8 -2.21934302083
v 37.6859955006 4.8 -2.2
v 38.5035648463 4.50356484633 -2.49643515367
v 38.8 4.42222700352 -2.57777299648
v 38.8 4.8 -2.4288659445
v 38.6158819071 4.8 -2.38411809289
v 39.2760734499 4.27607344987 -2.72392655013
v 39.8 4.15779418919 -2.84220581081
v 39.8 4.8 -2.63263439948
v 39.4502037499 4.8 -2.5497962501
v 40.0844706045 4.08447060445 -2.91552939555
v 40.8 3.95615114414 -3.04384885586
v 40.8 4.8 -2.83475766406
v 40.2834233293 4.8 -2.71657667069
v 40.9289721596 3.92897215957 -3.07102784043
v 41.8 3.8113810814 -3.1886189186
v 41.8 4.8 -3.03431338147
v 41.1152666688 4.8 -2.88473333121
v 41.8097623285 3.80976232851 -3.19023767149
v 41.9453473821 4.8 -3.05465261789
v 60.8 3.93590710679 -3.06409289321
v 60.9619318258 3.96193182583 -3.03806817417
v 61.8 3.99636756698 -2.2
v 61.8 4.13160237489 -2.86839762511
v 62.1969403401 4.19694034013 -2.80305965987
v 62.8 4.23231508923 -2.2
v 62.8 4.31789885206 -2.68210114794
v 62.0448191973 4.04481919735 -2.2
v 63.4218509706 4.42185097062 -2.57814902938
v 63.8 4.44921928206 -2.2
v 63.8 4.49686988441 -2.50313011559
v 63.3382685719 4.33826857193 -2.2
v 64.5429009436 4.54290094364 -2.45709905636
v 64.8 4.52275177577 -2.2
v 64.8 4.55831441333 -2.44168558667
v 64.4993645929 4.49936459286 -2.2
v 65.5364060698 4.53640606979 -2.46359393021
v 65.8 4.47299087822 -2.2
v 65.8 4.51800572965 -2.48199427035
v 65.4988997596 4.49889975957 -2.2
v 66.4982128493 4.49821284926 -2.50178715074
v 66.8 4.4227185373 -2.2
v 66.8 4.47809648803 -2.52190351197
v 66.4515716926 4.4515716926 -2.2
v 67.4602493087 4.46024930873 -2.53975069127
v 67.8 4.37197530222 -2.2
v 67.8 4.43859614797 -2.56140385203
v 67.4035959052 4.40359590525 -2.2
v 68.4225388352 4.42253883523 -2.57746116477
v 68.8 4.32079809049 -2.2
v 68.8 4.39950991758 -2.60049008242
v 68.3550205468 4.35502054676 -2.2
v 69.3826174274 4.38261742736 -2.61738257264
v 69.8 4.250958737 -2.2
v 69.8 4.34991547888 -2.65008452112
v 69.303336049 4.30333604904 -2.2
v 70.3294355553 4.32943555533 -2.67056444467
v 70.8 4.18389295457 -2.2
v 70.8 4.30313042377 -2.69686957623
v 70.2306380434 4.23063804336 -2.2
v 71.285387586 4.28538758602 -2.71461241398
v 71.8 4.10550581093 -2.2
v 71.8 4.25340454622 -2.74659545378
v 71.1672470829 4.16724708294 -2.2
v 72.2387127027 4.23871270272 -2.76128729728
v 72.8 4.027318412 -2.2
v 72.8 4.20627446473 -2.79372553527
v 72.0930371073 4.09303710726 -2.2
v 73.1941959105 4.19419591055 -2.80580408945
v 73.8 3.94940188305 -2.2
v 73.8 4.16161628174 -2.83838371826
v 73.0186013427 4.0186013427 -2.2
v 74.1517683805 4.15176838048 -2.84823161952
v 74.8 3.871820018 -2.2
v 74.8 4.11930596632 -2.88069403368
v 73.9440293332 3.94402933323 -2.2
v 75.1113549377 4.11135493774 -2.88864506226
v 75.8 4.07922113899 -2.92077886101
v 74.8694032895 3.86940328949 -2.2
v 76.1077594759 4.10775947587 -2.89224052413
v 76.8 3.90452843548 -2.2
v 76.8 4.16427266327 -2.83572733673
v 77.465984324 4.46598432399 -2.53401567601
v 77.8 4.54059391704 -2.2
v 77.8 4.616265837 -2.383734163
v 77.8 4.8 -2.82984736682
v 77.0888561282 4.08885612819 -2.2
v 78.0240507592 4.8 -2.2
v 37.8 4.82948089164 -2.2
v 38.8 5.09190486035 -2.2
v 37.8432282074 4.84322820735 -2.2
v 39.8 5.38168612045 -2.2
v 39.2341124137 5.2341124137 -2.2
v 40.8 5.71118180956 -2.2
v 40.6798181382 5.6798181382 -2.2
v 41.4653125427 5.46531254274 -2.53468745726
v 41.8 5.26161554313 -2.73838445687
v 41.8 5.8 -2.39543327586
v 41.651310538 5.8 -2.34868946201
v 41.0519180002 5.8 -2.2
v 42.078861872 5.078861872 -2.921138128
v 42.8 5.8 -2.65577859024
v 42.4499481449 5.8 -2.55005185508
v 43.8 5.8 -2.69113898362
v 43.3394768604 5.8 -2.66052313958
v 44.8 5.8 -2.75698007265
v 44.2975184763 5.8 -2.70248152373
v 45.8 5.8 -2.82649054434
v 45.233957232 5.8 -2.76604276804
v 46.8 5.8 -2.90010648861
v 46.1665648557 5.8 -2.83343514426
v 47.8 5.8 -2.9783354033
v 47.0948888936 5.8 -2.90511110642
v 48.8 5.8 -3.061771504
v 48.0183994423 5.8 -2.98160055768
v 48.932362298 5.8 -3.06763770203
v 77.8 4.93399990206 -3.06600009794
v 78.5604819204 5.8 -2.43951807957
v 78.6450976041 5.8 -2.2
v 78.3895663623 5.38956636232 -2.2
v 41.8 5.9719297985 -2.2
v 42.8 6.20299731979 -2.2
v 42.0333903638 6.03339036378 -2.2
v 43.8 6.21075238062 -2.2
v 43.206134571 6.20613457103 -2.2
v 44.8 6.24235705697 -2.2
v 44.2311954411 6.23119544105 -2.2
v 45.8 6.2719513744 -2.2
v 45.2627885923 6.26278859234 -2.2
v 46.8 6.29962490885 -2.2
v 46.2921775992 6.2921775992 -2.2
v 47.8 6.32546287712 -2.2
v 47.319487114 6.31948711404 -2.2
v 48.8 6.34954627967 -2.2
v 48.3448321845 6.34483218453 -2.2
v 49.8 6.4253589735 -2.2
v 49.8 5.84326721422 -3.15673278578
v 49.4135378972 6.41353789719 -2.2
v 49.9458510301 5.9458510301 -3.0541489699
v 50.8 6.69197649784 -2.2
v 50.8 6.52126077866 -2.47873922134
v 50.6630629903 6.66306299028 -2.2
v 51.8 6.8 -2.50985019115
v 51.6063855315 6.8 -2.39361446845
v 51.1881198833 6.8 -2.2
v 52.8 6.8 -3.05784146682
v 52.2709977231 6.8 -2.72900227688
v 52.8968901952 6.8 -3.10310980478
v 78.8 6.20706748977 -2.2
v 78.8 6.49252131466 -2.50747868534
v 78.8 6.8 -2.83868161097
v 78.9557955487 6.8 -2.2
v 51.8 6.92536475808 -2.2
v 52.8 7.13537252226 -2.2
v 51.9678497168 6.9678497168 -2.2
v 53.8 7.35795588178 -2.2
v 53.8 7.09274656379 -2.90725343621
v 53.2496910223 7.2496910223 -2.2
v 54.2947424436 7.29474244357 -2.70525755643
v 54.8 7.59699482001 -2.2
v 54.8 7.48477716845 -2.51522283155
v 54.5491193532 7.54911935317 -2.2
v 55.8 7.8 -2.38181562564
v 55.7117923469 7.8 -2.28820765307
v 55.5930858014 7.8 -2.2
v 56.221286829 7.8 -2.77871317097
v 78.8 7.05598979451 -2.94401020549
v 78.8160751661 7.8 -3.18392483392
v 79.0549520422 7.8 -2.2
v 78.9722671811 6.97226718111 -2.2
v 55.8 7.83912529445 -2.2
v 56.8 8.07757276425 -2.2
v 56.8 7.8917488722 -3.1082511278
v 55.8585179778 7.85851797781 -2.2
v 56.9842643905 7.98426439046 -3.01573560954
v 57.8 8.42518936648 -2.2
v 57.8 8.31737081538 -2.68262918462
v 57.2621260533 8.26212605331 -2.2
v 58.8 8.8 -2.29714736728
v 58.7675256583 8.8 -2.23247434169
v 58.749685179 8.8 -2.2
v 59.1431022869 8.8 -2.85689771306
v 78.8 8.8 -2.99589293711
v 78.8147782226 7.81477822262 -3.18522177738
v 78.9923171904 8.8 -2.2
v 79.0390652026 8.03906520258 -2.2
v 58.8 8.81651652449 -2.2
v 59.8 9.13534741053 -2.2
v 59.8 8.98656458439 -3.01343541561
v 58.8275738195 8.82757381952 -2.2
v 60.1616295276 9.16162952762 -2.83837047238
v 60.8 9.49037825092 -2.2
v 60.8 9.41373504556 -2.58626495444
v 60.3548022321 9.35480223211 -2.2
v 61.8 9.8 -2.64815361011
v 61.6604023874 9.8 -2.33959761261
v 61.5916742282 9.8 -2.2
v 61.9946608142 9.8 -3.00533918581
v 78.7558378144 9.75583781444 -2.24416218556
v 78.8 9.66515177755 -2.2
v 78.7350018973 9.8 -2.2649981027
v 78.7573490372 9.8 -2.2
v 78.7674318785 9.7674318785 -2.2
v 78.9567378183 8.95673781827 -2.2
v 61.8 9.868270351 -2.2
v 62.8 10.1942241688 -2.2
v 62.8 10.0762348158 -2.92376518425
v 61.9132737473 9.91327374734 -2.2
v 63.2011226917 10.2011226917 -2.79887730834
v 63.8 10.4445875478 -2.2
v 63.8 10.3750926088 -2.62490739124
v 63.3331602587 10.3331602587 -2.2
v 64.5204641179 10.5204641179 -2.47953588211
v 64.8 10.596042782 -2.2
v 64.8 10.5502593669 -2.44974063309
v 64.5754659666 10.5754659666 -2.2
v 65.7575084504 10.7575084504 -2.24249154958
v 65.8 10.770496946 -2.2
v 65.8 10.7628928323 -2.23710716774
v 65.7669707892 10.7669707892 -2.2
v 66.8 10.8 -2.88146862554
v 66.420750482 10.8 -2.57924951795
v 65.9719095496 10.8 -2.2
v 66.9832599177 10.8 -3.01674008229
v 78.3107050471 10.3107050471 -2.68929495291
v 77.9132450401 10.8 -3.0867549599
v 78.2160942327 10.8 -2.2
v 78.4195772959 10.4195772959 -2.2
v 66.8 10.9123926954 -2.2
v 67.8 11.0519097949 -2.2
v 67.8 10.8860471248 -3.11395287515
v 66.9391534828 10.9391534828 -2.2
v 67.9115094454 10.9115094454 -3.08849055462
v 68.8 11.1971212809 -2.2
v 68.8 11.0476057365 -2.95239426349
v 68.1098152176 11.1098152176 -2.2
v 69.1259061453 11.1259061453 -2.87409385465
v 69.8 11.3586856032 -2.2
v 69.8 11.2338784157 -2.76612158426
v 69.2917978696 11.2917978696 -2.2
v 70.3468337712 11.3468337712 -2.65316622878
v 70.8 11.5005816252 -2.2
v 70.8 11.3990644093 -2.60093559066
v 70.4659134743 11.4659134743 -2.2
v 71.565799249 11.565799249 -2.43420075102
v 71.8 11.6536805723 -2.2
v 71.8 11.5939169493 -2.40608305065
v 71.6366132919 11.6366132919 -2.2
v 72.8 11.8 -2.23349268417
v 72.7769322 11.8 -2.22306780004
v 72.734134494 11.8 -2.2
v 73.8 11.8 -2.66812970746
v 73.4625663279 11.8 -2.53743367209
v 74.8 11.8 -3.02546790915
v 74.1815155738 11.8 -2.81848442621
v 74.930129213 11.8 -3.06987078699
v 76.8 11.8 -2.88463668204
v 77.4517750021 11.4517750021 -2.54822499787
v 77.8 11.3458831491 -2.2
v 77.8 10.9772434018 -3.02275659821
v 77.2031621153 11.8 -2.2
v 77.5408222998 11.5408222998 -2.2
v 77.8522423464 10.8522423464 -3.14775765363
v 78.0352287062 11.0352287062 -2.2
v 72.8 11.8085401806 -2.2
v 73.8 11.9335229142 -2.2
v 72.8103765847 11.8103765847 -2.2
v 74.8 12.0612686971 -2.2
v 73.9610873982 11.9610873982 -2.2
v 75.8 12.1917884071 -2.2
v 75.8 11.8659659794 -3.13403402055
v 75.113076377 12.113076377 -2.2
v 75.8530243221 11.8530243221 -3.14697567794
v 76.8 12.0378783228 -2.2
v 76.1380603636 12.1380603636 -2.2
v 76.9489720233 11.9489720233 -2.2
v 26.7826361687 -0.217363831307 -1.21736383131
v 26.8 -0.242371607107 -1.2
v 26.8 -0.218870502225 -1.21887050222
v 26.8 -0.2 -1.23399971009
v 26.7705563725 -0.2 -1.22944362752
v 26.4964187494 -0.2 -1.2
v 26.7628738727 -0.237126127344 -1.2
v 27.7258835824 -0.274116417591 -1.27411641759
v 27.8 -0.376810370884 -1.2
v 27.8 -0.280706795406 -1.28070679541
v 27.8 -0.2 -1.34833979719
v 27.6722297452 -0.2 -1.32777025477
v 27.6444854571 -0.355514542855 -1.2
v 28.6685828944 -0.33141710558 -1.33141710558
v 28.8 -0.505815631266 -1.2
v 28.8 -0.343506023422 -1.34350602342
v 28.8 -0.2 -1.46968377091
v 28.5691266686 -0.2 -1.4308733314
v 28.5298404399 -0.470159560087 -1.2
v 29.6716437577 -0.32835624233 -1.32835624233
v 29.8 -0.456013409541 -1.2
v 29.8 -0.325867888086 -1.32586788809
v 29.8 -0.2 -1.4504360119
v 29.5549757725 -0.2 -1.44502422755
v 29.5208850857 -0.479114914283 -1.2
v 30.702122343 -0.297877657037 -1.29787765704
v 30.8 -0.386290206057 -1.2
v 30.8 -0.297364624007 -1.29736462401
v 30.8 -0.2 -1.40622365947
v 30.5988819943 -0.2 -1.40111800569
v 30.5941012386 -0.405898761356 -1.2
v 31.736998606 -0.263001393975 -1.26300139398
v 31.8 -0.3127508881 -1.2
v 31.8 -0.262276080366 -1.26227608037
v 31.8 -0.2 -1.3405951749
v 31.6606272676 -0.2 -1.33937273235
v 31.6751155781 -0.324884421941 -1.2
v 32.7786146462 -0.221385353841 -1.22138535384
v 32.8 -0.236186891013 -1.2
v 32.8 -0.221017095044 -1.22101709504
v 32.8 -0.2 -1.25065020699
v 32.748918907 -0.2 -1.25108109302
v 32.7598632489 -0.240136751064 -1.2
v 33.252801741 -0.2 -1.2
v 22.7815269158 0.781526915809 -1.21847308419
v 22.8 0.729852784321 -1.2
v 22.8 0.779746129613 -1.22025387039
v 22.8 0.8 -1.22844874984
v 22.7747467206 0.8 -1.22525327935
v 22.5225249436 0.8 -1.2
v 22.7447153245 0.744715324484 -1.2
v 23.7173456892 0.717345689225 -1.28265431078
v 23.8 0.486304538795 -1.2
v 23.8 0.70914527177 -1.29085472823
v 23.8 0.8 -1.32774558997
v 23.6868197053 0.8 -1.31318029473
v 23.5525576503 0.552557650293 -1.2
v 24.651730461 0.651730461036 -1.34826953896
v 24.8 0.237445445415 -1.2
v 24.8 0.636562736818 -1.36343726318
v 24.8 0.8 -1.43002799495
v 24.5967388996 0.8 -1.4032611004
v 24.3567282061 0.356728206067 -1.2
v 25.5843663501 0.58436635008 -1.41563364992
v 25.8 -0.0181360688288 -1.2
v 25.8 0.56157252825 -1.43842747175
v 25.8 0.8 -1.53589078529
v 25.5040327604 0.8 -1.49596723955
v 25.1559208763 0.155920876253 -1.2
v 26.5148438271 0.514843827123 -1.48515617288
v 26.8 0.483617633532 -1.51638236647
v 26.8 0.8 -1.64610553364
v 26.4081082829 0.8 -1.59189171708
v 25.948544451 -0.051455549006 -1.2
v 27.4426206831 0.44262068309 -1.55737931691
v 27.8 0.401955536332 -1.59804446367
v 27.8 0.8 -1.76169248155
v 27.3081813416 0.8 -1.69181865843
v 28.3669641045 0.366964104494 -1.63303589551
v 28.8 0.315574081269 -1.68442591873
v 28.8 0.8 -1.88403083742
v 28.2031930417 0.8 -1.79680695833
v 29.3075835679 0.307583567904 -1.6924164321
v 29.8 0.300324068511 -1.69967593149
v 29.8 0.8 -1.9589963657
v 29.1090982878 0.8 -1.89090171224
v 30.3018010065 0.301801006505 -1.6981989935
v 30.8 0.293931066057 -1.70606893394
v 30.8 0.8 -2.02428294577
v 30.0420859441 0.8 -1.95791405594
v 31.300658827 0.300658826967 -1.69934117303
v 31.8 0.298120284351 -1.70187971565
v 31.8 0.8 -2.07729602675
v 30.9796491166 0.8 -2.02035088344
v 32.3097625312 0.309762531169 -1.69023746883
v 32.8 0.311992743845 -1.68800725616
v 32.8 0.8 -2.11648730476
v 31.9278062927 0.8 -2.07219370727
v 33.3285235524 0.328523552426 -1.67147644757
v 33.8 -0.132595449299 -1.2
v 33.8 0.334760949681 -1.66523905032
v 33.8 0.8 -2.13998255454
v 32.8887243132 0.8 -2.1112756868
v 34.3563858787 0.356385878732 -1.64361412127
v 34.8 -0.0115704876736 -1.2
v 34.8 0.365731097688 -1.63426890231
v 34.8 0.8 -2.14549928315
v 33.8651321128 0.8 -2.13486788721
v 33.8730997882 -0.126900211758 -1.2
v 35.3928254241 0.392825424082 -1.60717457592
v 35.8 0.105223046796 -1.2
v 35.8 0.404288672229 -1.59571132777
v 35.8 0.8 -2.13023688324
v 34.8605232046 0.8 -2.13947679539
v 35.0060266687 0.00602666867612 -1.2
v 36.4511675304 0.451167530427 -1.54883246957
v 36.8 0.243242224049 -1.2
v 36.8 0.470801928008 -1.52919807199
v 36.8 0.8 -2.02189419529
v 35.8839749111 0.8 -2.11602508893
v 36.1493858371 0.149385837143 -1.2
v 37.5638094898 0.563809489809 -1.43619051019
v 37.8 0.493102027945 -1.2
v 37.8 0.602907871454 -1.39709212855
v 37.8 0.8 -1.76594839616
v 37.0559038434 0.8 -1.94409615663
v 37.3581978989 0.358197898898 -1.2
v 38.7349453786 0.734945378558 -1.26505462144
v 38.8 0.722283567043 -1.2
v 38.8 0.746462757794 -1.25353724221
v 38.8 0.8 -1.37760163104
v 38.5301438816 0.8 -1.46985611837
v 38.6884845412 0.688484541173 -1.2
v 39.1311846303 0.8 -1.2
v 21.7482940702 1.74829407016 -1.25170592984
v 21.8 1.3263384805 -1.2
v 21.8 1.74276504449 -1.25723495551
v 21.8 1.8 -1.26454949891
v 21.7434787607 1.8 -1.25652123931
v 21.0319143444 1.8 -1.2
v 21.4428841465 1.44288414646 -1.2
v 22.6830232313 1.68302323134 -1.31697676866
v 22.8 1.66977199639 -1.33022800361
v 22.8 1.8 -1.34518128197
v 22.6691335842 1.8 -1.33086641575
v 22.1374173783 1.13741737831 -1.2
v 23.6151745245 1.61517452446 -1.38482547554
v 23.8 1.5935357031 -1.4064642969
v 23.8 1.8 -1.42642645585
v 23.5954266667 1.8 -1.40457333331
v 24.5449034576 1.54490345764 -1.45509654236
v 24.8 1.51376283557 -1.48623716443
v 24.8 1.8 -1.50795700047
v 24.5218871927 1.8 -1.47811280731
v 25.4714364192 1.47143641917 -1.52856358083
v 25.8 1.42943025778 -1.57056974222
v 25.8 1.8 -1.58977644662
v 25.4480883444 1.8 -1.55191165561
v 26.3937710471 1.39377104712 -1.60622895288
v 26.8 1.33907717301 -1.66092282699
v 26.8 1.8 -1.67188431109
v 26.373967098 1.8 -1.62603290199
v 27.3104493404 1.31044934036 -1.68955065964
v 27.8 1.24054300515 -1.75945699485
v 27.8 1.8 -1.75427388445
v 27.2994392128 1.8 -1.70056078718
v 28.2192668167 1.21926681666 -1.78073318334
v 28.8 1.13049125404 -1.86950874596
v 28.8 1.8 -1.84065236626
v 28.2243894932 1.8 -1.77561050678
v 29.1003455839 1.1003455839 -1.8996544161
v 29.8 1.03352741081 -1.96647258919
v 29.8 1.8 -2.00393441428
v 29.1278587907 1.8 -1.87214120932
v 30.017591613 1.01759161302 -1.98240838698
v 30.8 0.956550885271 -2.04344911473
v 30.8 1.8 -2.16185937888
v 29.9820788864 1.8 -2.01792111361
v 30.94894863 0.948948629977 -2.05105137002
v 31.8 0.900542236157 -2.09945776384
v 30.8360427603 1.8 -2.16395723973
v 31.8974650138 0.897465013816 -2.10253498618
v 32.8 0.862928066935 -2.13707193306
v 32.8620328321 0.862032832076 -2.13796716792
v 33.8 0.841568091589 -2.15843190841
v 33.8415978512 0.841597851153 -2.15840214885
v 34.8 0.834665466342 -2.16533453366
v 34.835162775 0.835162774973 -2.16483722503
v 35.8 0.840698704395 -2.1593012956
v 35.8423074031 0.842307403149 -2.15769259685
v 36.8 0.894552593285 -2.10544740671
v 36.9013808978 0.90138089781 -2.09861910219
v 37.8 1.00101774811 -1.99898225189
v 38.0217502314 1.02175023136 -1.97824976864
v 38.8 1.12779682872 -1.87220317128
v 39.1721473693 1.17214736929 -1.82785263071
v 39.8 1.00540230637 -1.2
v 39.8 1.27334822266 -1.72665177734
v 40.3532356294 1.35323562941 -1.64676437059
v 40.8 1.29545204599 -1.2
v 40.8 1.43617922873 -1.56382077127
v 40.0626182106 1.06261821059 -1.2
v 41.5657247583 1.5657247583 -1.4342752417
v 41.8 1.56151200446 -1.2
v 41.8 1.61484685344 -1.38515314656
v 41.8 1.8 -2.07685950713
v 41.4473280339 1.44732803392 -1.2
v 42.7567451019 1.8 -1.2
v 44.7786788882 1.77867888818 -1.22132111182
v 44.8 1.77266925502 -1.2
v 44.8 1.77469157887 -1.22530842113
v 44.8 1.8 -1.51765547189
v 44.6706236482 1.8 -1.32937635176
v 44.5197273814 1.8 -1.2
v 44.7767375726 1.77673757258 -1.2
v 45.702243613 1.70224361299 -1.29775638701
v 45.8 1.67725678829 -1.2
v 45.8 1.68411549236 -1.31588450764
v 45.139839275 1.8 -1.86016072503
v 45.6950554889 1.69505548892 -1.2
v 46.6198458407 1.61984584075 -1.38015415925
v 46.8 1.57873540017 -1.2
v 46.8 1.58664533191 -1.41335466809
v 46.6100007514 1.61000075139 -1.2
v 47.5306665673 1.53066656726 -1.46933343274
v 47.8 1.47691812305 -1.2
v 47.8 1.48122516885 -1.51877483115
v 47.5214162452 1.52141624522 -1.2
v 48.4337247897 1.43372478969 -1.56627521031
v 48.8 1.37160028181 -1.2
v 48.8 1.36658495178 -1.63341504822
v 48.4291253594 1.42912535939 -1.2
v 49.3278361813 1.32783618128 -1.67216381872
v 49.8 1.26255757272 -1.2
v 49.8 1.24118181009 -1.75881818991
v 49.3329302663 1.33293026626 -1.2
v 50.2907099083 1.2907099083 -1.7092900917
v 50.8 1.36042693464 -1.2
v 50.8 1.34480538829 -1.65519461171
v 50.312285493 1.31228549296 -1.2
v 51.5442426026 1.54424260263 -1.45575739737
v 51.8 1.63508428188 -1.2
v 51.8 1.62236522923 -1.37763477077
v 51.5560840888 1.5560840888 -1.2
v 52.8 1.8 -1.97765858576
v 52.5083437168 1.8 -1.4916562832
v 52.4165789182 1.8 -1.2
v 52.8678578885 1.8 -2.13214211145
v 21.8 2.30252250865 -1.2
v 22.8 2.66130433617 -1.2
v 22.5399848333 2.53998483327 -1.2
v 23.776781254 2.77678125395 -1.22321874605
v 23.8 2.77365942786 -1.22634057214
v 23.8 2.8 -1.22085719991
v 23.7805863332 2.8 -1.21941366685
v 23.3350003317 2.8 -1.2
v 24.7298125305 2.7298125305 -1.2701874695
v 24.8 2.71980194038 -1.28019805962
v 24.8 2.8 -1.26010835223
v 24.7438976646 2.8 -1.25610233542
v 25.6844793397 2.68447933966 -1.31552066034
v 25.8 2.66682290595 -1.33317709405
v 25.8 2.8 -1.29334331662
v 25.7125763981 2.8 -1.28742360185
v 26.6415184847 2.64151848466 -1.35848151534
v 26.8 2.61519046559 -1.38480953441
v 26.8 2.8 -1.31912738681
v 26.6879424829 2.8 -1.31205751712
v 27.602221568 2.60222156795 -1.39777843205
v 27.8 2.56576067667 -1.43423932333
v 27.8 2.8 -1.33555741564
v 27.6717879914 2.8 -1.32821200864
v 28.5690828909 2.56908289086 -1.43091710914
v 28.8 2.51701904451 -1.48298095549
v 28.8 2.8 -1.34421292582
v 28.6666089968 2.8 -1.33339100317
v 29.3150870516 2.31508705161 -1.68491294839
v 29.8 2.14687218326 -1.85312781674
v 29.8 2.8 -1.5761138814
v 29.5132813398 2.8 -1.48671866025
v 30.0632623961 2.06326239607 -1.93673760393
v 30.8 1.85984183758 -2.14015816242
v 30.8 2.8 -1.81030143798
v 30.3274253966 2.8 -1.67257460336
v 30.8478100894 1.84781008944 -2.15218991056
v 31.8 2.8 -2.04539782804
v 31.1349760088 2.8 -1.86502399121
v 31.9351876478 2.8 -2.06481235216
v 41.8 1.8374468877 -2.1625531123
v 41.844171847 1.84417184695 -2.15582815305
v 42.8 1.81465953625 -1.2
v 42.8 2.0375758633 -1.9624241367
v 43.0453634975 2.04536349748 -1.95463650252
v 43.8 1.89979139846 -1.2
v 43.8 2.02510334216 -1.97489665784
v 42.8152865766 1.81528657663 -1.2
v 44.0146596079 2.01465960792 -1.98534039208
v 44.8 1.88024812469 -2.11975187531
v 43.8944528881 1.89445288807 -1.2
v 44.8766889515 1.8766889515 -2.1233110485
v 52.8 1.93600576695 -1.2
v 53.8 2.27358710613 -1.2
v 53.8 2.13149030559 -1.86850969441
v 52.9863738829 1.98637388288 -1.2
v 54.3108470945 2.31084709453 -1.68915290547
v 54.8 2.57617212322 -1.2
v 54.8 2.50427700613 -1.49572299387
v 54.4545494216 2.45454942159 -1.2
v 55.8 2.8 -1.38658916384
v 55.6921055875 2.8 -1.30789441247
v 55.5936568317 2.8 -1.2
v 56.2027801535 2.8 -1.79721984646
v 23.8 2.84126550073 -1.2
v 24.8 2.90573039425 -1.2
v 23.8406501663 2.84065016626 -1.2
v 25.8 2.94567255493 -1.2
v 24.9021957014 2.90219570145 -1.2
v 26.8 2.96446647802 -1.2
v 25.938363572 2.93836357202 -1.2
v 27.8 2.96492991485 -1.2
v 26.9537022966 2.95370229658 -1.2
v 28.8 2.95084667209 -1.2
v 27.9532464509 2.95324645091 -1.2
v 29.8 3.21529482673 -1.2
v 29.0294401144 3.02944011441 -1.2
v 30.8 3.51646769511 -1.2
v 30.4296563925 3.42965639253 -1.2
v 31.6920707052 3.69207070521 -1.30792929479
v 31.8 3.55005040432 -1.44994959568
v 31.8 3.8 -1.25259243212
v 31.7628183738 3.8 -1.23718162616
v 31.6366678693 3.8 -1.2
v 32.1253431541 3.12534315412 -1.87465684588
v 32.8 3.8 -1.55793510045
v 32.5432543321 3.8 -1.45674566793
v 33.8 3.8 -1.87079592247
v 33.3117892999 3.8 -1.68821070005
v 34.8 3.8 -2.19278389897
v 34.0667336583 3.8 -1.93326634165
v 34.8059106971 3.8 -2.1940893029
v 55.8 2.88015757064 -1.2
v 56.8 3.25241438973 -1.2
v 56.8 2.81802818969 -2.18197181031
v 55.9133327315 2.91333273146 -1.2
v 56.8367927196 2.83679271957 -2.16320728043
v 57.8 3.56976631786 -1.2
v 57.8 3.38345096652 -1.61654903348
v 57.4322164109 3.43221641086 -1.2
v 58.6726205076 3.67262050756 -1.32737949244
v 58.8 3.75702891207 -1.2
v 58.8 3.72759397727 -1.27240602273
v 58.7423706104 3.74237061036 -1.2
v 59.8 3.8 -1.55219989608
v 59.5645198623 3.8 -1.43548013772
v 59.0394916028 3.8 -1.2
v 60.8 3.8 -2.06821890435
v 60.2349380095 3.8 -1.76506199051
v 60.8862831501 3.8 -2.1137168499
v 75.8 3.8 -2.15172655787
v 75.8258728413 3.8 -2.17412715867
v 31.8 3.84011100266 -1.2
v 32.8 4.08167678023 -1.2
v 31.8592805207 3.85928052071 -1.2
v 33.8 4.3466609938 -1.2
v 33.2133865171 4.21338651712 -1.2
v 34.8 4.64159280584 -1.2
v 34.5974861399 4.59748613994 -1.2
v 34.8360248618 3.83602486182 -2.16397513818
v 35.8 4.8 -1.41678291418
v 35.6577343347 4.8 -1.34226566529
v 35.2918043935 4.8 -1.2
v 36.8 4.8 -1.81131870158
v 36.3836347114 4.8 -1.61636528862
v 37.0899374433 4.8 -1.91006255667
v 59.8 3.99684436743 -1.2
v 60.8 4.22966376464 -1.2
v 60.0396975657 4.03969756567 -1.2
v 61.8 4.44018561955 -1.2
v 61.8 4.15161226262 -1.84838773738
v 61.325374476 4.32537447596 -1.2
v 62.3257910184 4.3257910184 -1.6742089816
v 62.8 4.63499041567 -1.2
v 62.8 4.52257710754 -1.47742289246
v 62.584381595 4.58438159498 -1.2
v 63.8 4.8 -1.24979409119
v 63.7669002132 4.8 -1.23309978675
v 63.6951889413 4.8 -1.2
v 64.8 4.8 -1.37736965408
v 64.653576948 4.8 -1.34642305202
v 65.7979511483 4.79795114827 -1.20204885173
v 65.8 4.79844705084 -1.2
v 65.8 4.79768979109 -1.20231020891
v 65.7757786491 4.8 -1.2
v 65.7986065207 4.79860652068 -1.2
v 66.7172403712 4.71724037115 -1.28275962885
v 66.8 4.73655623897 -1.2
v 66.8 4.70725564175 -1.29274435825
v 66.7428576652 4.74285766521 -1.2
v 67.6375241315 4.6375241315 -1.3624758685
v 67.8 4.67397618154 -1.2
v 67.8 4.61896703494 -1.38103296506
v 67.6860888942 4.68608889422 -1.2
v 68.5589702153 4.5589702153 -1.4410297847
v 68.8 4.61078283841 -1.2
v 68.8 4.53288419054 -1.46711580946
v 68.6283899902 4.62838999023 -1.2
v 69.4649840651 4.46498406511 -1.53501593489
v 69.8 4.51967966227 -1.2
v 69.8 4.41667118968 -1.58332881032
v 69.5560943099 4.55609430987 -1.2
v 70.3597702244 4.35977022437 -1.64022977563
v 70.8 4.43399673435 -1.2
v 70.8 4.31160317466 -1.68839682534
v 70.4698838848 4.46988388482 -1.2
v 71.2607380552 4.26073805518 -1.73926194482
v 71.8 4.32881694676 -1.2
v 71.8 4.19304235714 -1.80695764286
v 71.3855523088 4.38555230885 -1.2
v 72.1567706844 4.15677068438 -1.84322931562
v 72.8 4.22327315284 -1.2
v 72.8 4.08246958748 -1.91753041252
v 72.2901335888 4.29013358881 -1.2
v 73.0582951484 4.05829514836 -1.94170485164
v 73.8 4.11750106209 -1.2
v 73.8 3.97941548928 -2.02058451072
v 73.1936595781 4.19365957809 -1.2
v 73.9651876563 3.96518765632 -2.03481234368
v 74.8 4.01162391708 -1.2
v 74.8 3.88340418505 -2.11659581495
v 74.0962765776 4.0962765776 -1.2
v 74.8772805156 3.87728051563 -2.12271948437
v 75.8 3.90575357387 -1.2
v 74.998120994 3.99812099396 -1.2
v 76.8 4.00667294492 -1.2
v 76.8 3.91642011057 -2.08357988943
v 75.9200401706 3.9200401706 -1.2
v 77.2024569941 4.20245699409 -1.79754300591
v 77.8 4.64355778441 -1.2
v 77.8 4.62560098763 -1.37439901237
v 77.3711244638 4.37112446385 -1.2
v 78.005753024 4.8 -1.99424697598
v 77.9351201821 4.8 -1.2
v 35.8 4.92111610788 -1.2
v 36.8 5.13205867177 -1.2
v 35.9616923379 4.96169233789 -1.2
v 37.8 5.35450299163 -1.2
v 37.8 4.86138267843 -2.13861732157
v 37.2442459449 5.24424594485 -1.2
v 37.9319754951 4.93197549509 -2.06802450491
v 38.8 5.59243728077 -1.2
v 38.8 5.38110652926 -1.61889347074
v 38.5431791093 5.54317910932 -1.2
v 39.8 5.8 -1.31192556953
v 39.7365695687 5.8 -1.26343043129
v 39.6143930856 5.8 -1.2
v 40.8 5.8 -1.99711632714
v 40.3726428964 5.8 -1.62735710358
v 40.9272982335 5.8 -2.07270176647
v 63.8 4.82723775323 -1.2
v 64.8 4.88651399148 -1.2
v 63.8281184322 4.82811843217 -1.2
v 64.8826058916 4.88260589162 -1.2
v 78.2777640355 5.27776403555 -1.72223596445
v 78.5765166754 5.8 -1.42348332462
v 78.5567789229 5.8 -1.2
v 78.1555547615 5.1555547615 -1.2
v 39.8 5.83348168241 -1.2
v 40.8 6.01023658824 -1.2
v 39.8430215777 5.84302157773 -1.2
v 41.8 6.19205849133 -1.2
v 41.8 6.01834792912 -1.98165207088
v 41.0698544747 6.06985447473 -1.2
v 42.1001479848 6.10014798479 -1.89985201521
v 42.8 6.37620511228 -1.2
v 42.8 6.28742273588 -1.71257726412
v 42.2975147755 6.29751477554 -1.2
v 43.2762706231 6.27627062312 -1.72372937688
v 43.8 6.35806087212 -1.2
v 43.8 6.28103993757 -1.71896006243
v 43.3652617857 6.36526178575 -1.2
v 44.2882642037 6.28826420369 -1.71173579631
v 44.8 6.35813064839 -1.2
v 44.8 6.29960553623 -1.70039446377
v 44.3651821146 6.36518211465 -1.2
v 45.3060511844 6.30605118443 -1.69394881557
v 45.8 6.35716629151 -1.2
v 45.8 6.31524898456 -1.68475101544
v 45.3644795966 6.3644795966 -1.2
v 46.3209459195 6.32094591951 -1.67905408049
v 46.8 6.35521959214 -1.2
v 46.8 6.32837561102 -1.67162438898
v 46.3627886155 6.3627886155 -1.2
v 47.3333638662 6.33336386616 -1.66663613384
v 47.8 6.35233916692 -1.2
v 47.8 6.33932009341 -1.66067990659
v 47.3601602726 6.3601602726 -1.2
v 48.3436448924 6.34364489245 -1.65635510755
v 48.8 6.34857067076 -1.2
v 48.8 6.34836109091 -1.65163890909
v 48.3566422189 6.35664221889 -1.2
v 49.3813289752 6.38132897524 -1.61867102476
v 49.8 6.37667145196 -1.2
v 49.8 6.39348247986 -1.60651752014
v 49.3815349312 6.38153493117 -1.2
v 50.5510251768 6.55102517676 -1.44897482324
v 50.8 6.57727139289 -1.2
v 50.8 6.59805976854 -1.40194023146
v 50.5378513825 6.53785138248 -1.2
v 51.7910442326 6.79104423265 -1.20895576735
v 51.8 6.79126114364 -1.2
v 51.8 6.79258406279 -1.20741593721
v 51.8 6.8 -1.24519189685
v 51.7898701301 6.78987013006 -1.2
v 51.8416478256 6.8 -1.2
v 78.8 6.43915985788 -1.2
v 78.8 6.33009954956 -1.66990045044
v 78.9468407227 6.8 -2.05315927735
v 78.894812288 6.8 -1.2
v 51.8 6.90985572044 -2.09014427956
v 51.9341960242 6.93419602418 -2.06580397582
v 52.8 6.9444287152 -1.2
v 52.8 7.07940846836 -1.92059153164
v 53.1365012765 7.13650127653 -1.86349872347
v 53.8 7.09632996191 -1.2
v 53.8 7.2392674461 -1.7607325539
v 52.9808631278 6.98086312778 -1.2
v 54.3210407647 7.3210407647 -1.6789592353
v 54.8 7.2503162736 -1.2
v 54.8 7.38853403949 -1.61146596051
v 54.1690050401 7.1690050401 -1.2
v 55.4868098439 7.48680984391 -1.51319015609
v 55.8 7.40709546643 -1.2
v 55.8 7.52617067262 -1.47382932738
v 55.8 7.8 -2.07280568167
v 55.3567409169 7.35674091688 -1.2
v 56.6708671449 7.67086714491 -1.32913285509
v 56.8 7.61743127507 -1.2
v 56.8 7.68586140038 -1.31413859962
v 56.8 7.8 -1.5038653769
v 56.0703930466 7.8 -1.92960695343
v 56.5971355973 7.59713559731 -1.2
v 57.240071596 7.8 -1.2
v 78.9613848742 6.96138487415 -2.03861512585
v 79.0403632206 7.8 -1.95963677935
v 78.9942571426 7.8 -1.2
v 78.9048364072 6.90483640725 -1.2
v 55.8 7.82969066385 -2.17030933615
v 55.8385497549 7.83854975493 -2.16145024507
v 56.8 7.99862578727 -2.00137421273
v 57.082110362 8.08211036201 -1.91788963799
v 57.8 7.97915185828 -1.2
v 57.8 8.23276046579 -1.76723953421
v 58.4042738193 8.40427381926 -1.59572618074
v 58.8 8.31844289935 -1.2
v 58.8 8.48047665228 -1.51952334772
v 58.8 8.8 -2.1537420362
v 58.1040253642 8.10402536419 -1.2
v 59.7340503732 8.73405037322 -1.26594962678
v 59.8 8.71368825637 -1.2
v 59.8 8.74552832702 -1.25447167298
v 59.8 8.8 -1.3483822121
v 59.0438874102 8.8 -1.95611258984
v 59.6774478711 8.67744787115 -1.2
v 60.0105844996 8.8 -1.2
v 79.0261919802 8.0261919802 -1.9738080198
v 78.9813612904 8.8 -2.01863870959
v 78.9319079377 8.8 -1.2
v 78.9821523873 7.98215238734 -1.2
v 58.8 8.81217802361 -2.18782197639
v 58.8175126829 8.81751268287 -2.18248731713
v 59.8 9.04079386165 -1.95920613835
v 60.1407454168 9.14074541681 -1.85925458319
v 60.8 9.05238834438 -1.2
v 60.8 9.28046519508 -1.71953480492
v 61.4690938908 9.46909389082 -1.53090610918
v 61.8 9.40230125365 -1.2
v 61.8 9.53389259033 -1.46610740967
v 61.8 9.8 -2.00734428185
v 61.2246664351 9.22466643512 -1.2
v 62.7847094606 9.8 -1.2
v 78.7078467746 9.70784677461 -1.29215322539
v 78.8 9.39339670309 -1.2
v 78.8 9.4802817578 -1.5197182422
v 78.6815749815 9.8 -1.31842501852
v 78.6713959903 9.8 -1.2
v 78.7017984417 9.70179844172 -1.2
v 78.9493831874 8.94938318745 -2.05061681255
v 78.9075044946 8.90750449461 -1.2
v 61.8 9.85043347823 -2.14956652177
v 61.8722280817 9.87222808172 -2.12777191828
v 62.8 9.80504036381 -1.2
v 62.8 10.0839771245 -1.91602287553
v 63.153473614 10.153473614 -1.84652638601
v 63.8 10.0566387233 -1.2
v 63.8 10.264731296 -1.73526870404
v 62.8069350304 9.80693503043 -1.2
v 64.3389384512 10.3389384512 -1.6610615488
v 64.8 10.1976811878 -1.2
v 64.8 10.3691479599 -1.63085204007
v 64.1173161012 10.1173161012 -1.2
v 65.4692013105 10.4692013105 -1.53079868948
v 65.8 10.3732181438 -1.2
v 65.8 10.4944726455 -1.50552735447
v 65.3027657174 10.3027657174 -1.2
v 66.6131726737 10.6131726737 -1.38682732632
v 66.8 10.5585400422 -1.2
v 66.8 10.6269107173 -1.37308928274
v 66.8 10.8 -1.81073477887
v 66.5200356716 10.5200356716 -1.2
v 67.7645589664 10.7645589664 -1.23544103363
v 67.8 10.7541494213 -1.2
v 67.8 10.7670700236 -1.23292997644
v 67.8 10.8 -1.31676831102
v 67.5840641756 10.8 -1.41593582439
v 67.7470800602 10.7470800602 -1.2
v 68.0357280555 10.8 -1.2
v 78.3869281798 10.3869281798 -1.61307182019
v 78.1833622615 10.8 -1.81663773851
v 78.130712925 10.8 -1.2
v 78.3639501899 10.3639501899 -1.2
v 66.8 10.8871573837 -2.11284261626
v 66.9046999257 10.9046999257 -2.09530007432
v 67.8 10.9958913353 -2.00410866467
v 68.0342403484 11.0342403484 -1.96575965159
v 68.8 10.9159175032 -1.2
v 68.8 11.1098091616 -1.89019083838
v 69.1753349954 11.1753349954 -1.82466500457
v 69.8 11.0892344424 -1.2
v 69.8 11.2401001161 -1.75989988392
v 68.9493057518 10.9493057518 -1.2
v 70.3209393278 11.3209393278 -1.67906067221
v 70.8 11.2504384609 -1.2
v 70.8 11.3607276343 -1.63927236571
v 70.1601892179 11.1601892179 -1.2
v 71.4680953088 11.4680953088 -1.53190469118
v 71.8 11.4273038552 -1.2
v 71.8 11.4963773146 -1.50362268537
v 71.3637924566 11.3637924566 -1.2
v 72.6276730609 11.6276730609 -1.37232693914
v 72.8 11.6099592815 -1.2
v 72.8 11.6419449996 -1.35805500036
v 72.8 11.8 -2.14513985607
v 72.5789893443 11.5789893443 -1.2
v 73.7985609388 11.7985609388 -1.20143906124
v 73.8 11.7984444133 -1.2
v 73.8 11.7986768829 -1.20132311709
v 73.8 11.8 -1.20891896045
v 73.6831915587 11.8 -1.31680844125
v 73.7982020314 11.7982020314 -1.2
v 73.8085179727 11.8 -1.2
v 77.496307745 11.496307745 -1.50369225501
v 77.8 11.233869539 -1.2
v 77.8 11.2908961043 -1.70910389572
v 77.1514260381 11.8 -1.84857396185
v 77.0559445743 11.8 -1.2
v 77.4768928733 11.4768928733 -1.2
v 78.0243974378 11.0243974378 -1.97560256224
v 77.9869604704 10.9869604704 -1.2
v 72.8 11.8073962187 -2.19260378129
v 72.8090016606 11.8090016606 -2.19099833939
v 73.8 11.9177726564 -2.08222734356
v 73.9429534418 11.9429534418 -2.05704655824
v 74.8 11.9487336796 -1.2
v 74.8 12.0350164765 -1.96498352353
v 75.0846014775 12.0846014775 -1.91539852248
v 75.8 12.1025297146 -1.2
v 75.8 12.1599053746 -1.84009462543
v 74.9845049709 11.9845049709 -1.2
v 76.1143447179 12.1143447179 -1.88565528205
v 76.8 11.9510153453 -1.2
v 76.8 12.0188668929 -1.98113310715
v 76.0612676483 12.0612676483 -1.2
v 76.9412863023 11.9412863023 -2.05871369774
v 76.8945738194 11.8945738194 -1.2
v 11.7891665991 -0.21083340087 -0.21083340087
v 11.8 -0.244804095531 -0.2
v 11.8 -0.211566101651 -0.211566101651
v 11.8 -0.2 -0.2156945826
v 11.7860126097 -0.2 -0.213987390288
v 11.4991266227 -0.2 -0.2
v 11.7584118151 -0.241588184932 -0.2
v 12.7528660549 -0.247133945144 -0.247133945144
v 12.8 -0.37832545265 -0.2
v 12.8 -0.250620793441 -0.250620793441
v 12.8 -0.2 -0.271147211182
v 12.7368528384 -0.2 -0.263147161577
v 12.6345266576 -0.365473342432 -0.2
v 13.7202770004 -0.279722999607 -0.279722999607
v 13.8 -0.475437865575 -0.2
v 13.8 -0.285147241925 -0.285147241925
v 13.8 -0.2 -0.324035455491
v 13.6893255003 -0.2 -0.310674499666
v 13.5393137547 -0.460686245345 -0.2
v 14.6914631608 -0.308536839197 -0.308536839197
v 14.8 -0.545212560062 -0.2
v 14.8 -0.315309611882 -0.315309611882
v 14.8 -0.2 -0.37423170768
v 14.6437173753 -0.2 -0.35628262474
v 14.467877035 -0.532122965032 -0.2
v 15.6663794 -0.333620600006 -0.333620600006
v 15.8 -0.593860888427 -0.2
v 15.8 -0.341241476016 -0.341241476016
v 15.8 -0.2 -0.421570754613
v 15.6002135648 -0.2 -0.399786435247
v 15.4158219698 -0.584178030168 -0.2
v 16.6535676221 -0.346432377904 -0.346432377904
v 16.8 -0.58930170797 -0.2
v 16.8 -0.350314974396 -0.350314974396
v 16.8 -0.2 -0.447157770385
v 16.5710730945 -0.2 -0.428926905458
v 16.3960313589 -0.603968641089 -0.2
v 17.6522376304 -0.347762369649 -0.347762369649
v 17.8 -0.559930310079 -0.2
v 17.8 -0.350149785174 -0.350149785174
v 17.8 -0.2 -0.460034036894
v 17.5565682308 -0.2 -0.443431769202
v 17.4154726578 -0.58452734215 -0.2
v 18.65833476 -0.341665240016 -0.341665240016
v 18.8 -0.51958292968 -0.2
v 18.8 -0.342992877795 -0.342992877795
v 18.8 -0.2 -0.461206244108
v 18.5528540404 -0.2 -0.447145959554
v 18.4556045567 -0.544395443282 -0.2
v 19.6712777029 -0.328722297092 -0.328722297092
v 19.8 -0.470647634155 -0.2
v 19.8 -0.329102251198 -0.329102251198
v 19.8 -0.2 -0.449173088175
v 19.5615798366 -0.2 -0.438420163415
v 19.5062709397 -0.493729060314 -0.2
v 20.6909570396 -0.30904296036 -0.30904296036
v 20.8 -0.414839402848 -0.2
v 20.8 -0.308701050461 -0.308701050461
v 20.8 -0.2 -0.422100339972
v 20.584935201 -0.2 -0.415064798959
v 20.5654820568 -0.434517943218 -0.2
v 21.7172798015 -0.282720198478 -0.282720198478
v 21.8 -0.353422990595 -0.2
v 21.8 -0.283287374975 -0.283287374975
v 21.8 -0.2 -0.38082728564
v 21.6256834532 -0.2 -0.374316546808
v 21.63172017 -0.368279829988 -0.2
v 22.6778233559 -0.322176644056 -0.322176644056
v 22.8 -0.435575328825 -0.2
v 22.8 -0.332761941862 -0.332761941862
v 22.8 -0.2 -0.503586863325
v 22.5472942065 -0.2 -0.452705793537
v 22.5827020836 -0.417297916375 -0.2
v 23.6255534243 -0.374446575719 -0.374446575719
v 23.8 -0.524938952334 -0.2
v 23.8 -0.389849225531 -0.389849225531
v 23.8 -0.2 -0.655479800194
v 23.4243269177 -0.2 -0.575673082313
v 23.5015672811 -0.498432718914 -0.2
v 24.5732289262 -0.426771073769 -0.426771073769
v 24.8 -0.606624880952 -0.2
v 24.8 -0.447193475199 -0.447193475199
v 24.8 -0.2 -0.828370488474
v 24.2885514115 -0.2 -0.711448588458
v 24.4240583134 -0.575941686617 -0.2
v 25.5208082573 -0.479191742678 -0.479191742678
v 25.8 -0.679926816 -0.2
v 25.8 -0.504862717428 -0.504862717428
v 25.8 -0.2 -1.03216534242
v 25.1339451915 -0.2 -0.866054808456
v 25.3529935038 -0.647006496225 -0.2
v 26.4682335933 -0.531766406657 -0.531766406657
v 26.8 -0.744037042449 -0.2
v 26.8 -0.562949200662 -0.562949200662
v 25.9512163224 -0.2 -1.04878367756
v 26.28907544 -0.710924560038 -0.2
v 27.4154231079 -0.584576892122 -0.584576892122
v 27.8 -0.798026261704 -0.2
v 27.8 -0.621580954353 -0.621580954353
v 27.2331462213 -0.766853778737 -0.2
v 28.3622583346 -0.637741665447 -0.637741665447
v 28.8 -0.840818267381 -0.2
v 28.8 -0.68094062094 -0.68094062094
v 28.1862264475 -0.8137735525 -0.2
v 29.353982677 -0.646017322984 -0.646017322984
v 29.8 -0.735093977928 -0.2
v 29.8 -0.617094407635 -0.617094407635
v 29.1921184046 -0.80788159535 -0.2
v 30.4412331027 -0.55876689727 -0.55876689727
v 30.8 -0.603615681122 -0.2
v 30.8 -0.530662124004 -0.530662124004
v 30.326325739 -0.673674260956 -0.2
v 31.5406524974 -0.459347502584 -0.459347502584
v 31.8 -0.477534881469 -0.2
v 31.8 -0.43769827339 -0.43769827339
v 31.4758123492 -0.524187650839 -0.2
v 32.6478283869 -0.352171613097 -0.352171613097
v 32.8 -0.355702300279 -0.2
v 32.8 -0.338790597666 -0.338790597666
v 32.6189205976 -0.381079402439 -0.2
v 33.7620682512 -0.237931748769 -0.237931748769
v 33.8 -0.237273199992 -0.2
v 33.8 -0.23444953987 -0.23444953987
v 33.8 -0.2 -0.664944292702
v 33.7568302038 -0.243169796151 -0.2
v 34.118254941 -0.2 -0.2
v 11.7792943022 0.779294302248 -0.220705697752
v 11.8 0.776786430254 -0.223213569746
v 11.8 0.8 -0.223588410685
v 11.7799201054 0.8 -0.220079894568
v 11.5600087776 0.8 -0.2
v 11.4092242962 0.409224296233 -0.2
v 12.6978166759 0.697816675864 -0.302183324136
v 12.8 0.685475724452 -0.314524275548
v 12.8 0.8 -0.321125043648
v 12.6963020458 0.8 -0.30369795421
v 13.6217551118 0.621755111801 -0.378244888199
v 13.8 0.602052521573 -0.397947478427
v 13.8 0.8 -0.41794428803
v 13.6122603911 0.8 -0.387739608865
v 14.5510817672 0.55108176723 -0.44891823277
v 14.8 0.525949230653 -0.474050769347
v 14.8 0.8 -0.514228934702
v 14.5276840958 0.8 -0.472315904175
v 15.4856144691 0.48561446908 -0.51438553092
v 15.8 0.456695331813 -0.543304668187
v 15.8 0.8 -0.610161733007
v 15.442435525 0.8 -0.557564474993
v 16.4258650345 0.425865034454 -0.574134965546
v 16.8 0.402038597779 -0.597961402221
v 16.8 0.8 -0.703039326733
v 16.3570536953 0.8 -0.642946304701
v 17.3805094439 0.380509443894 -0.619490556106
v 17.8 0.358900425392 -0.641099574608
v 17.8 0.8 -0.790335810006
v 17.2747068734 0.8 -0.725293126647
v 18.3449247759 0.344924775908 -0.655075224092
v 18.8 0.32647552419 -0.67352447581
v 18.8 0.8 -0.87171533885
v 18.1960694992 0.8 -0.803930500805
v 19.318698815 0.318698815016 -0.681301184984
v 19.8 0.304124161513 -0.695875838487
v 19.8 0.8 -0.946612483167
v 19.1214481525 0.8 -0.878551847533
v 20.3015962012 0.301596201204 -0.698403798796
v 20.8 0.291298707146 -0.708701292854
v 20.8 0.8 -1.01431701641
v 20.051479244 0.8 -0.948520755955
v 21.2934127793 0.293412779257 -0.706587220743
v 21.8 0.28227333153 -0.71772666847
v 21.8 0.8 -1.07569758563
v 20.9869653175 0.8 -1.01303468251
v 22.2594024018 0.259402401784 -0.740597598216
v 22.8 0.197305149172 -0.802694850828
v 21.9146483132 0.8 -1.08535168676
v 23.1764858949 0.17648589489 -0.82351410511
v 23.8 0.102822763305 -0.897177236695
v 24.0880242087 0.0880242086962 -0.911975791304
v 24.8 0.000298538793758 -0.999701461206
v 24.9914295266 -0.00857047338499 -1.00857047338
v 25.8 -0.113045828839 -1.11304582884
v 25.8836303283 -0.116369671678 -1.11636967168
v 33.8 -0.1398479368 -1.1398479368
v 33.8680436394 -0.131956360599 -1.1319563606
v 34.8 -0.0803540291476 -0.2
v 34.8 -0.0230811344239 -1.02308113442
v 35.0017143544 0.00171435435295 -0.998285645647
v 35.8 0.0841728905488 -0.2
v 35.8 0.0996179778178 -0.900382022182
v 34.9377580143 -0.0622419856671 -0.2
v 36.1563387992 0.156338799223 -0.843661200777
v 36.8 0.254484981769 -0.2
v 36.8 0.250768904467 -0.749231095533
v 36.1393866481 0.13938664809 -0.2
v 37.4292015022 0.42920150219 -0.57079849781
v 37.8 0.567337124066 -0.2
v 37.8 0.552055114632 -0.447944885368
v 37.4326940455 0.432694045486 -0.2
v 38.8 0.8 -0.593589279784
v 38.6446106365 0.8 -0.355389363506
v 38.6018664033 0.8 -0.2
v 38.9836069592 0.8 -1.01639304078
v 11.8 0.87115570616 -0.2
v 12.8 1.20741376089 -0.2
v 11.925537955 0.925537954998 -0.2
v 13.8 1.63183807283 -0.2
v 13.5468072861 1.54680728608 -0.2
v 14.704300925 1.70430092501 -0.295699074991
v 14.8 1.68528627348 -0.314713726521
v 14.8 1.8 -0.289725659809
v 14.7259116185 1.8 -0.274088381527
v 14.147410008 1.8 -0.2
v 15.5670094341 1.56700943414 -0.432990565863
v 15.8 1.52488965974 -0.475110340257
v 15.8 1.8 -0.427137328904
v 15.6122991176 1.8 -0.387700882372
v 16.4279778641 1.42797786411 -0.572022135891
v 16.8 1.37008084912 -0.629919150882
v 16.8 1.8 -0.579383696186
v 16.4855186503 1.8 -0.514481349655
v 17.3053371371 1.3053371371 -0.6946628629
v 17.8 1.23960988377 -0.760390116227
v 17.8 1.8 -0.728655381284
v 17.357576779 1.8 -0.642423220996
v 18.1973303959 1.19733039588 -0.802669604122
v 18.8 1.12944748038 -0.870552519622
v 18.8 1.8 -0.876464372449
v 18.2283459703 1.8 -0.771654029686
v 19.1031936657 1.1031936657 -0.896806334299
v 19.8 1.0376444483 -0.962355551696
v 19.8 1.8 -1.0230016582
v 19.097543882 1.8 -0.902456117959
v 20.0224263677 1.02242636769 -0.977573632312
v 20.8 0.962580392257 -1.03741960774
v 20.8 1.8 -1.16846426108
v 19.9648242163 1.8 -1.03517578367
v 20.9545903937 0.954590393734 -1.04540960627
v 21.8 0.901424595578 -1.09857540442
v 20.8297570711 1.8 -1.17024292892
v 21.8966739424 0.896673942368 -1.10332605763
v 38.8 0.878312709897 -0.2
v 39.8 1.26256339285 -0.2
v 39.8 1.08104303447 -0.918956965527
v 38.9116124665 0.911612466498 -0.2
v 40.2782683928 1.27826839276 -0.721731607242
v 40.8 1.59985942306 -0.2
v 40.8 1.51651316534 -0.483486834661
v 40.4686942512 1.46869425119 -0.2
v 41.8 1.8 -0.498086362872
v 41.6148645616 1.8 -0.385135438402
v 41.4310004159 1.8 -0.2
v 42.1619137818 1.8 -0.838086218225
v 44.8 1.8 -1.14040077282
v 45.8 1.8 -0.952590006205
v 44.8730299506 1.8 -1.12697004945
v 46.8 1.8 -0.786837068837
v 46.0957548902 1.8 -0.904245109787
v 47.8 1.8 -0.640025965258
v 47.2835664623 1.8 -0.716433537682
v 48.8 1.8 -0.509578486013
v 48.4435744958 1.8 -0.556425504184
v 49.8 1.8 -0.393345595165
v 49.5810754922 1.8 -0.418924507779
v 50.8 1.8 -0.533472437094
v 50.509245767 1.8 -0.490754232972
v 51.8 1.8 -0.948285225565
v 51.2499052598 1.8 -0.750094740244
v 51.9687084638 1.8 -1.03129153619
v 14.8 1.95235093202 -0.2
v 15.8 2.21125931283 -0.2
v 15.0295715369 2.0295715369 -0.2
v 16.8 2.54542099022 -0.2
v 16.4522722686 2.45227226862 -0.2
v 17.7093845223 2.70938452234 -0.290615477664
v 17.8 2.67653971037 -0.323460289625
v 17.8 2.8 -0.267306771597
v 17.7474957221 2.8 -0.252504277875
v 17.4769171601 2.8 -0.2
v 18.4576061375 2.45760613753 -0.542393862465
v 18.8 2.3507438663 -0.649256133699
v 18.8 2.8 -0.467590751229
v 18.5894141214 2.8 -0.410585878594
v 19.229129046 2.229129046 -0.770870953996
v 19.8 2.07623753172 -0.923762468277
v 19.8 2.8 -0.670263664628
v 19.4266328384 2.8 -0.573367161645
v 20.0227971897 2.02279718969 -0.977202810305
v 20.8 1.8451628103 -1.1548371897
v 20.8 2.8 -0.876207718557
v 20.2583091675 2.8 -0.74169083251
v 20.8375960705 1.83759607054 -1.16240392946
v 21.8 2.8 -1.08646109353
v 21.0833984857 2.8 -0.916601514299
v 22.8 2.8 -1.1574746839
v 21.911214011 2.8 -1.08878598899
v 22.842417731 2.8 -1.15758226904
v 41.8 1.9676857997 -0.2
v 42.8 2.38719779973 -0.2
v 42.8 1.83519232569 -1.16480767431
v 42.0551936972 2.05519369722 -0.2
v 42.8514629585 1.85146295848 -1.14853704152
v 43.8 2.54372874824 -0.2
v 43.8 2.07924142367 -0.920758576326
v 43.4790556594 2.47905565936 -0.2
v 44.0439838506 2.04398385062 -0.956016149376
v 44.8 2.46476305643 -0.2
v 44.5073828082 2.50738280823 -0.2
v 45.8 2.38245089418 -0.2
v 45.4342410641 2.43424106405 -0.2
v 46.8 2.29645526025 -0.2
v 46.3574203372 2.35742033715 -0.2
v 47.8 2.20639161994 -0.2
v 47.2765783601 2.2765783601 -0.2
v 48.8 2.11181926899 -0.2
v 48.1913188455 2.19131884547 -0.2
v 49.8 2.01223074092 -0.2
v 49.1011817171 2.10118171709 -0.2
v 50.8 2.16105677603 -0.2
v 50.0483423524 2.04834235239 -0.2
v 51.8 2.55853951608 -0.2
v 51.3624507472 2.36245074721 -0.2
v 52.4932100687 2.49321006867 -0.50678993133
v 52.8 2.8 -0.300743907652
v 52.7187421324 2.8 -0.281257867605
v 52.4813468715 2.8 -0.2
v 53.8 2.8 -0.626840472759
v 53.4614754783 2.8 -0.538524521674
v 54.8 2.8 -0.946674044893
v 54.2167561232 2.8 -0.783243876821
v 54.982249286 2.8 -1.01775071401
v 17.8 2.87823935329 -0.2
v 18.8 3.1240890518 -0.2
v 17.9148163753 2.91481637534 -0.2
v 19.8 3.39591107667 -0.2
v 19.2748647856 3.27486478561 -0.2
v 20.8 3.70124106311 -0.2
v 20.6726786931 3.6726786931 -0.2
v 21.4644444047 3.46444440466 -0.535555595337
v 21.8 3.19072584747 -0.809274152531
v 21.8 3.8 -0.378336103939
v 21.6661872264 3.8 -0.333812773608
v 21.111840412 3.8 -0.2
v 22.2510805908 3.25108059084 -0.748919409158
v 22.8 3.02581317451 -0.974186825494
v 22.8 3.8 -0.344459893147
v 22.6551549329 3.8 -0.344845067134
v 23.1639546204 3.1639546204 -0.836045379599
v 23.8 3.8 -0.279649708613
v 23.7207510523 3.8 -0.279248947691
v 24.4425218692 3.44252186922 -0.557478130778
v 24.8 3.77868149583 -0.2
v 24.8 3.63375328819 -0.366246711808
v 24.5832654059 3.8 -0.2
v 24.7790286261 3.77902862608 -0.2
v 25.2222390791 3.22223907909 -0.777760920912
v 25.8 3.66545086985 -0.2
v 25.8 3.32261476518 -0.677385234823
v 25.6699568979 3.66995689788 -0.2
v 26.1476824292 3.14768242923 -0.852317570768
v 26.8 3.545471857 -0.2
v 26.8 3.19516384932 -0.804836150684
v 26.5579656414 3.55796564145 -0.2
v 27.0874067215 3.08740672152 -0.912593278478
v 27.8 3.41980038784 -0.2
v 27.8 3.10488261649 -0.895117383512
v 27.4438813757 3.44388137572 -0.2
v 28.031613965 3.03161396502 -0.96838603498
v 28.8 3.28933393265 -0.2
v 28.8 3.02831788421 -0.971682115791
v 28.3283781537 3.32837815374 -0.2
v 29.1518887402 3.15188874018 -0.848111259822
v 29.8 3.48439485238 -0.2
v 29.8 3.36429430711 -0.635705692887
v 29.4374736395 3.43747363952 -0.2
v 30.723636427 3.72363642705 -0.27636357295
v 30.8 3.76079462793 -0.2
v 30.8 3.74730381521 -0.25269618479
v 30.7529453073 3.75294530729 -0.2
v 31.340245606 3.8 -0.659754393977
v 30.9417612197 3.8 -0.2
v 52.8 2.98625242489 -0.2
v 53.8 3.49002087468 -0.2
v 53.1276368305 3.12763683049 -0.2
v 54.7007082666 3.70070826665 -0.299291733351
v 54.8 3.61157420851 -0.388425791489
v 54.8 3.8 -0.257781206627
v 54.7503889949 3.8 -0.249611005073
v 54.5521567887 3.8 -0.2
v 55.2317099932 3.23170999323 -0.768290006766
v 55.8 3.8 -0.506141694129
v 55.5420066781 3.8 -0.457993321873
v 56.8 3.8 -0.756702768261
v 56.3387410198 3.8 -0.661258980244
v 57.8 3.8 -0.999112366037
v 57.1434181587 3.8 -0.856581841324
v 58.8 3.8 -1.15725439121
v 57.9792511976 3.8 -1.02074880245
v 58.8374852569 3.8 -1.16251474314
v 21.8 3.94858420635 -0.2
v 22.8 3.91048870538 -0.2
v 21.937311413 3.93731141302 -0.2
v 23.8 3.85264545879 -0.2
v 22.8983025636 3.8983025636 -0.2
v 23.8463174229 3.84631742292 -0.2
v 31.8 3.97271442648 -0.2
v 31.8 3.84570258875 -1.15429741125
v 31.8678107834 3.8678107834 -1.1321892166
v 32.8 4.18545127861 -0.2
v 32.8 4.1116085791 -0.888391420898
v 32.0407623325 4.04076233245 -0.2
v 33.2513615863 4.25136158634 -0.748638413657
v 33.8 4.41658340928 -0.2
v 33.8 4.38467648944 -0.615323510558
v 33.332694659 4.33269465897 -0.2
v 34.6270438711 4.62704387115 -0.372956128855
v 34.8 4.67123396969 -0.2
v 34.8 4.66579632036 -0.334203679637
v 34.6452590018 4.64525900181 -0.2
v 35.3188637844 4.8 -0.681136215642
v 35.2703666006 4.8 -0.2
v 54.8 4.02852776905 -0.2
v 55.8 4.7091076696 -0.2
v 55.4382180977 4.43821809771 -0.2
v 56.6185465655 4.6185465655 -0.381453434502
v 56.8 4.5546308626 -0.445369137404
v 56.8 4.8 -0.341861992577
v 56.6719316672 4.8 -0.328068332772
v 55.9659680503 4.8 -0.2
v 57.4089057766 4.40890577657 -0.591094223432
v 57.8 4.22801799214 -0.771982007863
v 57.8 4.8 -0.471969573141
v 57.5538329298 4.8 -0.446167070191
v 58.1902782969 4.19027829694 -0.809721703065
v 58.8 3.9157285901 -1.0842714099
v 58.8 4.8 -0.530873894227
v 58.4960275959 4.8 -0.503972404102
v 58.8974990052 3.8974990052 -1.1025009948
v 59.8 4.8 -0.616714294174
v 59.4253745296 4.8 -0.574625470428
v 60.8 4.8 -0.72903540148
v 60.3338293314 4.8 -0.666170668642
v 61.8 4.8 -0.867390324759
v 61.2227249463 4.8 -0.77727505368
v 62.8 4.8 -1.03134066696
v 62.0931895479 4.8 -0.906810452101
v 62.9461865753 4.8 -1.05381342471
v 65.8 4.8 -1.19808824442
v 66.8 4.8 -1.12080000876
v 65.8022025337 4.8 -1.19779746626
v 67.8 4.8 -1.04033239772
v 66.8910103757 4.8 -1.10898962432
v 68.8 4.8 -0.956500783812
v 67.9830359491 4.8 -1.01696405085
v 69.8 4.8 -0.829844580074
v 69.0983284143 4.8 -0.901671585676
v 70.8 4.8 -0.704657384359
v 70.2368777521 4.8 -0.763122247935
v 71.8 4.8 -0.541645189095
v 71.4111570609 4.8 -0.588842939054
v 72.8 4.8 -0.366120164456
v 72.6113049015 4.8 -0.388695098534
v 73.765650063 4.76565006303 -0.234349936974
v 73.8 4.78426700121 -0.2
v 73.8 4.75270391221 -0.247296087791
v 73.6841340181 4.8 -0.2
v 73.7866972284 4.78669722842 -0.2
v 74.4927026629 4.49270266291 -0.507297337094
v 74.8 4.65301973481 -0.2
v 74.8 4.38969690493 -0.610303095072
v 74.6750147841 4.67501478408 -0.2
v 75.2416062918 4.24160629183 -0.758393708171
v 75.8 4.52111734111 -0.2
v 75.8 4.07459446841 -0.92540553159
v 75.5615373043 4.56153730426 -0.2
v 76.1748833433 4.17488334331 -0.825116656695
v 76.8 4.61954000156 -0.2
v 76.8 4.33385522588 -0.666144774122
v 76.6037853226 4.60378532263 -0.2
v 77.8 4.8 -0.946768422117
v 77.4341559326 4.8 -0.565844067357
v 77.0827951442 4.8 -0.2
v 77.8881074851 4.8 -1.11189251487
v 35.8 4.90741711302 -0.2
v 35.8 4.91824833184 -1.08175166816
v 35.9453057267 4.94530572673 -1.05469427327
v 36.8 5.05215975757 -0.2
v 36.8 5.1046815693 -0.895318430701
v 35.9323681794 4.93236817935 -0.2
v 37.1673277951 5.1673277951 -0.832672204897
v 37.8 5.1957774107 -0.2
v 37.8 5.27480419942 -0.725195800582
v 37.1088029385 5.10880293849 -0.2
v 38.3610134611 5.36101346114 -0.638986538856
v 38.8 5.33801109129 -0.2
v 38.8 5.42770828041 -0.572291719585
v 38.2807730089 5.28077300887 -0.2
v 39.5260197428 5.52601974281 -0.473980257186
v 39.8 5.47847694876 -0.2
v 39.8 5.56230561018 -0.437694389823
v 39.8 5.8 -1.06341764214
v 39.4466763976 5.44667639756 -0.2
v 40.6619351103 5.66193511034 -0.338064889663
v 40.8 5.61657781908 -0.2
v 40.8 5.67728592519 -0.322714074815
v 40.8 5.8 -0.554182912343
v 40.0354342588 5.8 -0.964565741198
v 40.6042191206 5.60421912061 -0.2
v 41.7682741431 5.76827414306 -0.231725856937
v 41.8 5.7513270793 -0.2
v 41.8 5.77106281522 -0.228937184777
v 41.8 5.8 -0.268573983281
v 41.6861606644 5.8 -0.313839335624
v 41.7500142508 5.75001425084 -0.2
v 42.2117226715 5.8 -0.2
v 44.7931244667 5.79312446673 -0.206875533268
v 44.8 5.7857756815 -0.2
v 44.8 5.79300271845 -0.206997281553
v 44.8 5.8 -0.213716281056
v 44.7866658423 5.8 -0.213334157675
v 44.428970081 5.8 -0.2
v 44.7863839304 5.78638393038 -0.2
v 45.7753281705 5.77532817053 -0.224671829467
v 45.8 5.74857347594 -0.2
v 45.8 5.77487985538 -0.225120144616
v 45.8 5.8 -0.248912754943
v 45.7524502241 5.8 -0.247549775884
v 45.7507516019 5.75075160193 -0.2
v 46.758181897 5.75818189701 -0.241818102985
v 46.8 5.7122181554 -0.2
v 46.8 5.75740682107 -0.242593178929
v 46.8 5.8 -0.282418803845
v 46.7198736647 5.8 -0.280126335297
v 46.7158975905 5.7158975905 -0.2
v 47.74159942 5.74159942 -0.258400580003
v 47.8 5.67659653036 -0.2
v 47.8 5.74050064943 -0.259499350573
v 47.8 5.8 -0.314461118809
v 47.688711556 5.8 -0.31128844397
v 47.6817121214 5.68171212143 -0.2
v 48.7255091268 5.72550912684 -0.274490873163
v 48.8 5.64161403461 -0.2
v 48.8 5.72409196247 -0.275908037527
v 48.8 5.8 -0.345227574513
v 48.6587785199 5.8 -0.341221480066
v 48.6481041095 5.64810410952 -0.2
v 49.720146528 5.72014652797 -0.279853472028
v 49.8 5.62698137386 -0.2
v 49.8 5.7185975434 -0.281402456602
v 49.8 5.8 -0.354775013141
v 49.6478173561 5.8 -0.352182643941
v 49.6341510682 5.63415106817 -0.2
v 50.7765613756 5.77656137557 -0.223438624426
v 50.8 5.74665476934 -0.2
v 50.8 5.77739618799 -0.222603812013
v 50.8 5.8 -0.238462689478
v 50.7527473036 5.8 -0.247252696363
v 50.7463734306 5.74637343061 -0.2
v 51.3482058251 5.8 -0.2
v 55.7676716699 5.76767166987 -0.232328330129
v 55.8 5.24712713172 -0.2
v 55.8 5.76511998428 -0.234880015716
v 55.8 5.8 -0.236643095025
v 55.7630052109 5.8 -0.236994789064
v 55.1326320717 5.8 -0.2
v 55.6280680179 5.62806801785 -0.2
v 56.6938290456 5.69382904565 -0.306170954351
v 56.8 5.68207488037 -0.317925119625
v 56.8 5.8 -0.312978040778
v 56.6888773321 5.8 -0.311122667911
v 55.9974736496 4.99747364956 -0.2
v 57.6901752667 5.69017526673 -0.309824733269
v 57.8 5.67631904713 -0.323680952871
v 57.8 5.8 -0.303988732084
v 57.6948230456 5.8 -0.305176954443
v 58.7257821249 5.72578212493 -0.274217875067
v 58.8 5.7167828155 -0.283217184495
v 58.8 5.8 -0.261466957043
v 58.7381547369 5.8 -0.261845263053
v 59.7374190323 5.73741903231 -0.262580967687
v 59.8 5.72625398628 -0.273746013724
v 59.8 5.8 -0.246996692345
v 59.7540459904 5.8 -0.245954009587
v 60.7106818603 5.71068186034 -0.289318139661
v 60.8 5.68797208445 -0.31202791555
v 60.8 5.8 -0.260128778385
v 60.7427303042 5.8 -0.257269695756
v 61.6312189983 5.63121899827 -0.368781001734
v 61.8 5.57020745597 -0.429792544028
v 61.8 5.8 -0.300419799888
v 61.7066459992 5.8 -0.2933540008
v 62.4757619259 5.47576192593 -0.52423807407
v 62.8 5.30478666347 -0.695213336531
v 62.8 5.8 -0.367432450768
v 62.6477999106 5.8 -0.352200089381
v 63.2040754242 5.2040754242 -0.795924575797
v 63.8 5.8 -0.460735819033
v 63.5678613882 5.8 -0.432138611815
v 64.8 5.8 -0.432007825433
v 64.5737722779 5.8 -0.426227722109
v 65.8 4.8134897012 -1.1865102988
v 65.8 5.8 -0.340491929887
v 65.6532993012 5.8 -0.346700698811
v 65.8433627901 4.84336279012 -1.15663720988
v 66.8 5.43849840306 -0.561501596938
v 66.8 5.8 -0.245057683113
v 66.7530075056 5.8 -0.246992494387
v 67.8 5.73938978405 -0.2
v 67.2676836532 5.8 -0.2
v 67.7474830741 5.74748307409 -0.2
v 68.8 5.62762238249 -0.2
v 68.6498800156 5.64988001556 -0.2
v 69.8 5.46741597245 -0.2
v 69.5260832152 5.52608321524 -0.2
v 70.8 5.32027771872 -0.2
v 70.3887649716 5.38876497161 -0.2
v 71.8 5.13991655204 -0.2
v 71.251934497 5.25193449703 -0.2
v 72.8 4.95914782548 -0.2
v 72.0969128504 5.0969128504 -0.2
v 72.9397750915 4.93977509148 -0.2
v 77.8 5.43560705997 -0.2
v 77.9478970329 4.94789703292 -1.05210296708
v 78.2946551694 5.8 -0.705344830589
v 78.0268668353 5.8 -0.2
v 39.8 5.82662809835 -1.17337190165
v 39.8304873985 5.83048739852 -1.16951260148
v 40.8 5.95697621098 -1.04302378902
v 40.9770424602 5.97704246023 -1.02295753977
v 41.8 6.07292718043 -0.927072819566
v 42.1038007958 6.10380079575 -0.89619920425
v 42.8 5.84388864789 -0.2
v 42.8 6.17469936687 -0.825300633127
v 43.1668550776 6.16685507763 -0.833144922369
v 43.8 5.81272747683 -0.2
v 43.8 6.16008817084 -0.839911829157
v 42.8424991468 5.84249914683 -0.2
v 44.1620126073 6.16201260735 -0.837987392652
v 44.8 6.15542397942 -0.844576020577
v 43.8128327253 5.81283272528 -0.2
v 45.1571693245 6.15716932447 -0.842830675526
v 45.8 6.15038107821 -0.849618921787
v 46.1519635739 6.15196357386 -0.848036426145
v 46.8 6.14499261031 -0.855007389693
v 47.1464269454 6.14642694537 -0.853573054628
v 47.8 6.13928805732 -0.860711942683
v 48.1405875263 6.14058752627 -0.859412473727
v 48.8 6.13329372023 -0.866706279773
v 49.144525636 6.14452563596 -0.855474364039
v 49.8 6.1400336641 -0.859966335897
v 50.1746455374 6.17464553739 -0.825354462608
v 50.8 6.22620944234 -0.773790557656
v 51.2633027176 6.26330271755 -0.736697282448
v 51.8 5.82767064843 -0.2
v 51.8 6.30051496333 -0.699485036671
v 52.3363873143 6.33638731426 -0.663612685741
v 52.8 5.86490128346 -0.2
v 52.8 6.36201489473 -0.637985105271
v 52.8 6.8 -1.00991000149
v 51.8318122316 5.83181223164 -0.2
v 53.3933112445 6.3933112445 -0.606688755503
v 53.8 5.87189358993 -0.2
v 53.8 6.4096563846 -0.5903436154
v 53.8 6.8 -0.862716465264
v 53.0106356756 6.8 -0.989364324404
v 52.8731379612 5.87313796124 -0.2
v 54.4334638423 6.43346384233 -0.56653615767
v 54.8 5.83323203435 -0.2
v 54.8 6.44224973505 -0.557750264946
v 54.8 6.8 -0.758996642797
v 54.1602715705 6.8 -0.839728429479
v 53.878948398 5.87894839803 -0.2
v 55.4562113072 6.45621130719 -0.543788692806
v 55.8 6.45844512843 -0.541554871567
v 55.8 6.8 -0.692151534923
v 55.2561684508 6.8 -0.743831549151
v 54.8352592798 5.83525927983 -0.2
v 56.4608961957 6.4608961957 -0.539103804297
v 56.8 6.45670443213 -0.543295567872
v 56.8 6.8 -0.656890486137
v 56.3105769499 6.8 -0.689423050094
v 57.55236275 6.55236274997 -0.447637250034
v 57.8 6.55471923698 -0.445280763022
v 57.8 6.8 -0.494406281425
v 57.4537306823 6.8 -0.546269317723
v 58.663642716 6.66364271603 -0.336357283975
v 58.8 6.66441093641 -0.335589063589
v 58.8 6.8 -0.348837186148
v 58.6314610015 6.8 -0.368538998511
v 59.7682868854 6.76828688543 -0.231713114573
v 59.8 6.76755633612 -0.232443663878
v 59.8 6.8 -0.232307725865
v 59.7647746645 6.8 -0.235225335457
v 60.8 6.32224602165 -0.2
v 60.1763154439 6.8 -0.2
v 60.2701630799 6.27016307988 -0.2
v 61.8 6.26812743679 -0.2
v 61.1535286601 6.15352866007 -0.2
v 62.8 6.33465259102 -0.2
v 62.2167116267 6.21671162675 -0.2
v 63.8 6.43429571477 -0.2
v 63.3356967737 6.33569677374 -0.2
v 64.8 6.29557824574 -0.2
v 64.3423732175 6.34237321754 -0.2
v 65.8 6.0892260575 -0.2
v 65.2169179747 6.21691797474 -0.2
v 66.8 5.8894287529 -0.2
v 66.0456024751 6.04560247509 -0.2
v 66.876607338 5.87660733803 -0.2
v 78.4584238218 6.45842382178 -0.54157617822
v 78.8 6.8 -0.940878926017
v 78.544532427 6.8 -0.455467573015
v 78.4100821706 6.8 -0.2
v 78.1662287739 6.16622877386 -0.2
v 78.8694138065 6.8 -1.13058619351
v 52.8 6.88148950369 -1.11851049631
v 52.8887020504 6.88870205035 -1.11129794965
v 53.8 6.95657811961 -1.04342188039
v 53.96848683 6.96848682999 -1.03151317001
v 54.8 7.02109529816 -0.978904701838
v 55.0350517329 7.0350517329 -0.964948267098
v 55.8 7.07431703307 -0.925682966926
v 56.0968248076 7.09682480762 -0.903175192379
v 56.8 7.12477554878 -0.875224451219
v 57.2004568593 7.20045685927 -0.799543140727
v 57.8 7.25885285968 -0.741147140318
v 57.8 7.8 -1.04047017215
v 58.3565831604 7.35658316035 -0.64341683965
v 58.8 7.39267614154 -0.607323858459
v 58.8 7.8 -0.790843979511
v 58.0193492595 7.8 -0.980650740495
v 59.5066183792 7.50661837919 -0.493381620813
v 59.8 7.52481947449 -0.475180525509
v 59.8 7.8 -0.571085163402
v 59.3340774787 7.8 -0.665922521314
v 60.6488296326 7.64882963255 -0.35117036745
v 60.8 7.03704668712 -0.2
v 60.8 7.65502067377 -0.344979326233
v 60.8 7.8 -0.380797206269
v 60.5832182009 7.8 -0.416781799076
v 61.7826107874 7.78261078737 -0.217389212629
v 61.8 7.65612801555 -0.2
v 61.8 7.78291704613 -0.217082953874
v 61.8 7.8 -0.219580489507
v 61.7774846265 7.8 -0.222515373477
v 61.5485490566 7.54854905663 -0.2
v 61.9523297293 7.8 -0.2
v 78.622310416 7.62231041602 -0.377689583977
v 78.8 7.15706566878 -0.842934331223
v 78.8 7.8 -0.666574775944
v 78.6398342348 7.8 -0.360165765166
v 78.5561125706 7.8 -0.2
v 78.5130158273 7.51301582727 -0.2
v 78.8746387252 6.87463872523 -1.12536127477
v 78.9423995751 7.8 -1.05760042492
v 57.8 7.88478792292 -1.11521207708
v 57.9080095763 7.90800957629 -1.09199042371
v 58.8 8.02983761606 -0.970162383942
v 59.0882425526 8.08824255256 -0.911757447445
v 59.8 8.1745157797 -0.825484220297
v 60.2623496629 8.26234966288 -0.737650337121
v 60.8 8.31887819304 -0.681121806965
v 60.8 8.8 -0.96656305011
v 61.4304051222 8.43040512216 -0.56959487784
v 61.8 8.46298342456 -0.537016575444
v 61.8 8.8 -0.702972342727
v 61.1250634186 8.8 -0.87493658144
v 62.5923696436 8.59236964364 -0.407630356361
v 62.8 8.09781299734 -0.2
v 62.8 8.60689511491 -0.393104885091
v 62.8 8.8 -0.468817225696
v 62.4571819888 8.8 -0.542818011186
v 63.7480768078 8.74807680781 -0.251923192191
v 63.8 8.58155647722 -0.2
v 63.8 8.75068508756 -0.249314912445
v 63.8 8.8 -0.263728328387
v 63.7223949889 8.8 -0.277605011137
v 63.4495304232 8.44953042324 -0.2
v 64.3491461282 8.8 -0.2
v 78.5936555577 8.5936555577 -0.406344442301
v 78.8 8.25611524169 -0.743884758308
v 78.8 8.8 -0.836071375263
v 78.582618384 8.8 -0.417381616003
v 78.4697549429 8.8 -0.2
v 78.4945739652 8.49457396517 -0.2
v 78.935784961 7.93578496096 -1.06421503904
v 78.8968163262 8.8 -1.10318367383
v 60.8 8.92179175698 -1.07820824302
v 60.9550695647 8.95506956466 -1.04493043534
v 61.8 9.07355271916 -0.926447280841
v 62.1431577386 9.14315773861 -0.856842261388
v 62.8 9.22570828145 -0.774291718549
v 62.8 9.8 -1.19467195685
v 63.3120263098 9.3120263098 -0.687973690199
v 63.8 9.36464845677 -0.635351543233
v 63.8 9.8 -0.927352890924
v 62.8075252967 9.8 -1.19247470325
v 64.4237715718 9.42377157176 -0.576228428241
v 64.8 8.88479511271 -0.2
v 64.8 9.43979243932 -0.560207560683
v 64.8 9.8 -0.795005685655
v 64.1239462044 9.8 -0.876053795597
v 65.5245237291 9.52452372908 -0.475476270918
v 65.8 9.12200397083 -0.2
v 65.8 9.53807148374 -0.461928516259
v 65.8 9.8 -0.627567645697
v 65.3019629148 9.8 -0.698037085242
v 64.9206424448 8.92064244482 -0.2
v 66.6330778774 9.6330778774 -0.366922122602
v 66.8 9.38054739575 -0.2
v 66.8 9.64095202143 -0.359047978569
v 66.8 9.8 -0.456647628582
v 66.5033731845 9.8 -0.496626815526
v 66.2568707355 9.2568707355 -0.2
v 67.7462977478 9.74629774781 -0.253702252188
v 67.8 9.66221643767 -0.2
v 67.8 9.7487289135 -0.251271086501
v 67.8 9.8 -0.281805197099
v 67.7061272631 9.8 -0.293872736928
v 67.6218298709 9.62182987091 -0.2
v 68.271343075 9.8 -0.2
v 78.4470067729 9.44700677294 -0.552993227062
v 78.8 9.02558062531 -0.974419374687
v 78.374906301 9.8 -0.625093699004
v 78.1556777093 9.8 -0.2
v 78.307997821 9.30799782102 -0.2
v 78.8829894237 8.88298942368 -1.11701057632
v 62.8 9.80259960689 -1.19740039311
v 62.8030743286 9.80307432859 -1.19692567141
v 63.8 9.93228646705 -1.06771353295
v 63.9502480943 9.95024809426 -1.04975190574
v 64.8 10.0007426429 -0.999257357074
v 65.0321665286 10.0321665286 -0.967833471397
v 65.8 10.086552394 -0.913447606016
v 66.1299997145 10.1299997145 -0.870000285513
v 66.8 10.1756313023 -0.824368697718
v 67.2308691364 10.2308691364 -0.769130863552
v 67.8 10.268173851 -0.731826148981
v 68.3350296772 10.3350296772 -0.66497032283
v 68.8 9.90312573569 -0.2
v 68.8 10.3643851974 -0.635614802553
v 68.8 10.8 -1.04797923025
v 69.4572580478 10.4572580478 -0.542741952222
v 69.8 10.141463004 -0.2
v 69.8 10.4808927403 -0.519107259739
v 69.8 10.8 -0.819108798644
v 69.0097026423 10.8 -0.990297357656
v 68.9454370962 9.94543709617 -0.2
v 70.5785289475 10.5785289475 -0.421471052509
v 70.8 10.3711345419 -0.2
v 70.8 10.5922749433 -0.407725056726
v 70.8 10.8 -0.603930794428
v 70.3033673306 10.8 -0.696632669365
v 70.2606951161 10.2606951161 -0.2
v 71.7133809333 10.7133809333 -0.286619066689
v 71.8 10.6334495552 -0.2
v 71.8 10.7189251276 -0.281074872384
v 71.8 10.8 -0.35840382283
v 71.603142677 10.8 -0.396857323029
v 71.5864102528 10.5864102528 -0.2
v 72.4224811187 10.8 -0.2
v 77.687488757 10.687488757 -0.312511242997
v 77.8 10.4605357632 -0.2
v 77.8 10.6266049209 -0.373395079134
v 77.8 10.8 -0.554439253066
v 77.6327428017 10.8 -0.367257198252
v 77.4832895307 10.8 -0.2
v 77.6351641841 10.6351641841 -0.2
v 78.2228265021 10.2228265021 -0.777173497917
v 78.0186838476 10.8 -0.981316152427
v 78.0301875541 10.0301875541 -0.2
v 68.8 10.865780976 -1.13421902405
v 68.8782173039 10.8782173039 -1.12178269606
v 69.8 10.9643973116 -1.03560268843
v 69.991853079 10.991853079 -1.00814692096
v 70.8 11.056856744 -0.943143256006
v 71.1014877291 11.1014877291 -0.898512270932
v 71.8 11.1598249701 -0.840175029906
v 72.220915928 11.220915928 -0.779084072014
v 72.8 10.8766145356 -0.2
v 72.8 11.2677808601 -0.732219139891
v 73.3454758359 11.3454758359 -0.65452416415
v 73.8 11.0789272197 -0.2
v 73.8 11.3811399986 -0.618860001365
v 72.9017621073 10.9017621073 -0.2
v 74.4756773829 11.4756773829 -0.524322617105
v 74.8 11.2886627107 -0.2
v 74.8 11.5003618775 -0.499638122466
v 74.8 11.8 -0.925785985463
v 74.1674278821 11.1674278821 -0.2
v 75.612076801 11.612076801 -0.387923199046
v 75.8 11.5058668281 -0.2
v 75.8 11.625956253 -0.374043746972
v 75.8 11.8 -0.627506453983
v 75.2112485248 11.8 -0.788751475153
v 75.4385746219 11.4385746219 -0.2
v 76.5419084874 11.5419084874 -0.458091512593
v 76.8 11.3184570062 -0.2
v 76.8 11.5130253342 -0.486974665754
v 76.8 11.8 -0.910242211973
v 76.2478673168 11.8 -0.75213268318
v 76.3924421919 11.3924421919 -0.2
v 77.2892341293 11.2892341293 -0.710765870726
v 77.8 11.0594786781 -0.940521321931
v 76.9359018007 11.8 -1.06409819926
v 77.093316314 11.093316314 -0.2
v 77.9449744924 10.9449744924 -1.0550255076
v 74.8 11.8965255533 -1.10347444674
v 74.9141671998 11.9141671998 -1.08583280024
v 75.8 11.9981295949 -1.00187040508
v 75.9797512271 11.9797512271 -1.02024877288
v 76.8 11.8992752714 -1.10072472864
v 76.8713017098 11.8713017098 -1.12869829025
v 6.71720061841 -1.28279938159 0.717200618413
v 6.8 -1.4070697573 0.8
v 6.8 -1.30895127193 0.691048728067
v 6.8 -1.2 0.570068674087
v 6.66126529582 -1.2 0.661265295816
v 6.4502123228 -1.2 0.8
v 6.67060477125 -1.32939522875 0.8
v 7.67402992282 -1.32597007718 0.674029922822
v 7.8 -1.44898918508 0.8
v 7.8 -1.33231235851 0.667687641489
v 7.8 -1.2 0.517798997541
v 7.53967322902 -1.2 0.539673229025
v 7.56463324789 -1.43536675211 0.8
v 8.66416955124 -1.33583044876 0.66416955124
v 8.8 -1.46402287157 0.8
v 8.8 -1.34197948617 0.658020513826
v 8.8 -1.2 0.49301484587
v 8.51162005247 -1.2 0.511620052467
v 8.54530102921 -1.45469897079 0.8
v 9.65488118288 -1.34511881712 0.654881182877
v 9.8 -1.47841526854 0.8
v 9.8 -1.35153587162 0.648464128379
v 9.8 -1.2 0.467659895517
v 9.48755562137 -1.2 0.48755562137
v 9.53098534238 -1.46901465762 0.8
v 10.6456904117 -1.35430958831 0.645690411695
v 10.8 -1.49216871567 0.8
v 10.8 -1.36097622751 0.639023772494
v 10.8 -1.2 0.44169612583
v 10.4628916289 -1.2 0.462891628936
v 10.5172625159 -1.48273748412 0.8
v 11.6504834323 -1.34951656765 0.650483432348
v 11.8 -1.46575664354 0.8
v 11.8 -1.35182977634 0.648170223656
v 11.8 -1.2 0.443893677609
v 11.4615364803 -1.2 0.461536480254
v 11.5255756523 -1.47442434765 0.8
v 12.6640041954 -1.33599580461 0.664004195388
v 12.8 -1.43187304367 0.8
v 12.8 -1.33875799275 0.661242007254
v 12.8 -1.2 0.452629137155
v 12.4728132093 -1.2 0.472813209259
v 12.5585766365 -1.44142336348 0.8
v 13.680671547 -1.319328453 0.680671547002
v 13.8 -1.39387199574 0.8
v 13.8 -1.32126918502 0.678730814977
v 13.8 -1.2 0.474493018883
v 13.4907817961 -1.2 0.490781796134
v 13.5975296866 -1.40247031341 0.8
v 14.7018594951 -1.29814050489 0.701859495111
v 14.8 -1.35223636157 0.8
v 14.8 -1.29935399523 0.700646004774
v 14.8 -1.2 0.512533712178
v 14.5243554622 -1.2 0.524355462198
v 14.6405916868 -1.35940831325 0.8
v 15.7276339886 -1.27236601139 0.727633988613
v 15.8 -1.30736370952 0.8
v 15.8 -1.27298830938 0.72701169062
v 15.8 -1.2 0.570910395841
v 15.5780258884 -1.2 0.578025888415
v 15.6873191212 -1.31268087883 0.8
v 16.775450607 -1.22454939295 0.775450607046
v 16.8 -1.23392517068 0.8
v 16.8 -1.22390941077 0.776090589232
v 16.8 -1.2 0.717986349346
v 16.713251996 -1.2 0.713251996014
v 16.7629774386 -1.23702256143 0.8
v 17.1582136476 -1.2 0.8
v 5.78583229215 -0.214167707849 0.785832292151
v 5.8 -0.289374056253 0.8
v 5.8 -0.2285490194 0.7714509806
v 5.8 -0.2 0.75805112832
v 5.78310078938 -0.2 0.783100789383
v 5.77170010341 -0.2 0.8
v 5.77860711084 -0.221392889159 0.8
v 6.47410670518 -0.525893294822 0.474106705178
v 6.8 -0.672607867534 0.327392132466
v 6.8 -0.2 0.109924264108
v 6.38129695542 -0.2 0.381296955425
v 6.18247694044 -0.817523059558 0.8
v 7.31244502151 -0.687554978493 0.312445021507
v 7.8 -0.71522291697 0.28477708303
v 7.8 -0.2 0.0361124285565
v 7.09726385063 -0.2 0.0972638506315
v 8.28059956411 -0.719400435888 0.280599564112
v 8.8 -0.741567326255 0.258432673745
v 8.8 -0.2 -0.0197293597315
v 8.03310824162 -0.2 0.0331082416211
v 9.25507855221 -0.744921447792 0.255078552208
v 9.8 -0.767404126626 0.232595873374
v 9.8 -0.2 -0.0767892095711
v 8.97828172043 -0.2 -0.0217182795688
v 10.2299581344 -0.770041865633 0.229958134367
v 10.8 -0.792786238889 0.207213761111
v 10.8 -0.2 -0.135221804862
v 9.9220537211 -0.2 -0.0779462789033
v 11.2052702474 -0.794729752632 0.205270247368
v 11.8 -0.813345655683 0.186654344317
v 10.8642917714 -0.2 -0.13570822864
v 12.1867053383 -0.813294661711 0.186705338289
v 12.8 -0.834484219057 0.165515780943
v 13.1682223744 -0.831777625578 0.168222374422
v 13.8 -0.849091873786 0.150908126214
v 14.1559473838 -0.84405261624 0.15594738376
v 14.8 -0.85733623771 0.14266376229
v 15.1498728147 -0.850127185298 0.149872814702
v 15.8 -0.859336404152 0.140663595848
v 16.1549331035 -0.845066896459 0.154933103541
v 16.8 -0.830912239393 0.169087760607
v 17.1906643164 -0.809335683586 0.190664316414
v 17.8 -1.106928162 0.8
v 17.8 -0.784003383165 0.215996616835
v 18.2445054781 -0.755494521919 0.244505478081
v 18.8 -0.966429617201 0.8
v 18.8 -0.727715181433 0.272284818567
v 17.9033672371 -1.09663276292 0.8
v 19.3091748878 -0.690825112215 0.309174887785
v 19.8 -0.831763606101 0.8
v 19.8 -0.662395703092 0.337604296908
v 19.0610378538 -0.938962146213 0.8
v 20.384504476 -0.615495524025 0.384504475975
v 20.8 -0.701588436725 0.8
v 20.8 -0.588334990568 0.411665009432
v 20.2135765933 -0.786423406733 0.8
v 21.4703603853 -0.529639614661 0.470360385339
v 21.8 -0.574925461561 0.8
v 21.8 -0.505774253686 0.494225746314
v 21.3619661164 -0.638033883648 0.8
v 22.501110616 -0.498889383987 0.501110616013
v 22.8 -0.560582695129 0.8
v 22.8 -0.521213194967 0.478786805033
v 22.4326926263 -0.567307373735 0.8
v 23.4739363648 -0.526063635195 0.473936364805
v 23.8 -0.56826860618 0.8
v 23.8 -0.553786427714 0.446213572286
v 23.4342926637 -0.565707336258 0.8
v 24.449190726 -0.550809273952 0.449190726048
v 24.8 -0.563317767279 0.8
v 24.8 -0.580692544548 0.419307455452
v 24.4347615366 -0.565238463413 0.8
v 25.4317905587 -0.568209441287 0.431790558713
v 25.8 -0.544516176382 0.8
v 25.8 -0.599519205083 0.400480794917
v 25.4489185832 -0.551081416804 0.8
v 26.4253677895 -0.574632210537 0.425367789463
v 26.8 -0.510473073407 0.8
v 26.8 -0.606248799601 0.393751200399
v 26.4787774057 -0.521222594298 0.8
v 27.43649795 -0.563502049998 0.436497950002
v 27.8 -0.459585920506 0.8
v 27.8 -0.593654968719 0.406345031281
v 27.5268323693 -0.473167630683 0.8
v 28.4784499907 -0.521550009327 0.478449990673
v 28.8 -0.38999653333 0.8
v 28.8 -0.54729686626 0.45270313374
v 28.5962152326 -0.403784767392 0.8
v 29.6685226555 -0.331477344456 0.668522655544
v 29.8 -0.252166422515 0.8
v 29.8 -0.301035801787 0.698964198213
v 29.7374413307 -0.262558669259 0.8
v 30.8 -0.2 0.634582089198
v 30.6658163664 -0.2 0.665816366449
v 30.1865323863 -0.2 0.8
v 31.8 -0.2 0.372869427526
v 31.4542421436 -0.2 0.454242143626
v 32.8 -0.2 0.120794512367
v 32.2507120954 -0.2 0.250712095359
v 33.8 -0.2 -0.12335257149
v 33.0533415012 -0.2 0.0533415011654
v 33.8607636604 -0.2 -0.139236339596
v 5.8 0.0318926787668 0.8
v 6.45709479393 0.457094793927 0.457094793927
v 6.8 0.182677509688 0.182677509688
v 6.8 0.8 0.30004059898
v 6.49494364206 0.8 0.49494364206
v 6.01747864177 0.8 0.8
v 7.15109590082 0.151095900817 0.151095900817
v 7.8 0.0833353789204 0.0833353789204
v 7.8 0.8 0.200883144533
v 7.26608610321 0.8 0.266086103209
v 8.06653984005 0.066539840051 0.066539840051
v 8.8 0.00818152580764 0.00818152580764
v 8.8 0.8 0.112236284025
v 8.18082227624 0.8 0.180822276237
v 8.99708239678 -0.00291760322174 -0.00291760322174
v 9.8 -0.0628265572221 -0.0628265572221
v 9.8 0.8 0.0226977391497
v 9.09767508361 0.8 0.0976750836143
v 9.93059568897 -0.0694043110252 -0.0694043110252
v 10.8 -0.130370374115 -0.130370374115
v 10.8 0.8 -0.0680375709048
v 10.0130314683 0.8 0.0130314682747
v 10.8641294464 -0.135870553606 -0.135870553606
v 10.9221850992 0.8 -0.0778149007719
v 30.8 -0.0529824119438 0.8
v 31.8 0.157598674437 0.8
v 30.9727131889 -0.0272868110522 0.8
v 32.8 0.341938121284 0.8
v 32.219892558 0.219892558009 0.8
v 33.8 0.508205701692 0.8
v 33.4355123622 0.435512362174 0.8
v 34.8 0.661493638033 0.8
v 34.8 0.262937903191 0.262937903191
v 34.6289879051 0.628987905055 0.8
v 35.8 0.8 0.792851223649
v 35.7939123645 0.8 0.793912364479
v 35.76260561 0.8 0.8
v 36.8 0.8 0.566422143953
v 36.6093889789 0.8 0.609388978924
v 37.8 0.8 0.128405812824
v 37.3027382413 0.8 0.302738241325
v 38.0159080781 0.8 0.0159080780762
v 6.8 1.39492269968 0.8
v 7.8 1.53812034078 0.8
v 7.51098961471 1.51098961471 0.8
v 8.8 1.68458472952 0.8
v 8.67569817191 1.67569817191 0.8
v 9.70970226651 1.70970226651 0.709702266514
v 9.8 1.67195820024 0.671958200237
v 9.8 1.8 0.767143969815
v 9.77222582838 1.8 0.772225828383
v 9.5432841347 1.8 0.8
v 10.4021778336 1.40217783364 0.402177833641
v 10.8 1.25948361814 0.259483618141
v 10.8 1.8 0.642768781273
v 10.6674243727 1.8 0.667424372728
v 11.0747396177 1.07473961767 0.0747396176685
v 11.8 1.8 0.40960116166
v 11.5048892333 1.8 0.504889233306
v 12.8 1.8 0.160950029752
v 12.3142028593 1.8 0.314202859316
v 13.8 1.8 -0.106220062706
v 13.1074628025 1.8 0.107462802468
v 13.8806858153 1.8 -0.11931418471
v 35.8 0.809720628068 0.8
v 36.8 1.09852062205 0.8
v 35.8128440507 0.812844050685 0.8
v 37.8 1.59025655934 0.8
v 37.3372329456 1.33723294561 0.8
v 38.4373127034 1.43731270342 0.437312703424
v 38.8 1.8 0.636336016666
v 38.6659412891 1.8 0.665941289102
v 38.2881649679 1.8 0.8
v 39.8 1.8 0.312908579413
v 39.4089180521 1.8 0.408918052095
v 40.8 1.8 -0.00058730920224
v 40.1687328794 1.8 0.168732879397
v 40.9416530565 1.8 -0.0583469435484
v 9.8 1.82366416607 0.8
v 10.8 1.91684875746 0.8
v 9.82856886096 1.82856886096 0.8
v 11.8 2.09246009453 0.8
v 10.9555456947 1.95554569466 0.8
v 12.8 2.28185542027 0.8
v 12.1866491307 2.18664913073 0.8
v 13.8 2.48661613652 0.8
v 13.4326452483 2.43264524828 0.8
v 14.8 2.70992048759 0.8
v 14.8 2.42481648501 0.424816485007
v 14.6954752355 2.6954752355 0.8
v 15.8 2.8 0.5704029952
v 15.6476304724 2.8 0.647630472442
v 15.1751497618 2.8 0.8
v 16.8 2.8 0.126898785022
v 16.366002332 2.8 0.366002331979
v 17.0419327334 2.8 0.0419327333753
v 38.8 2.2152030221 0.8
v 39.7867214885 2.78672148851 0.786721488514
v 39.8 2.78048989856 0.78048989856
v 39.8 2.8 0.790038453086
v 39.7911205758 2.8 0.79112057582
v 39.7534483532 2.8 0.8
v 40.4507339489 2.45073394894 0.450733948938
v 40.8 2.24274090773 0.242740907729
v 40.8 2.8 0.554777999724
v 40.5865339938 2.8 0.586533993816
v 41.070545586 2.07054558597 0.0705455859742
v 41.8 2.8 0.318429335686
v 41.3896331437 2.8 0.389633143743
v 42.8 2.8 0.0805570142995
v 42.1987482116 2.8 0.198748211629
v 43.8 2.8 -0.0240099219499
v 43.0410900237 2.8 0.0410900237075
v 44.8 2.8 0.0158373088102
v 43.986513641 2.8 -0.0134863589558
v 45.8 2.8 0.0520340968682
v 45.027596727 2.8 0.0275967269631
v 46.8 2.8 0.0849081647901
v 46.064562571 2.8 0.0645625710333
v 47.8 2.8 0.114750163284
v 47.0978451415 2.8 0.0978451414977
v 48.8 2.8 0.141818660756
v 48.1278182398 2.8 0.127818239824
v 49.8 2.8 0.166344362112
v 49.1548057254 2.8 0.154805725367
v 50.8 2.8 0.101028988238
v 50.145620914 2.8 0.14562091399
v 51.8 2.8 -0.0741816801338
v 51.0466509301 2.8 0.046650930056
v 51.9018745196 2.8 -0.0981254804209
v 15.8 2.90457479036 0.8
v 16.8 3.09862706822 0.8
v 15.941988272 2.94198827201 0.8
v 17.8 3.30633981133 0.8
v 17.8 2.93512415587 -0.0648758441339
v 17.202632882 3.20263288205 0.8
v 18.0427409334 3.04274093343 0.042740933432
v 18.8 3.53055539715 0.8
v 18.8 3.34232529659 0.342325296594
v 18.4778790697 3.47787906967 0.8
v 19.7364408112 3.73644081115 0.736440811151
v 19.8 3.77558520599 0.8
v 19.8 3.76004387126 0.760043871255
v 19.7711914015 3.77119140148 0.8
v 20.8 3.8 0.0819064252954
v 20.4459702224 3.8 0.445970222432
v 19.9007093141 3.8 0.8
v 20.9670346637 3.8 -0.0329653362952
v 24.7663233593 3.76632335934 0.76632335934
v 24.8 3.76484128879 0.8
v 24.8 3.76577327644 0.765773276445
v 24.4895656838 3.8 0.489565683835
v 24.6340000568 3.8 0.8
v 24.7688813132 3.76888131321 0.8
v 25.5793138347 3.57931383473 0.579313834733
v 25.8 3.54166056769 0.8
v 25.8 3.57248838588 0.572488385883
v 25.5744901385 3.5744901385 0.8
v 26.4285060422 3.42850604223 0.428506042231
v 26.8 3.3225436458 0.8
v 26.8 3.412743856 0.412743856002
v 26.3885597615 3.3885597615 0.8
v 27.3013671231 3.30136712308 0.301367123079
v 27.8 3.1072327339 0.8
v 27.8 3.27549937466 0.275499374658
v 27.21019571 3.21019571005 0.8
v 28.1905820926 3.19058209258 0.190582092584
v 28.8 2.89552689439 0.8
v 28.8 3.15407570528 0.154075705284
v 28.0386902566 3.03869025657 0.8
v 29.1890888562 3.18908885624 0.189088856239
v 29.8 2.93616332748 0.8
v 29.8 3.23991269262 0.239912692619
v 28.9092994458 2.90929944577 0.8
v 30.330325014 3.33032501396 0.330325013955
v 30.8 3.10286042271 0.8
v 30.8 3.37740974599 0.377409745991
v 29.9847391792 2.98473917917 0.8
v 31.4841022578 3.4841022578 0.484102257795
v 31.8 3.28466110643 0.8
v 31.8 3.51088194176 0.510881941763
v 31.8 3.8 0.148527105718
v 31.2077743296 3.20777432962 0.8
v 32.6279837274 3.62798372743 0.627983727429
v 32.8 3.48766671261 0.8
v 32.8 3.63988513549 0.639885135487
v 32.8 3.8 0.47441993306
v 32.3115512882 3.8 0.311551288222
v 32.4480225372 3.44802253723 0.8
v 33.7618822843 3.76188228435 0.761882284346
v 33.8 3.72168305534 0.8
v 33.8 3.76391839575 0.763918395755
v 33.8 3.8 0.733590004548
v 33.7088011311 3.8 0.708801131087
v 33.7137315357 3.71373153574 0.8
v 34.1218748504 3.8 0.8
v 39.8 3.46159479552 0.8
v 40.6744936981 3.6744936981 0.674493698103
v 40.8 3.6533837267 0.653383726705
v 40.8 3.8 0.673137667994
v 40.6785847128 3.8 0.678584712763
v 39.8346186194 3.8 0.8
v 41.5140868933 3.5140868933 0.514086893296
v 41.8 3.4517223096 0.451722309602
v 41.8 3.8 0.528756170743
v 41.5470455899 3.8 0.547045589901
v 42.3229189942 3.3229189942 0.322918994199
v 42.8 3.191913396 0.191913396003
v 42.8 3.8 0.373530869698
v 42.4114574951 3.8 0.411457495116
v 43.1411281051 3.14112810509 0.141128105088
v 43.8 3.05820611939 0.0582061193891
v 43.8 3.8 0.294251953917
v 43.319309682 3.8 0.319309681959
v 44.0656945646 3.06569456461 0.0656945646097
v 44.8 3.10283278915 0.102832789146
v 44.8 3.8 0.303041225933
v 44.303935511 3.8 0.303935511011
v 45.1103011119 3.11030111194 0.110301111937
v 45.8 3.1397129886 0.1397129886
v 45.8 3.8 0.310133410965
v 45.3118221914 3.8 0.311822191417
v 46.146865511 3.14686551104 0.146865511036
v 46.8 3.17035309469 0.170353094691
v 46.8 3.8 0.315684061184
v 46.3180588304 3.8 0.31805883039
v 47.1770283704 3.17702837039 0.17702837039
v 47.8 3.19589366934 0.195893669342
v 47.8 3.8 0.319830754519
v 47.3228038256 3.8 0.322803825574
v 48.2020117197 3.20201171975 0.202011719746
v 48.8 3.21721405131 0.217214051314
v 48.8 3.8 0.32269556934
v 48.3261958172 3.8 0.326195817151
v 49.2227445878 3.22274458784 0.222744587836
v 49.8 3.2350030154 0.235003015396
v 49.8 3.8 0.324387167296
v 49.3283566953 3.8 0.328356695289
v 50.2116110893 3.21161108933 0.211611089334
v 50.8 3.16323107688 0.163231076884
v 50.8 3.8 0.278894036255
v 50.300446092 3.8 0.300446092026
v 51.1082752674 3.10827526741 0.108275267412
v 51.8 2.96381808 -0.0361819199984
v 51.8 3.8 0.165669426466
v 51.2179240039 3.8 0.217924003891
v 51.9350116217 2.93501162175 -0.0649883782523
v 52.8 3.8 0.0418110000232
v 52.1147282158 3.8 0.114728215815
v 53.8 3.8 -0.0917105155913
v 53.0054327314 3.8 0.00543273140212
v 53.8908738292 3.8 -0.109126170769
v 20.8 3.95715956299 0.8
v 21.8 4.13594445932 0.8
v 21.8 3.98292100266 -0.0170789973418
v 21.0053500012 4.0053500012 0.8
v 21.9619817342 3.96198173425 -0.0380182657533
v 22.8 4.06023561132 0.8
v 22.8 3.93107206804 -0.0689279319594
v 22.1040057332 4.10400573315 0.8
v 22.9060010601 3.90600106011 -0.093998939892
v 23.8 3.92026071427 0.8
v 23.8 3.85699435733 -0.143005642674
v 23.0166176729 4.01661767293 0.8
v 23.8463769282 3.84637692824 -0.153623071757
v 23.8990959679 3.89909596793 0.8
v 31.8 3.91493795824 -0.0850620417618
v 31.9404090091 3.94040900914 -0.0595909908611
v 32.8 4.04418585819 0.0441858581874
v 33.0937698252 4.09376982521 0.0937698252091
v 33.8 4.1698084481 0.169808448101
v 34.2383181418 4.23831814179 0.23831814179
v 34.8 3.90470453622 0.8
v 34.8 4.29150895861 0.291508958608
v 35.3805194814 4.38051948141 0.380519481409
v 35.8 4.07595250027 0.8
v 35.8 4.41607840445 0.416078404454
v 35.8 4.8 -0.0128041173056
v 34.9434240156 3.94342401559 0.8
v 36.4480288158 4.44802881579 0.448028815788
v 36.8 4.11534001397 0.8
v 36.8 4.46728573207 0.467285732072
v 36.8 4.8 0.168692302109
v 36.0090130797 4.8 0.00901307969533
v 36.1042420396 4.10424203964 0.8
v 37.4886160954 4.48861609542 0.488616095422
v 37.8 4.09574086352 0.8
v 37.8 4.49868652845 0.498686528451
v 37.8 4.8 0.285634721222
v 37.1917152665 4.8 0.191715266482
v 37.1368088289 4.13680882893 0.8
v 38.5067922087 4.50679220867 0.506792208673
v 38.8 4.01047561887 0.8
v 38.8 4.5102691263 0.510269126296
v 38.8 4.8 0.352459084623
v 38.2953319388 4.8 0.29533193881
v 38.1038864622 4.10388646216 0.8
v 39.5035506324 4.50355063236 0.50355063236
v 39.8 3.81145808132 0.8
v 39.8 4.50050238729 0.500502387287
v 39.8 4.8 0.379446820674
v 39.34442835 4.8 0.34442835002
v 39.0051374502 4.00513745017 0.8
v 40.478603887 4.47860388697 0.478603886966
v 40.8 4.46757964954 0.467579649542
v 40.8 4.8 0.37410778716
v 40.3543283786 4.8 0.354328378616
v 39.8103551324 3.81035513237 0.8
v 41.4316278441 4.43162784415 0.431627844149
v 41.8 4.40935713189 0.409357131891
v 41.8 4.8 0.342044269717
v 41.3350870077 4.8 0.335087007744
v 42.3622597969 4.36225979695 0.362259796947
v 42.8 4.32327499889 0.323274998893
v 42.8 4.8 0.287509742243
v 42.2935760592 4.8 0.293576059229
v 43.29326968 4.29326967999 0.293269679995
v 43.8 4.26824448426 0.268244484263
v 43.8 4.8 0.239542166857
v 43.2575867544 4.8 0.257586754427
v 44.2690776214 4.26907762144 0.269077621439
v 44.8 4.26818681269 0.268186812688
v 44.8 4.8 0.22947489597
v 44.2403665271 4.8 0.240366527102
v 45.2687840801 4.26878408009 0.268784080087
v 45.8 4.26710143055 0.267101430548
v 45.8 4.8 0.218930315501
v 45.2300627147 4.8 0.230062714678
v 46.2674943189 4.26749431887 0.267494318867
v 46.8 4.26512763602 0.265127636021
v 46.8 4.8 0.207953336032
v 46.2193145677 4.8 0.219314567728
v 47.2653437215 4.26534372149 0.265343721492
v 47.8 4.26238079536 0.262380795359
v 47.8 4.8 0.196583556022
v 47.2081631292 4.8 0.208163129159
v 48.262444214 4.26244421398 0.262444213976
v 48.8 4.2589572548 0.258957254796
v 48.8 4.8 0.18485600945
v 48.1966446082 4.8 0.196644608224
v 49.2642568652 4.26425686515 0.264256865154
v 49.8 4.26029892055 0.260298920554
v 49.8 4.8 0.177865730949
v 49.1899166158 4.8 0.189916615798
v 50.2498351735 4.24983517351 0.249835173507
v 50.8 4.2285927271 0.228592727104
v 50.8 4.8 0.16929159704
v 50.1679981589 4.8 0.167998158923
v 51.2006603007 4.20066030072 0.200660300721
v 51.8 4.14926905407 0.149269054067
v 51.8 4.8 0.126827810752
v 51.142904682 4.8 0.142904682011
v 52.1201351648 4.12013516484 0.120135164837
v 52.8 4.04641570604 0.0464157060379
v 52.8 4.8 0.0691393350057
v 52.098706565 4.8 0.0987065649638
v 53.0212151068 4.02121510676 0.0212151067604
v 53.8 3.91771446907 -0.0822855309294
v 53.8 4.8 -0.00232713310944
v 53.0423622214 4.8 0.0423622213683
v 53.903382123 3.903382123 -0.0966178769972
v 54.8 4.8 -0.086321275196
v 53.9755421458 4.8 -0.0244578541991
v 55.8 4.8 -0.181757760027
v 54.899631715 4.8 -0.100368284998
v 55.815789846 4.8 -0.184210153973
v 73.8 4.8 -0.186486445791
v 74.8 4.8 -0.0712364659417
v 73.8162700198 4.8 -0.183729980234
v 75.8 4.8 0.0494956409781
v 74.9546400836 4.8 -0.0453599164229
v 76.8 4.8 -0.0393897577715
v 76.0326188278 4.8 0.0326188277875
v 76.9024340209 4.8 -0.0975659791197
v 35.8 4.86778598341 -0.132214016594
v 35.873044053 4.87304405295 -0.126955947046
v 36.8 4.94832620207 -0.0516737979342
v 36.9581129605 4.95811296047 -0.0418870395305
v 37.8 5.01590271385 0.0159027138534
v 38.0270219472 5.02702194716 0.0270219471648
v 38.8 5.06974440092 0.0697444009201
v 39.0795965001 5.07959650006 0.0795965000568
v 39.8 5.10913969717 0.109139697166
v 40.1156367144 5.11563671437 0.115636714374
v 40.8 5.13326805227 0.133268052267
v 41.1349155408 5.13491554078 0.13491554078
v 41.8 5.14118012776 0.141180127764
v 42.1371768883 5.13717688828 0.137176888285
v 42.8 5.13177349102 0.131773491021
v 42.8 5.8 -0.164145982259
v 43.1225575606 5.12255756059 0.122557560591
v 43.8 5.10682569401 0.106825694014
v 43.8 5.8 -0.189748183756
v 42.8344344874 5.8 -0.165565512599
v 44.1078342508 5.10783425078 0.107834250785
v 44.8 5.09847231584 0.0984723158359
v 43.8103000002 5.8 -0.18969999975
v 45.0994225543 5.09942255431 0.0994225543114
v 45.8 5.08995143461 0.0899514346056
v 46.0908464731 5.09084647308 0.090846473078
v 46.8 5.08127997308 0.0812799730773
v 47.0821226831 5.08212268314 0.0821226831423
v 47.8 5.07247264632 0.0724726463232
v 48.0732656785 5.07326567853 0.0732656785258
v 48.8 5.06354231023 0.0635423102296
v 49.0707050015 5.07070500145 0.0707050014522
v 49.8 5.06076371413 0.0607637141298
v 50.0623227069 5.06232270695 0.0623227069461
v 50.8 5.06339951743 0.0633995174323
v 51.0608632577 5.0608632577 0.0608632577049
v 51.8 5.04718588696 0.0471858869649
v 51.8 5.8 -0.183873930519
v 52.041329475 5.04132947496 0.0413294749646
v 52.8 5.01569486529 0.0156948652932
v 52.8 5.8 -0.167547808915
v 51.8156303437 5.8 -0.184369656275
v 53.0074519151 5.00745191509 0.00745191509409
v 53.8 4.96777423389 -0.0322257661088
v 53.8 5.8 -0.169614091102
v 52.8309357909 5.8 -0.169064209093
v 53.9588463587 4.95884635868 -0.0411536413173
v 54.8 4.90213784209 -0.0978621579101
v 54.8 5.8 -0.18836453852
v 53.828518436 5.8 -0.17148156402
v 54.8951209211 4.89512092115 -0.104879078852
v 55.8 4.81734534021 -0.182654659789
v 54.8107615772 5.8 -0.189238422841
v 55.8158763387 4.81587633874 -0.184123661257
v 67.8 5.8 -0.166443590563
v 68.8 5.8 -0.103062803185
v 67.8377301462 5.8 -0.162269853816
v 69.8 5.8 -0.00922137839529
v 68.9151698192 5.8 -0.0848301807594
v 70.8 5.8 0.0804818638631
v 70.0175959413 5.8 0.0175959412595
v 71.8 5.8 0.193600162208
v 71.1304352971 5.8 0.130435297103
v 72.8 5.8 0.31196480501
v 72.2624439383 5.8 0.26244393832
v 73.8 4.83586840417 -0.164131595834
v 73.8 5.8 0.435981017781
v 73.3999809772 5.8 0.399980977177
v 73.8581459203 4.85814592032 -0.141854079679
v 74.8 5.15553356033 0.155533560335
v 74.8 5.8 0.566094153061
v 74.5435379405 5.8 0.543537940482
v 75.3859866972 5.38598669718 0.38598669718
v 75.8 5.52005956014 0.520059560138
v 75.8 5.8 0.702795164052
v 75.6936509344 5.8 0.693650934449
v 76.3706302658 5.37063026583 0.370630265835
v 76.8 5.25619037183 0.256190371831
v 76.8 5.8 0.608541781021
v 76.6275470104 5.8 0.627547010446
v 76.9732413852 4.97324138522 -0.0267586147806
v 77.8 5.8 0.0335208979293
v 77.3133530544 5.8 0.313353054363
v 77.9150728902 5.8 -0.0849271097737
v 42.8 5.81957852963 -0.18042147037
v 42.8192286832 5.81922868324 -0.180771316761
v 43.8 5.80566213202 -0.194337867981
v 43.8057505785 5.80575057851 -0.194249421491
v 51.8 5.81011609111 -0.18988390889
v 51.8102829924 5.8102829924 -0.189717007598
v 52.8 5.821475412 -0.178524587998
v 52.821583242 5.82158324203 -0.178416757968
v 53.8 5.82119596495 -0.178804035053
v 53.8210513384 5.82105133841 -0.178948661586
v 54.8 5.80854999639 -0.191450003605
v 54.8083871512 5.80838715124 -0.191612848761
v 60.8 6.8 -0.165258781656
v 61.8 6.8 -0.127829003538
v 60.8374558734 6.8 -0.162544126575
v 62.8 6.8 -0.107675671828
v 61.8762655476 6.8 -0.123734452432
v 63.8 6.8 -0.101915899037
v 62.8984560545 6.8 -0.101543945546
v 64.8 6.8 -0.0515480701448
v 63.9064445129 6.8 -0.0935554870635
v 65.8 6.8 0.0158447368403
v 64.9668944739 6.8 -0.0331055261233
v 66.8 6.8 0.0851918511333
v 66.0419695992 6.8 0.0419695992039
v 67.8 5.84972374302 -0.150276256984
v 67.8 6.8 0.156553557361
v 67.1188447091 6.8 0.118844709102
v 67.8586682579 5.8586682579 -0.141331742097
v 68.8 5.94575510543 -0.0542448945695
v 68.8 6.8 0.229991821488
v 68.1975986274 6.8 0.19759862739
v 68.9848064844 5.9848064844 -0.0151935155983
v 69.8 6.0910918564 0.0910918563972
v 69.8 6.8 0.335388862626
v 69.3005723149 6.8 0.300572314932
v 70.1547062781 6.15470627808 0.154706278078
v 70.8 6.23517768965 0.23517768965
v 70.8 6.8 0.43517008418
v 70.4067005565 6.8 0.406700556472
v 71.3540400348 6.35404003482 0.354040034823
v 71.8 6.42034685663 0.42034685663
v 71.8 6.8 0.558596371591
v 71.537347239 6.8 0.537347238976
v 72.5896373893 6.58963738927 0.589637389271
v 72.8 6.62070292892 0.620702928922
v 72.8 6.8 0.687911776303
v 72.6783310643 6.8 0.678331064255
v 73.8 6.7393397894 0.8
v 73.6353677697 6.8 0.8
v 73.7567856509 6.75678565092 0.8
v 74.8 6.38538997918 0.8
v 74.5008641471 6.50086414711 0.8
v 75.8 6.03572154775 0.8
v 75.2417460297 6.24174602967 0.8
v 76.8 6.27173649154 0.8
v 76.115720601 6.11572060099 0.8
v 77.4873923851 6.48739238507 0.487392385075
v 77.8 6.18840913682 0.188409136824
v 77.8 6.8 0.432296890073
v 77.567585902 6.8 0.567585902014
v 77.1683198259 6.8 0.8
v 77.94259628 5.94259627998 -0.0574037200154
v 78.110495461 6.8 0.110495460984
v 60.8 6.83058440308 -0.169415596922
v 60.8347944307 6.83479443073 -0.165205569269
v 61.8 6.86721510739 -0.132784892608
v 61.8753641198 6.87536411984 -0.124635880156
v 62.8 6.89125184256 -0.108748157442
v 62.8 7.8 -0.129177329082
v 62.9036427313 6.90364273129 -0.0963572687142
v 63.8 6.9032534274 -0.0967465726046
v 63.8 7.8 -0.0551131677374
v 62.8806858275 7.8 -0.11931417253
v 63.9138827419 6.91388274192 -0.0861172580781
v 64.8 6.95830554024 -0.0416944597587
v 64.8 7.8 0.00834471440776
v 63.9590419292 7.8 -0.04095807083
v 64.9809912829 6.98099128294 -0.019008717064
v 65.8 7.03292019437 0.0329201943659
v 65.8 7.8 0.087059984066
v 65.036189042 7.8 0.0361890420446
v 66.0657215933 7.06572159334 0.0657215933449
v 66.8 7.11144341984 0.111443419844
v 66.8 7.8 0.167642822159
v 66.1242627299 7.8 0.124262729923
v 67.1545834057 7.15458340574 0.154583405739
v 67.8 7.19407365642 0.194073656423
v 67.8 7.8 0.250181489618
v 67.213888095 7.8 0.213888094984
v 68.2478103348 7.24781033482 0.247810334821
v 68.8 7.28102776608 0.281027766079
v 68.8 7.8 0.334763103262
v 68.3051901548 7.8 0.305190154783
v 69.3715976074 7.37159760735 0.371597607354
v 69.8 7.40536627043 0.40536627043
v 69.8 7.8 0.45098401753
v 69.4232990645 7.8 0.423299064515
v 70.5018335674 7.50183356739 0.501833567394
v 70.8 7.5265208758 0.526520875803
v 70.8 7.8 0.560389195822
v 70.5410697875 7.8 0.541069787514
v 71.6634159312 7.66341593122 0.663415931221
v 71.8 7.67617859 0.676178589997
v 71.8 7.8 0.692563994868
v 71.6830596461 7.8 0.683059646095
v 72.8 7.58402208126 0.8
v 72.5873878326 7.8 0.8
v 72.6929257946 7.69292579455 0.8
v 73.2049802119 7.20498021185 0.8
v 77.6519712438 7.65197124383 0.651971243834
v 77.8 7.54979133352 0.549791333523
v 77.8 7.8 0.588999746184
v 77.6672274403 7.8 0.667227440291
v 77.441878185 7.8 0.8
v 77.3039961524 7.30399615241 0.8
v 78.1351173927 7.13511739266 0.135117392665
v 78.1861030812 7.8 0.186103081176
v 62.8 7.85767890876 -0.142321091242
v 62.8671801835 7.8671801835 -0.132819816498
v 63.8 7.92206170615 -0.0779382938529
v 63.9345294515 7.93452945155 -0.0654705484516
v 64.8 7.97784035388 -0.0221596461228
v 64.8 8.8 -0.165559396313
v 65.0018553068 8.00185530682 0.00185530681628
v 65.8 8.04772977952 0.0477297795207
v 65.8 8.8 -0.0738435965308
v 64.8400342665 8.8 -0.159965733521
v 66.0804174827 8.08041748267 0.0804174826681
v 66.8 8.12071585876 0.120715858763
v 66.8 8.8 0.0194206256269
v 65.9459141056 8.8 -0.0540858943614
v 67.1621051152 8.16210511516 0.162105115163
v 67.8 8.19693288051 0.196932880514
v 67.8 8.8 0.114368777126
v 67.0525985676 8.8 0.0525985676325
v 68.247078305 8.24707830497 0.247078304972
v 68.8 8.27652555083 0.276525550834
v 68.8 8.8 0.21112988753
v 68.1603156281 8.8 0.160315628075
v 69.3553187596 8.35531875961 0.355318759607
v 69.8 8.38467070624 0.384670706244
v 69.8 8.8 0.337564086315
v 69.2892154259 8.8 0.2892154259
v 70.466426513 8.46642651301 0.466426513011
v 70.8 8.488977831 0.488977831001
v 70.8 8.8 0.455997058103
v 70.4226072724 8.8 0.422607272395
v 71.5988898939 8.59888989387 0.598889893866
v 71.8 8.61379263814 0.613792638139
v 71.8 8.8 0.595328059111
v 71.5737366133 8.8 0.573736613305
v 72.741626639 8.74162663904 0.74162663904
v 72.8 8.14395808764 0.8
v 72.8 8.74585135734 0.745851357338
v 72.8 8.8 0.740853078678
v 72.7348230143 8.8 0.734823014264
v 73.2039232164 8.8 0.8
v 77.6230154521 8.62301545214 0.623015452141
v 77.8 8.52694062181 0.526940621814
v 77.8 8.8 0.503629466264
v 77.614335367 8.8 0.614335366996
v 77.3029576019 8.8 0.8
v 77.3606435334 8.36064353344 0.8
v 78.1693909362 8.16939093625 0.169390936246
v 78.1431372235 8.8 0.143137223534
v 64.8 8.82452676305 -0.175473236948
v 64.8280304996 8.82803049963 -0.171969500369
v 65.8 8.89077172355 -0.10922827645
v 65.9033831835 8.90338318353 -0.0966168164668
v 66.8 8.95946441232 -0.0405355876821
v 66.9810349654 8.98103496536 -0.0189650346432
v 67.8 9.03070698907 0.0307069890692
v 68.0611208624 9.06112086235 0.0611208623523
v 68.8 9.10460738058 0.104607380582
v 68.8 9.8 -0.140431941677
v 69.1549573182 9.15495731821 0.154957318212
v 69.8 9.20043955899 0.200439558991
v 69.8 9.8 -0.00487093101858
v 68.8737074805 9.8 -0.126292519451
v 70.2561317461 9.25613174613 0.256131746127
v 70.8 9.29223841526 0.292238415262
v 70.8 9.8 0.121849332568
v 70.033381988 9.8 0.0333819880268
v 71.3680824958 9.3680824958 0.368082495804
v 71.8 9.39913123001 0.399131230006
v 71.8 9.8 0.266711403898
v 71.1916921017 9.8 0.191692101728
v 72.4896555793 9.48965557927 0.489655579271
v 72.8 9.51136469423 0.511364694229
v 72.8 9.8 0.417429631622
v 72.3654501353 9.8 0.36545013533
v 73.616847518 9.616847518 0.616847518004
v 73.8 9.09266322215 0.8
v 73.8 9.62931566221 0.629315662213
v 73.8 9.8 0.574546642516
v 73.5449323573 9.8 0.54493235727
v 74.7500956688 9.75009566882 0.750095668819
v 74.8 9.60490310768 0.8
v 74.8 9.75340187688 0.753401876878
v 74.8 9.8 0.738648632273
v 74.7308509267 9.8 0.730850926722
v 74.4184998105 9.4184998105 0.8
v 75.1721160231 9.8 0.8
v 76.7859479821 9.78594798206 0.785947982057
v 76.8 9.73612386093 0.8
v 76.8 9.78450164459 0.784501644591
v 76.8 9.8 0.779536575871
v 76.7820628814 9.8 0.782062881367
v 76.6447752247 9.8 0.8
v 76.7540244219 9.75402442188 0.8
v 77.475723756 9.47572375605 0.475723756047
v 77.8 9.33006362291 0.330063622907
v 77.8 9.8 0.176186050311
v 77.4109310224 9.8 0.410931022416
v 77.1246658412 9.1246658412 0.8
v 78.0950100575 9.09501005748 0.0950100574809
v 77.9828222683 9.8 -0.0171777316762
v 68.8 9.83779497 -0.162205029996
v 68.8444648247 9.84446482465 -0.155535175349
v 69.8 9.92417134248 -0.0758286575229
v 69.942776486 9.94277648603 -0.0572235139655
v 70.8 10.0061333551 0.00613335506351
v 71.0393775354 10.0393775354 0.0393775353703
v 71.8 10.0995919449 0.0995919449282
v 72.1468264453 10.1468264453 0.146826445274
v 72.8 10.1970726875 0.197072687502
v 72.8 10.8 -0.139538729206
v 73.258326882 10.258326882 0.258326882045
v 73.8 10.2988299697 0.298829969713
v 73.8 10.8 0.0201519912075
v 72.8763652598 10.8 -0.123634740242
v 74.3741852488 10.3741852488 0.374185248849
v 74.8 10.4051420029 0.405142002884
v 74.8 10.8 0.186216822056
v 74.0766473942 10.8 0.0766473941904
v 75.4947317863 10.4947317863 0.494731786294
v 75.8 10.0006336129 0.8
v 75.8 10.5163134211 0.516313421101
v 75.8 10.8 0.359311019261
v 75.2830453323 10.8 0.283045332273
v 76.4577786537 10.4577786537 0.457778653704
v 76.8 10.4269298334 0.426929833352
v 76.8 10.8 0.217102434504
v 76.2913831788 10.8 0.291383178771
v 75.9604106238 9.96041062375 0.8
v 77.2508037266 10.2508037266 0.250803726558
v 77.8 10.0396827544 0.0396827544354
v 77.0590001888 10.8 0.0590001887906
v 77.9428052708 9.94280527084 -0.057194729156
v 72.8 10.833833615 -0.166166384952
v 72.8395209224 10.8395209224 -0.160479077562
v 73.8 10.9231865875 -0.0768134124827
v 73.9434202499 10.9434202499 -0.056579750111
v 74.8 11.0159784198 0.0159784198016
v 75.0506721732 11.0506721732 0.0506721731601
v 75.8 11.1124221905 0.112422190478
v 76.0887116445 11.0887116445 0.0887116444855
v 76.8 11.0311447783 0.0311447782609
v 76.9722124436 10.9722124436 -0.0277875564257
v 6.59648254233 -1.40351745767 1.59648254233
v 6.8 -1.55599579024 1.8
v 6.8 -1.50985092167 1.49014907833
v 6.31951744009 -1.2 1.31951744009
v 6.19864255319 -1.2 1.8
v 6.57754280821 -1.42245719179 1.8
v 7.47826720761 -1.52173279239 1.47826720761
v 7.8 -1.58303427137 1.8
v 7.8 -1.53814332422 1.46185667578
v 7.43129815875 -1.56870184125 1.8
v 8.470590354 -1.529409646 1.470590354
v 8.8 -1.57887660726 1.8
v 8.8 -1.5402200411 1.4597799589
v 8.42620403935 -1.57379596065 1.8
v 9.46869435778 -1.53130564222 1.46869435778
v 9.8 -1.57421082667 1.8
v 9.8 -1.54186497879 1.45813502121
v 9.43048339506 -1.56951660494 1.8
v 10.4672355326 -1.53276446744 1.46723553256
v 10.8 -1.56905497583 1.8
v 10.8 -1.54306628285 1.45693371715
v 10.4352735576 -1.56472644236 1.8
v 11.4973293566 -1.50267064339 1.49732935661
v 11.8 -1.50528861121 1.8
v 11.8 -1.49347162859 1.50652837141
v 11.4728769921 -1.52712300786 1.8
v 12.5663225373 -1.43367746274 1.56632253726
v 12.8 -1.42231121757 1.8
v 12.8 -1.42434293841 1.57565706159
v 12.5560820223 -1.4439179777 1.8
v 13.645836384 -1.35416361602 1.64583638398
v 13.8 -1.33923622916 1.8
v 13.8 -1.34723800898 1.65276199102
v 13.6473576124 -1.35264238764 1.8
v 14.734810713 -1.26518928697 1.73481071303
v 14.8 -1.25598703076 1.8
v 14.8 -1.26194397381 1.73805602619
v 14.7386741494 -1.26132585055 1.8
v 15.8 -1.2 1.59610858425
v 15.6466579097 -1.2 1.64665790968
v 15.470006314 -1.2 1.8
v 16.8 -1.2 1.00432515142
v 16.245484449 -1.2 1.24548444904
v 16.9138620426 -1.2 0.9138620426
v 5.70249624686 -0.297503753138 1.70249624686
v 5.8 -0.641698905906 1.8
v 5.8 -0.526621895633 1.47337810437
v 5.67417527926 -0.2 1.67417527926
v 5.66013801002 -0.2 1.8
v 5.69427339284 -0.305726607159 1.8
v 6.13317332812 -0.866826671875 1.13317332812
v 6.03449506988 -0.965504930119 1.8
v 15.8 -1.15340770011 1.8
v 16.8 -0.983840307361 1.8
v 15.853693814 -1.14630618605 1.8
v 17.8 -0.79349270778 1.8
v 17.8 -1.06379592949 0.936204070508
v 17.0552452491 -0.944754750918 1.8
v 17.9754559293 -1.02454407071 0.975455929286
v 18.8 -0.617141231842 1.8
v 18.8 -0.839995310855 1.16000468915
v 18.2803392708 -0.719660729213 1.8
v 19.2711823226 -0.728817677449 1.27118232255
v 19.8 -0.451439158615 1.8
v 19.8 -0.604826955694 1.39517304431
v 19.4887893009 -0.511210699104 1.8
v 20.5905766726 -0.409423327448 1.59057667255
v 20.8 -0.294012488565 1.8
v 20.8 -0.358257523358 1.64174247664
v 20.6843172043 -0.315682795656 1.8
v 21.8 -0.2 1.66860783484
v 21.6951259492 -0.2 1.69512594918
v 21.4145787145 -0.2 1.8
v 22.8 -0.2 1.4985499011
v 22.5053787272 -0.2 1.50537872725
v 23.8 -0.2 1.39797534134
v 23.3926369512 -0.2 1.39263695123
v 24.8 -0.2 1.30344628028
v 24.3067077366 -0.2 1.30670773659
v 25.8 -0.2 1.21297156475
v 25.2259490903 -0.2 1.22594909032
v 26.8 -0.2 1.12533209818
v 26.1487705625 -0.2 1.1487705625
v 27.8 -0.2 1.03973840413
v 27.0742008273 -0.2 1.07420082731
v 28.8 -0.2 0.955655462359
v 28.0016147869 -0.2 1.00161478693
v 29.8 -0.2 0.841653054242
v 28.9325246395 -0.2 0.932524639486
v 29.8380680239 -0.2 0.838068023919
v 5.78198807191 0.781988071906 1.78198807191
v 5.8 0.8 1.64023943563
v 5.78387539159 0.8 1.78387539159
v 5.78206523901 0.8 1.8
v 5.77969930524 0.77969930524 1.8
v 5.97276260577 0.8 0.972762605772
v 21.8 -0.103062015557 1.8
v 22.8 0.0623085397417 1.8
v 21.9140862022 -0.0859137977979 1.8
v 23.8 0.227468460231 1.8
v 23.119143167 0.119143166957 1.8
v 24.8 0.435156203316 1.8
v 24.3459197681 0.345919768093 1.8
v 25.8 0.69358777942 1.8
v 25.660054242 0.660054242017 1.8
v 26.5528292214 0.552829221425 1.55282922143
v 26.8 0.532791615424 1.53279161542
v 26.8 0.8 1.68029943353
v 26.6866361117 0.8 1.68663611175
v 26.1401848147 0.8 1.8
v 27.2997048269 0.299704826875 1.29970482688
v 27.8 0.254654349709 1.25465434971
v 27.8 0.8 1.5099660371
v 27.5281497821 0.8 1.52814978209
v 28.1255539562 0.125553956201 1.1255539562
v 28.8 0.0605625427489 1.06056254275
v 28.8 0.8 1.35461993675
v 28.3863115121 0.8 1.38631151213
v 29.009532713 0.00953271299045 1.00953271299
v 29.8 -0.129874363768 0.870125636232
v 29.8 0.8 1.24505828051
v 29.2836701785 0.8 1.28367017845
v 29.8651188473 -0.13488115272 0.86511884728
v 30.8 0.8 1.19076281944
v 30.2255324994 0.8 1.22553249941
v 31.8 0.8 1.12710110603
v 31.17059662 0.8 1.17059662002
v 32.8 0.8 1.0550461294
v 32.1080417178 0.8 1.10804171781
v 33.8 0.8 0.975446452472
v 33.0387187403 0.8 1.03871874031
v 34.8 0.8 0.889044865313
v 33.9633422335 0.8 0.963342233477
v 34.8825179633 0.8 0.882517963252
v 5.8 0.831786141376 1.8
v 6.8 1.59170131092 1.8
v 6.8 1.54067088851 1.54067088851
v 5.93113358936 0.931133589357 1.8
v 7.6901044834 1.6901044834 1.6901044834
v 7.8 1.72081348229 1.8
v 7.8 1.70272143756 1.70272143756
v 7.71510017399 1.71510017399 1.8
v 8.8 1.8 1.49105660741
v 8.64827698897 1.8 1.64827698897
v 8.42937513455 1.8 1.8
v 9.19739498947 1.8 1.19739498947
v 26.7424851571 1.74248515707 1.74248515707
v 26.8 1.73905568097 1.73905568097
v 26.8 1.8 1.74224081183
v 26.7472463749 1.8 1.74724637487
v 26.5386467337 1.8 1.8
v 26.3192840873 1.3192840873 1.8
v 27.5419163256 1.54191632565 1.54191632565
v 27.8 1.52430476081 1.52430476081
v 27.8 1.8 1.52694001195
v 27.552691132 1.8 1.55269113198
v 28.3775044176 1.37750441764 1.37750441764
v 28.8 1.34566097714 1.34566097714
v 28.8 1.8 1.33358271968
v 28.380730616 1.8 1.38073061598
v 29.291975075 1.29197507499 1.29197507499
v 29.8 1.25328222136 1.25328222136
v 29.8 1.8 1.26173964518
v 29.2798301445 1.8 1.27983014445
v 30.2632105609 1.26321056085 1.26321056085
v 30.8 1.22765409464 1.22765409464
v 30.8 1.8 1.27542732293
v 30.2716934052 1.8 1.27169340524
v 31.2309404594 1.23094045942 1.23094045942
v 31.8 1.18469133673 1.18469133673
v 31.8 1.8 1.27505218642
v 31.2787737077 1.8 1.27877370771
v 32.1822103574 1.1822103574 1.1822103574
v 32.8 1.12239996187 1.12239996187
v 32.8 1.8 1.2620256658
v 32.2724358916 1.8 1.27243589161
v 33.1157678166 1.11576781663 1.11576781663
v 33.8 1.03847082927 1.03847082927
v 33.8 1.8 1.23758482152
v 33.2544476044 1.8 1.25444760443
v 34.0301831678 1.03018316778 1.03018316778
v 34.8 0.930214558895 0.930214558895
v 34.8 1.8 1.20281754196
v 34.2262505431 1.8 1.22625054312
v 34.9238250651 0.923825065149 0.923825065149
v 35.8 1.8 1.15868361948
v 35.1890346278 1.8 1.18903462779
v 36.8 1.8 1.07255629959
v 36.1318339883 1.8 1.13183398827
v 37.8 1.8 0.893034261415
v 37.0186456503 1.8 1.01864565032
v 37.8739002919 1.8 0.873900291861
v 8.8 1.82824356344 1.8
v 9.8 1.90352128191 1.8
v 9.8 1.82562726589 0.825627265885
v 8.83292345791 1.83292345791 1.8
v 9.83064420654 1.83064420654 0.830644206543
v 10.8 1.98408092393 1.8
v 10.8 1.92451507948 0.924515079476
v 9.9218797779 1.9218797779 1.8
v 10.9576199954 1.95761999537 0.957619995369
v 11.8 2.1111773672 1.8
v 11.8 2.09572084169 1.09572084169
v 11.0288823578 2.02888235782 1.8
v 12.1687075842 2.16870758422 1.16870758422
v 12.8 2.24698999526 1.8
v 12.8 2.26282970457 1.26282970457
v 12.1858887126 2.18588871264 1.8
v 13.3651374798 2.36513747979 1.36513747979
v 13.8 2.38941263872 1.8
v 13.8 2.42311800969 1.42311800969
v 13.3493773375 2.3493773375 1.8
v 14.5456407431 2.54564074311 1.54564074311
v 14.8 2.53977665409 1.8
v 14.8 2.57560407563 1.57560407563
v 14.5179327178 2.51793271781 1.8
v 15.7193571725 2.71935717246 1.71935717246
v 15.8 2.70996991964 1.8
v 15.8 2.72770053909 1.72770053909
v 15.8 2.8 1.45275404141
v 15.7036297969 2.70362979691 1.8
v 16.2469688905 2.8 1.8
v 25.6367384361 2.63673843608 1.63673843608
v 25.8 2.22959216382 1.8
v 25.8 2.62713609742 1.62713609742
v 25.8 2.8 1.54852846227
v 25.580743282 2.8 1.58074328199
v 24.9145295039 2.8 1.8
v 25.4215304932 2.42153049321 1.8
v 26.4775615969 2.47756159686 1.47756159686
v 26.8 2.45625290849 1.45625290849
v 26.8 2.8 1.30003104515
v 26.3665780487 2.8 1.36657804874
v 26.0485442153 2.04854421535 1.8
v 27.3392065919 2.33920659189 1.33920659189
v 27.8 2.30582086347 1.30582086347
v 27.8 2.8 1.08104194889
v 27.180042722 2.8 1.18004272199
v 28.2164482155 2.21644821551 1.21644821551
v 28.8 2.17084090647 1.17084090647
v 28.8 2.8 0.884090357304
v 28.0141726493 2.8 1.01417264931
v 29.1555714198 2.15557141979 1.15557141979
v 29.8 2.13911157938 1.13911157938
v 29.8 2.8 0.899421914051
v 28.8791426893 2.8 0.879142689314
v 30.1676441582 2.16764415819 1.16764415819
v 30.8 2.17113303568 1.17113303568
v 30.8 2.8 0.99342676075
v 29.9111798979 2.8 0.911179897892
v 31.1975363465 2.19753634652 1.19753634652
v 31.8 2.19396899613 1.19396899613
v 31.8 2.8 1.06806179405
v 31.011438273 2.8 1.01143827297
v 32.2170228682 2.21702286815 1.21702286815
v 32.8 2.20689193596 1.20689193596
v 32.8 2.8 1.12520538861
v 32.0872400247 2.8 1.08724002467
v 33.2256919442 2.22569194421 1.22569194421
v 33.8 2.20909604746 1.20909604746
v 33.8 2.8 1.16651248697
v 33.1424100816 2.8 1.14241008165
v 34.2230662887 2.22306628867 1.22306628867
v 34.8 2.19968639491 1.19968639491
v 34.8 2.8 1.19344551954
v 34.1799636135 2.8 1.17996361348
v 35.2086000905 2.20860009048 1.20860009048
v 35.8 2.17766621236 1.17766621236
v 35.8 2.8 1.20730051673
v 35.2023133089 2.8 1.20231330888
v 36.1567117773 2.15671177727 1.15671177727
v 36.8 2.09495177873 1.09495177873
v 36.8 2.8 1.16153348283
v 36.1857209413 2.8 1.18572094134
v 37.049513716 2.04951371596 1.04951371596
v 37.8 1.90863426376 0.908634263765
v 37.8 2.8 1.04927967134
v 37.1103533786 2.8 1.11035337859
v 37.8893150773 1.88931507729 0.889315077294
v 38.8 2.8 0.926509421065
v 38.0108654733 2.8 1.01086547328
v 38.9055324372 2.8 0.905532437184
v 15.8 2.88924765218 0.889247652177
v 15.9104952714 2.91049527142 0.910495271425
v 16.8 2.87558285935 1.8
v 16.8 3.04219865351 1.04219865351
v 17.0942652942 3.09426529424 1.09426529424
v 17.8 3.01074203645 1.8
v 17.8 3.18819866275 1.18819866275
v 16.8963871108 2.89638711077 1.8
v 18.2629688522 3.2629688522 1.2629688522
v 18.8 3.1497076653 1.8
v 18.8 3.32622692085 1.32622692085
v 18.0662047411 3.06620474112 1.8
v 19.4162289975 3.4162289975 1.4162289975
v 19.8 3.29344471206 1.8
v 19.8 3.45556028711 1.45556028711
v 19.2373913634 3.23739136339 1.8
v 20.5540356944 3.55403569441 1.55403569441
v 20.8 3.4432913753 1.8
v 20.8 3.57548097554 1.57548097554
v 20.8 3.8 1.20655461242
v 20.4107484626 3.41074846262 1.8
v 21.6763909321 3.67639093214 1.67639093214
v 21.8 3.60115841326 1.8
v 21.8 3.68527911911 1.68527911911
v 21.8 3.8 1.53354907059
v 21.3844184594 3.8 1.38441845938
v 21.5873196256 3.58731962564 1.8
v 22.6122325884 3.61223258842 1.61223258842
v 22.8 3.45246322766 1.8
v 22.8 3.6065297502 1.6065297502
v 22.8 3.8 1.35414601875
v 22.4068012702 3.8 1.40680127015
v 22.4931169515 3.49311695151 1.8
v 23.4668108152 3.46681081524 1.46681081524
v 23.8 3.13692605566 1.8
v 23.8 3.44639414277 1.44639414277
v 23.8 3.8 1.02778495805
v 23.1736980719 3.8 1.17369807189
v 23.2740391641 3.27403916415 1.8
v 24.3356422392 3.33564223922 1.33564223922
v 24.8 2.83561509167 1.8
v 24.8 3.30414209667 1.30414209667
v 23.9569265247 3.8 0.956926524682
v 24.0427909852 3.04279098516 1.8
v 25.2183757874 3.21837578737 1.21837578737
v 25.8 3.17550577793 1.17550577793
v 24.8254630437 2.82546304372 1.8
v 26.1118766378 3.11187663778 1.11187663778
v 26.8 3.05747396292 1.05747396292
v 27.013905376 3.013905376 1.013905376
v 27.8 2.94786117882 0.94786117882
v 27.9228209376 2.92282093758 0.922820937579
v 28.8 2.84504273831 0.845042738309
v 28.8452834968 2.84528349678 0.84528349678
v 29.8 2.85742783173 0.857427831734
v 29.8652314951 2.86523149505 0.865231495053
v 30.8 2.91800004468 0.918000044678
v 30.9324847439 2.93248474391 0.932484743907
v 31.8 2.97259213099 0.972592130991
v 31.9916048444 2.99160484436 0.991604844358
v 32.8 3.02084640647 1.02084640647
v 33.0424999852 3.04249998524 1.04249998524
v 33.8 3.06237569823 1.06237569823
v 34.0850345784 3.08503457837 1.08503457837
v 34.8 3.09676032181 1.09676032181
v 34.8 3.8 0.866614747332
v 35.1248489836 3.1248489836 1.1248489836
v 35.8 3.12940515697 1.12940515697
v 35.8 3.8 0.95627811843
v 34.8752508661 3.8 0.875250866131
v 36.1186728053 3.11867280532 1.11867280532
v 36.8 3.09665927683 1.09665927683
v 36.8 3.8 0.956661712518
v 35.9499253354 3.8 0.949925335399
v 37.0744737756 3.07447377559 1.07447377559
v 37.8 3.01822650853 1.01822650853
v 37.8 3.8 0.921086781292
v 36.942819894 3.8 0.942819894043
v 37.9979997915 2.99799979154 0.997999791544
v 38.8 2.91802086094 0.918020860937
v 38.8 3.8 0.869254848729
v 37.9086127577 3.8 0.908612757689
v 38.9049024223 2.90490242233 0.904902422327
v 39.8 3.8 0.802918291794
v 38.8611809169 3.8 0.861180916851
v 39.8025411341 3.8 0.802541134098
v 20.8 3.91260585803 0.912605858027
v 20.9325597287 3.93255972868 0.932559728675
v 21.8 4.03027707437 1.03027707437
v 22.0124369104 4.0124369104 1.0124369104
v 22.8 3.97847000663 0.978470006634
v 22.9483750514 3.94837505141 0.948375051409
v 23.8 3.87930120017 0.879301200167
v 23.8659507809 3.86595078087 0.865950780866
v 34.8 3.84070557927 0.840705579273
v 34.8464958929 3.84649589293 0.846495892935
v 35.8 3.89990591956 0.899905919563
v 35.8988650745 3.89886507445 0.898865074454
v 36.8 3.90358679942 0.903586799419
v 36.9009897014 3.90098970137 0.900989701372
v 37.8 3.88499081433 0.884990814326
v 37.8816945553 3.88169455525 0.881694555253
v 38.8 3.85152711751 0.851527117508
v 38.8487993035 3.84879930349 0.848799303494
v 39.8 3.80229882462 0.802298824624
v 39.8021435044 3.80214350442 0.802143504422
v 73.8 6.8 0.812299387029
v 74.8 6.8 0.87604366203
v 73.812299387 6.8 0.812299387029
v 75.8 6.8 0.928046973634
v 74.876043662 6.8 0.87604366203
v 76.8 6.8 0.889389610167
v 75.9280469736 6.8 0.928046973634
v 76.8893896102 6.8 0.889389610167
v 72.8 7.8 0.817108333528
v 73.8 6.81229938703 0.812299387029
v 73.8 7.8 0.884950008206
v 72.8171083335 7.8 0.817108333528
v 73.812299387 6.81229938703 0.812299387029
v 74.8 6.87604366203 0.87604366203
v 74.8 7.8 0.939702146355
v 73.8849500082 7.8 0.884950008206
v 74.876043662 6.87604366203 0.87604366203
v 75.8 6.92804697363 0.928046973634
v 75.8 7.8 0.984713951909
v 74.9397021464 7.8 0.939702146355
v 75.9280469736 6.92804697363 0.928046973634
v 76.8 6.88938961017 0.889389610167
v 76.8 7.8 0.947597447517
v 75.9847139519 7.8 0.984713951909
v 76.8893896102 6.88938961017 0.889389610167
v 76.9475974475 7.8 0.947597447517
v 72.8 7.81710833353 0.817108333528
v 72.8171083335 7.81710833353 0.817108333528
v 73.8 7.88495000821 0.884950008206
v 73.8 8.8 0.846704533072
v 73.8849500082 7.88495000821 0.884950008206
v 74.8 7.93970214635 0.939702146355
v 74.8 8.8 0.910854376031
v 73.8467045331 8.8 0.846704533072
v 74.9397021464 7.93970214635 0.939702146355
v 75.8 7.98471395191 0.984713951909
v 75.8 8.8 0.962773233923
v 74.910854376 8.8 0.910854376031
v 75.9847139519 7.98471395191 0.984713951909
v 76.8 7.94759744752 0.947597447517
v 76.8 8.8 0.920732274879
v 75.9627732339 8.8 0.962773233923
v 76.9475974475 7.94759744752 0.947597447517
v 76.9207322749 8.8 0.920732274879
v 73.8 8.84670453307 0.846704533072
v 73.8467045331 8.84670453307 0.846704533072
v 74.8 8.91085437603 0.910854376031
v 74.910854376 8.91085437603 0.910854376031
v 75.8 8.96277323392 0.962773233923
v 75.8 9.8 0.848516449144
v 75.9627732339 8.96277323392 0.962773233923
v 76.8 8.92073227488 0.920732274879
v 75.8485164491 9.8 0.848516449144
v 76.9207322749 8.92073227488 0.920732274879
v 75.8 9.84851644914 0.848516449144
v 75.8485164491 9.84851644914 0.848516449144
v 6.8 -1.2 2.39064858979
v 7.8 -1.2 2.42227783016
v 7.40926681422 -1.2 2.40926681422
v 8.8 -1.2 2.39984123833
v 8.40923097413 -1.2 2.40923097413
v 9.8 -1.2 2.37801612002
v 9.38773421972 -1.2 2.38773421972
v 10.8 -1.2 2.35675013618
v 10.3667729518 -1.2 2.36677295185
v 11.8 -1.2 2.25144608107
v 11.2975308996 -1.2 2.29753089962
v 12.8 -1.2 2.12002832325
v 12.1906543112 -1.2 2.19065431122
v 13.8 -1.2 1.9955307117
v 13.0783444635 -1.2 2.07834446349
v 14.8 -1.2 1.87683628915
v 13.9708647868 -1.2 1.97086478681
v 14.8674377673 -1.2 1.86743776726
v 5.8 -0.2 2.10976901751
v 6.38462847414 -0.615371525855 2.38462847414
v 6.8 -0.604613064635 2.8
v 6.51274074541 -0.2 2.8
v 6.63339406257 -0.366605937428 2.8
v 7.8 -0.652594347989 2.8
v 7.36654731925 -0.633452680754 2.8
v 8.8 -0.626583607369 2.8
v 8.35987550761 -0.640124492392 2.8
v 9.8 -0.600836522803 2.8
v 9.38705006956 -0.612949930441 2.8
v 10.8 -0.575302399711 2.8
v 10.4138673227 -0.586132677262 2.8
v 11.8 -0.447575767179 2.8
v 11.5055200444 -0.494479955586 2.8
v 12.8 -0.294409698008 2.8
v 12.6819690561 -0.31803094389 2.8
v 13.695682121 -0.304317879018 2.69568212098
v 13.8 -0.355990850266 2.64400914973
v 13.8 -0.2 2.76385046149
v 13.7663688925 -0.2 2.7663688925
v 13.4553954472 -0.2 2.8
v 14.3746734123 -0.625326587693 2.37467341231
v 14.8 -0.846953406381 2.15304659362
v 14.8 -0.2 2.65910338322
v 14.669421172 -0.2 2.66942117202
v 15.0355961074 -0.964403892577 2.03559610742
v 15.8 -0.2 2.55646882131
v 15.5749646163 -0.2 2.5749646163
v 16.8 -0.2 2.43715405951
v 16.4709250926 -0.2 2.47092509256
v 17.8 -0.2 2.29852961416
v 17.352672885 -0.2 2.35267288502
v 18.8 -0.2 2.16011500897
v 18.2316492433 -0.2 2.23164924326
v 19.8 -0.2 2.02211571977
v 19.1114317829 -0.2 2.11143178285
v 20.8 -0.2 1.88468130836
v 19.9919537341 -0.2 1.99195373407
v 20.8731599856 -0.2 1.87315998559
v 5.8 0.0438561985928 2.04385619859
v 5.8 0.8 1.8394752161
v 6.78136880919 0.781368809192 2.78136880919
v 6.8 0.779297439228 2.8
v 6.8 0.795420075412 2.79542007541
v 6.8 0.8 2.79411906552
v 6.67033876533 0.8 2.67033876533
v 6.87629803604 0.8 2.8
v 13.8 0.0581941730182 2.8
v 14.8 0.508130889051 2.8
v 14.1772826929 0.177282692902 2.8
v 15.8 0.775017762533 2.8
v 15.7566025569 0.756602556852 2.8
v 16.7274173772 0.727417377181 2.72741737718
v 16.8 0.716700573276 2.71670057328
v 16.8 0.8 2.74231283237
v 16.7445114319 0.8 2.74451143188
v 15.8953469819 0.8 2.8
v 17.6178630863 0.617863086274 2.61786308627
v 17.8 0.58322813693 2.58322813693
v 17.8 0.8 2.66243803378
v 17.6695402199 0.8 2.6695402199
v 18.4835216947 0.483521694653 2.48352169465
v 18.8 0.415446270424 2.41544627042
v 18.8 0.8 2.57554031709
v 18.5893669852 0.8 2.58936698521
v 19.3254899484 0.325489948392 2.32548994839
v 19.8 0.211468754992 2.21146875499
v 19.8 0.8 2.48293370739
v 19.505088496 0.8 2.505088496
v 20.1438195362 0.143819536235 2.14381953624
v 20.8 -0.0305220142682 1.96947798573
v 20.8 0.8 2.38567008733
v 20.4174798051 0.8 2.41747980509
v 20.9386263115 -0.0613736884579 1.93862631154
v 21.8 0.8 2.2845981836
v 21.3271430315 0.8 2.32714303147
v 22.8 0.8 2.18233714273
v 22.2261478291 0.8 2.22614782915
v 23.8 0.8 2.06280762406
v 23.1197035235 0.8 2.11970352348
v 24.8 0.8 1.94847757384
v 24.0192219089 0.8 2.01922190887
v 25.8 0.8 1.83839499266
v 24.923538729 0.8 1.92353872902
v 25.8318613926 0.8 1.83186139259
v 5.8 0.817607927272 1.81760792727
v 5.83034149828 0.830341498282 1.83034149828
v 6.8 1.24071922225 2.24071922225
v 7.27545785973 1.27545785973 2.27545785973
v 7.8 0.860959634516 2.8
v 7.8 1.29441084216 2.29441084216
v 8.33105650355 1.33105650355 2.33105650355
v 8.8 0.906646086253 2.8
v 8.8 1.33996847314 2.33996847314
v 8.8 1.8 1.85423834914
v 7.86992104218 0.869921042185 2.8
v 9.37735870878 1.37735870878 2.37735870878
v 9.8 0.95419497694 2.8
v 9.8 1.38431956064 2.38431956064
v 9.8 1.8 1.9846006326
v 8.86256870938 1.8 1.86256870938
v 8.92198743447 0.921987434466 2.8
v 10.4220983383 1.42209833831 2.42209833831
v 10.8 1.0038548923 2.8
v 10.8 1.42741490129 2.42741490129
v 10.8 1.8 2.10116809662
v 10.0095648583 1.8 2.00956485833
v 9.97593453037 0.975934530371 2.8
v 11.4699329614 1.46993296141 2.46993296141
v 11.8 1.03138785616 2.8
v 11.8 1.47506563522 2.47506563522
v 11.8 1.8 2.24152127237
v 11.1418631505 1.8 2.14186315052
v 11.0358381676 1.03583816762 2.8
v 12.5139530896 1.51395308964 2.51395308964
v 12.8 1.03793757546 2.8
v 12.8 1.51584919008 2.51584919008
v 12.8 1.8 2.34990123611
v 12.2871239463 1.8 2.28712394629
v 12.0656089729 1.06560897289 2.8
v 13.548216052 1.54821605199 2.54821605199
v 13.8 1.01740074694 2.8
v 13.8 1.54745481742 2.54745481742
v 13.8 1.8 2.42920557947
v 13.3903536806 1.8 2.39035368063
v 13.0691648083 1.0691648083 2.8
v 14.5725624601 1.57256246014 2.57256246014
v 14.8 0.954804814156 2.8
v 14.8 1.56977395971 2.56977395971
v 14.8 1.8 2.4850637341
v 14.4607333049 1.8 2.46073330485
v 14.0417471023 1.04174710228 2.8
v 15.5872406591 1.58724065913 2.58724065913
v 15.8 0.821822929215 2.8
v 15.8 1.5827543311 2.5827543311
v 15.8 1.8 2.52182325184
v 15.5065068522 1.8 2.50650685225
v 14.9685322327 0.968532232695 2.8
v 16.5978041467 1.5978041467 2.5978041467
v 16.8 1.59107841893 2.59107841893
v 16.8 1.8 2.55247622206
v 16.5396903718 1.8 2.53969037184
v 15.8238485759 0.823848575869 2.8
v 17.5922842389 1.59228423893 2.59228423893
v 17.8 1.58203053744 2.58203053744
v 17.8 1.8 2.56073098323
v 17.5538355107 1.8 2.55383551067
v 18.5714998169 1.57149981694 2.57149981694
v 18.8 1.55686154843 2.55686154843
v 18.8 1.8 2.55184916201
v 18.5495008426 1.8 2.54950084258
v 19.5357309474 1.53573094739 2.53573094739
v 19.8 1.51494748972 2.51494748972
v 19.8 1.8 2.52863348512
v 19.5304380936 1.8 2.53043809356
v 20.4850254144 1.48502541437 2.48502541437
v 20.8 1.45570071461 2.45570071461
v 20.8 1.8 2.49335651767
v 20.4995442947 1.8 2.49954429472
v 21.4194516752 1.41945167517 2.41945167517
v 21.8 1.37857242288 2.37857242288
v 21.8 1.8 2.44787640668
v 21.4590103021 1.8 2.45901030207
v 22.3060798955 1.30607989546 2.30607989546
v 22.8 1.26064813557 2.26064813557
v 22.8 1.8 2.3486957484
v 22.3786228745 1.8 2.3786228745
v 23.1641758652 1.16417586517 2.16417586517
v 23.8 1.10288924785 2.10288924785
v 23.8 1.8 2.19036402402
v 23.2491392546 1.8 2.24913925458
v 24.0411338437 1.04113384366 2.04113384366
v 24.8 0.964810997113 1.96481099711
v 24.8 1.8 2.04179552093
v 24.1189332435 1.8 2.11893324348
v 24.9318966631 0.931896663149 1.93189666315
v 25.8 0.841263778398 1.8412637784
v 25.8 1.8 1.90120937108
v 24.9971356041 1.8 1.99713560415
v 25.8331524214 0.833152421351 1.83315242135
v 25.8823261714 1.8 1.88232617145
v 8.8 1.81853937116 1.81853937116
v 8.82047772192 1.82047772192 1.82047772192
v 9.8 1.86621541243 1.86621541243
v 9.87349646061 1.87349646061 1.87349646061
v 10.8 1.91421699009 1.91421699009
v 10.9273039178 1.92730391777 1.92730391777
v 11.8 1.98168126718 1.98168126718
v 12.0018821004 2.00188210042 2.00188210042
v 12.8 2.04549502262 2.04549502262
v 13.0697352997 2.06973529971 2.06973529971
v 13.8 2.10309910596 2.10309910596
v 14.1294785593 2.12947855931 2.12947855931
v 14.8 2.15435133837 2.15435133837
v 15.1843052758 2.18430527578 2.18430527578
v 15.8 2.20220907297 2.20220907297
v 16.2330084565 2.23300845645 2.23300845645
v 16.8 2.24965016607 2.24965016607
v 16.8 2.8 1.88549464551
v 17.2791947658 2.2791947658 2.2791947658
v 17.8 2.28856400515 2.28856400515
v 17.8 2.8 2.00857372193
v 16.8952533888 2.8 1.89525338879
v 18.3140803057 2.31408030567 2.31408030567
v 18.8 2.31721398783 2.31721398783
v 18.8 2.8 2.10199491575
v 18.0259266766 2.8 2.02592667657
v 19.337523856 2.33752385602 2.33752385602
v 19.8 2.33524948698 2.33524948698
v 19.8 2.8 2.17033312234
v 19.119445503 2.8 2.11944550303
v 20.349596293 2.34959629296 2.34959629296
v 20.8 2.34234071908 2.34234071908
v 20.8 2.8 2.21732568321
v 20.1839110346 2.8 2.18391103455
v 21.3503746503 2.35037465029 2.35037465029
v 21.8 2.33817937654 2.33817937654
v 21.8 2.8 2.2460508375
v 21.2252283839 2.8 2.2252283839
v 22.2940258686 2.29402586862 2.29402586862
v 22.8 2.2636596917 2.2636596917
v 22.8 2.8 2.15930066826
v 22.2028622785 2.8 2.20286227847
v 23.1805344969 2.18053449687 2.18053449687
v 23.8 2.12543321169 2.12543321169
v 23.8 2.8 1.98344953145
v 23.0849450766 2.8 2.08494507655
v 24.067520699 2.06752069897 2.06752069897
v 24.8 1.99918110757 1.99918110757
v 24.8 2.8 1.81921322081
v 23.9453591397 2.8 1.94535913971
v 24.9639008565 1.96390085647 1.96390085647
v 25.8 1.88248516729 1.88248516729
v 24.8152048136 2.8 1.81520481358
v 25.8679091542 1.86790915419 1.86790915419
v 16.8 2.8399537381 1.8399537381
v 16.8445059653 2.84450596528 1.84450596528
v 17.8 2.90442142051 1.90442142051
v 17.9149602647 2.9149602647 1.9149602647
v 18.8 2.96145982978 1.96145982978
v 18.9757400186 2.97574001864 1.97574001864
v 19.8 3.01082710724 2.01082710724
v 20.0269477124 3.02694771239 2.02694771239
v 20.8 3.05229528395 2.05229528395
v 21.0686839474 3.06868394741 2.06868394741
v 21.8 3.08565044676 2.08565044676
v 22.0679828992 3.06798289917 2.06798289917
v 22.8 3.03330751039 2.03330751039
v 22.9941320846 2.99413208455 1.99413208455
v 23.8 2.91957433279 1.91957433279
v 23.8994670656 2.89946706562 1.89946706562
v 24.8 2.81256193237 1.81256193237
v 24.8104433551 2.81044335513 1.81044335513
v 6.8 -0.2 2.92379880461
v 7.8 -0.2 2.94065306478
v 6.92693014019 -0.2 2.92693014019
v 8.8 -0.2 2.93628898105
v 7.94233894857 -0.2 2.94233894857
v 9.8 -0.2 2.93128906623
v 8.93780653239 -0.2 2.93780653239
v 10.8 -0.2 2.92572038928
v 9.93265063804 -0.2 2.93265063804
v 11.8 -0.2 2.8873787067
v 10.9211184941 -0.2 2.92111849407
v 12.8 -0.2 2.83557788644
v 11.8831591018 -0.2 2.88315910181
v 12.8337979904 -0.2 2.83379799036
v 6.8 -0.0900949459239 2.90990505408
v 6.91437625972 -0.0856237402757 2.91437625972
v 7.8 -0.0730607295945 2.92693927041
v 7.8 0.8 2.83199571912
v 7.93139946859 -0.0686005314071 2.93139946859
v 8.8 -0.0742536997284 2.92574630027
v 8.8 0.8 2.85178191529
v 7.83324697314 0.8 2.83324697314
v 8.92989560906 -0.0701043909441 2.92989560906
v 9.8 -0.0763013933528 2.92369860665
v 9.8 0.8 2.86922538491
v 8.85364033376 0.8 2.85364033376
v 9.92753506502 -0.072464934979 2.92753506502
v 10.8 -0.0791651571874 2.92083484281
v 10.8 0.8 2.88455921911
v 9.87151024807 0.8 2.87151024807
v 10.920558687 -0.0794413129849 2.92055868702
v 11.8 -0.113040585454 2.88695941455
v 11.8 0.8 2.88245771563
v 10.8843580127 0.8 2.88435801271
v 11.886110594 -0.113889406027 2.88611059397
v 12.8 -0.163091396122 2.83690860388
v 12.8 0.8 2.87128241444
v 11.8816489072 0.8 2.88164890715
v 12.8363187557 -0.163681244253 2.83631875575
v 13.8 0.8 2.85386563293
v 12.8701832594 0.8 2.87018325943
v 14.8 0.8 2.83101636902
v 13.8527772072 0.8 2.8527772072
v 15.8 0.8 2.80342311968
v 14.8302626794 0.8 2.83026267937
v 15.8033085937 0.8 2.80330859368
v 7.8 0.820975045532 2.82097504553
v 7.82223186399 0.822231863993 2.82223186399
v 8.8 0.834847315204 2.8348473152
v 8.83682150648 0.836821506482 2.83682150648
v 9.8 0.847766543122 2.84776654312
v 9.85032717683 0.850327176834 2.85032717683
v 10.8 0.859759512428 2.85975951243
v 10.8621520672 0.862152067238 2.86215206724
v 11.8 0.86071882278 2.86071882278
v 11.8629278656 0.862927865628 2.86292786563
v 12.8 0.854796450246 2.85479645025
v 12.8563987585 0.856398758508 2.85639875851
v 13.8 0.843137345979 2.84313734598
v 13.8441107769 0.844110776894 2.84411077689
v 14.8 0.825825813373 2.82582581337
v 14.8262473423 0.826247342329 2.82624734233
v 15.8 0.802958067722 2.80295806772
v 15.8029939813 0.802993981298 2.8029939813
f 1 2 3
f 1 3 4
f 1 4 5
f 1 5 6
f 1 6 7
f 1 7 2
f 8 9 10
f 8 10 11
f 8 11 12
f 3 12 4
f 3 8 12
f 3 2 13
f 3 13 8
f 8 13 9
f 14 15 16
f 14 16 17
f 14 17 18
f 10 18 11
f 10 14 18
f 10 9 19
f 10 19 14
f 14 19 15
f 20 21 22
f 20 22 23
f 20 23 24
f 16 24 17
f 16 20 24
f 16 15 25
f 16 25 20
f 20 25 21
f 26 27 28
f 26 28 29
f 26 29 30
f 22 30 23
f 22 26 30
f 22 21 31
f 22 31 26
f 26 31 27
f 32 33 34
f 32 34 35
f 32 35 36
f 28 36 29
f 28 32 36
f 28 27 37
f 28 37 32
f 32 37 33
f 34 38 35
f 34 33 38
f 5 4 39
f 5 39 6
f 12 11 41
f 12 41 40
f 40 41 42
f 40 42 43
f 40 43 44
f 4 44 39
f 4 40 44
f 4 12 40
f 18 17 46
f 18 46 45
f 45 46 47
f 45 47 48
f 41 48 42
f 41 45 48
f 41 11 45
f 11 18 45
f 24 23 50
f 24 50 49
f 49 50 51
f 49 51 52
f 46 52 47
f 46 49 52
f 46 17 49
f 17 24 49
f 30 29 54
f 30 54 53
f 53 54 55
f 53 55 56
f 50 56 51
f 50 53 56
f 50 23 53
f 23 30 53
f 36 35 58
f 36 58 57
f 57 58 59
f 57 59 60
f 54 60 55
f 54 57 60
f 54 29 57
f 29 36 57
f 61 62 63
f 61 63 64
f 61 64 65
f 58 65 59
f 58 61 65
f 58 35 61
f 35 38 62
f 35 62 61
f 66 67 68
f 66 68 69
f 66 69 70
f 63 70 64
f 63 66 70
f 63 62 71
f 63 71 66
f 66 71 67
f 72 73 74
f 72 74 75
f 72 75 76
f 68 76 69
f 68 72 76
f 68 67 77
f 68 77 72
f 72 77 73
f 78 79 80
f 78 80 81
f 78 81 82
f 74 82 75
f 74 78 82
f 74 73 83
f 74 83 78
f 78 83 79
f 84 85 86
f 84 86 87
f 84 87 88
f 80 88 81
f 80 84 88
f 80 79 89
f 80 89 84
f 84 89 85
f 90 91 92
f 90 92 93
f 90 93 94
f 86 94 87
f 86 90 94
f 86 85 95
f 86 95 90
f 90 95 91
f 96 97 98
f 96 98 99
f 96 99 100
f 92 100 93
f 92 96 100
f 92 91 101
f 92 101 96
f 96 101 97
f 102 103 104
f 102 104 105
f 102 105 106
f 98 106 99
f 98 102 106
f 98 97 107
f 98 107 102
f 102 107 103
f 108 109 110
f 108 110 111
f 108 111 112
f 104 112 105
f 104 108 112
f 104 103 113
f 104 113 108
f 108 113 109
f 114 115 116
f 114 116 117
f 114 117 118
f 110 118 111
f 110 114 118
f 110 109 119
f 110 119 114
f 114 119 115
f 120 121 122
f 120 122 123
f 120 123 124
f 116 124 117
f 116 120 124
f 116 115 125
f 116 125 120
f 120 125 121
f 126 127 128
f 126 128 129
f 126 129 130
f 122 130 123
f 122 126 130
f 122 121 131
f 122 131 126
f 126 131 127
f 132 133 134
f 132 134 135
f 132 135 136
f 128 136 129
f 128 132 136
f 128 127 137
f 128 137 132
f 132 137 133
f 138 139 140
f 138 140 141
f 138 141 142
f 134 142 135
f 134 138 142
f 134 133 143
f 134 143 138
f 138 143 139
f 144 145 146
f 144 146 147
f 144 147 148
f 140 148 141
f 140 144 148
f 140 139 149
f 140 149 144
f 144 149 145
f 150 151 152
f 150 152 153
f 150 153 154
f 146 154 147
f 146 150 154
f 146 145 155
f 146 155 150
f 150 155 151
f 152 160 153
f 152 151 161
f 43 42 163
f 43 163 44
f 48 47 164
f 42 165 163
f 42 164 165
f 42 48 164
f 52 51 167
f 52 167 166
f 166 167 168
f 166 168 169
f 166 169 170
f 47 170 164
f 47 166 170
f 47 52 166
f 56 55 172
f 56 172 171
f 171 172 173
f 171 173 174
f 167 174 168
f 167 171 174
f 167 51 171
f 51 56 171
f 60 59 176
f 60 176 175
f 175 176 177
f 175 177 178
f 172 178 173
f 172 175 178
f 172 55 175
f 55 60 175
f 65 64 180
f 65 180 179
f 179 180 181
f 179 181 182
f 176 182 177
f 176 179 182
f 176 59 179
f 59 65 179
f 70 69 184
f 70 184 183
f 183 184 185
f 183 185 186
f 180 186 181
f 180 183 186
f 180 64 183
f 64 70 183
f 76 75 188
f 76 188 187
f 187 188 189
f 187 189 190
f 184 190 185
f 184 187 190
f 184 69 187
f 69 76 187
f 82 81 192
f 82 192 191
f 191 192 193
f 191 193 194
f 188 194 189
f 188 191 194
f 188 75 191
f 75 82 191
f 88 87 196
f 88 196 195
f 195 196 197
f 195 197 198
f 192 198 193
f 192 195 198
f 192 81 195
f 81 88 195
f 94 93 200
f 94 200 199
f 199 200 201
f 199 201 202
f 196 202 197
f 196 199 202
f 196 87 199
f 87 94 199
f 100 99 204
f 100 204 203
f 203 204 205
f 203 205 206
f 200 206 201
f 200 203 206
f 200 93 203
f 93 100 203
f 106 105 208
f 106 208 207
f 207 208 209
f 207 209 210
f 204 210 205
f 204 207 210
f 204 99 207
f 99 106 207
f 112 111 212
f 112 212 211
f 211 212 213
f 211 213 214
f 208 214 209
f 208 211 214
f 208 105 211
f 105 112 211
f 118 117 216
f 118 216 215
f 215 216 217
f 215 217 218
f 212 218 213
f 212 215 218
f 212 111 215
f 111 118 215
f 124 123 220
f 124 220 219
f 219 220 221
f 219 221 222
f 216 222 217
f 216 219 222
f 216 117 219
f 117 124 219
f 130 129 224
f 130 224 223
f 223 224 225
f 223 225 226
f 220 226 221
f 220 223 226
f 220 123 223
f 123 130 223
f 136 135 228
f 136 228 227
f 227 228 229
f 227 229 230
f 224 230 225
f 224 227 230
f 224 129 227
f 129 136 227
f 142 141 232
f 142 232 231
f 231 232 233
f 231 233 234
f 228 234 229
f 228 231 234
f 228 135 231
f 135 142 231
f 148 147 236
f 148 236 235
f 235 236 237
f 235 237 238
f 232 238 233
f 232 235 238
f 232 141 235
f 141 148 235
f 154 153 240
f 154 240 239
f 239 240 241
f 239 241 242
f 236 242 237
f 236 239 242
f 236 147 239
f 147 154 239
f 240 246 241
f 240 153 243
f 169 168 253
f 169 253 170
f 174 173 254
f 168 255 253
f 168 254 255
f 168 174 254
f 178 177 257
f 178 257 256
f 256 257 258
f 256 258 259
f 256 259 260
f 173 260 254
f 173 256 260
f 173 178 256
f 182 181 262
f 182 262 261
f 261 262 263
f 261 263 264
f 257 264 258
f 257 261 264
f 257 177 261
f 177 182 261
f 186 185 266
f 186 266 265
f 265 266 267
f 265 267 268
f 262 268 263
f 262 265 268
f 262 181 265
f 181 186 265
f 190 189 270
f 190 270 269
f 269 270 271
f 269 271 272
f 266 272 267
f 266 269 272
f 266 185 269
f 185 190 269
f 194 193 274
f 194 274 273
f 273 274 275
f 273 275 276
f 270 276 271
f 270 273 276
f 270 189 273
f 189 194 273
f 198 197 278
f 198 278 277
f 277 278 279
f 277 279 280
f 274 280 275
f 274 277 280
f 274 193 277
f 193 198 277
f 202 201 282
f 202 282 281
f 281 282 283
f 281 283 284
f 278 284 279
f 278 281 284
f 278 197 281
f 197 202 281
f 206 205 286
f 206 286 285
f 285 286 287
f 285 287 288
f 282 288 283
f 282 285 288
f 282 201 285
f 201 206 285
f 210 209 290
f 210 290 289
f 289 290 291
f 289 291 292
f 286 292 287
f 286 289 292
f 286 205 289
f 205 210 289
f 214 213 294
f 214 294 293
f 293 294 295
f 293 295 296
f 290 296 291
f 290 293 296
f 290 209 293
f 209 214 293
f 218 217 298
f 218 298 297
f 297 298 299
f 297 299 300
f 294 300 295
f 294 297 300
f 294 213 297
f 213 218 297
f 222 221 302
f 222 302 301
f 301 302 303
f 301 303 304
f 298 304 299
f 298 301 304
f 298 217 301
f 217 222 301
f 226 225 306
f 226 306 305
f 305 306 307
f 305 307 308
f 302 308 303
f 302 305 308
f 302 221 305
f 221 226 305
f 230 229 310
f 230 310 309
f 309 310 311
f 309 311 312
f 306 312 307
f 306 309 312
f 306 225 309
f 225 230 309
f 234 233 314
f 234 314 313
f 313 314 315
f 313 315 316
f 310 316 311
f 310 313 316
f 310 229 313
f 229 234 313
f 238 237 318
f 238 318 317
f 317 318 319
f 317 319 320
f 314 320 315
f 314 317 320
f 314 233 317
f 233 238 317
f 242 241 322
f 242 322 321
f 321 322 323
f 321 323 324
f 318 324 319
f 318 321 324
f 318 237 321
f 237 242 321
f 322 328 323
f 322 325 328
f 322 241 325
f 259 258 335
f 259 335 260
f 264 263 336
f 258 337 335
f 258 336 337
f 258 264 336
f 268 267 338
f 263 339 336
f 263 338 339
f 263 268 338
f 272 271 341
f 272 341 340
f 340 341 342
f 340 342 343
f 340 343 344
f 267 344 338
f 267 340 344
f 267 272 340
f 276 275 346
f 276 346 345
f 345 346 347
f 345 347 348
f 341 348 342
f 341 345 348
f 341 271 345
f 271 276 345
f 280 279 350
f 280 350 349
f 349 350 351
f 349 351 352
f 346 352 347
f 346 349 352
f 346 275 349
f 275 280 349
f 284 283 354
f 284 354 353
f 353 354 355
f 353 355 356
f 350 356 351
f 350 353 356
f 350 279 353
f 279 284 353
f 288 287 358
f 288 358 357
f 357 358 359
f 357 359 360
f 354 360 355
f 354 357 360
f 354 283 357
f 283 288 357
f 292 291 362
f 292 362 361
f 361 362 363
f 361 363 364
f 358 364 359
f 358 361 364
f 358 287 361
f 287 292 361
f 296 295 366
f 296 366 365
f 365 366 367
f 365 367 368
f 362 368 363
f 362 365 368
f 362 291 365
f 291 296 365
f 300 299 370
f 300 370 369
f 369 370 371
f 369 371 372
f 366 372 367
f 366 369 372
f 366 295 369
f 295 300 369
f 304 303 374
f 304 374 373
f 373 374 375
f 373 375 376
f 370 376 371
f 370 373 376
f 370 299 373
f 299 304 373
f 308 307 378
f 308 378 377
f 377 378 379
f 377 379 380
f 374 380 375
f 374 377 380
f 374 303 377
f 303 308 377
f 312 311 382
f 312 382 381
f 381 382 383
f 381 383 384
f 378 384 379
f 378 381 384
f 378 307 381
f 307 312 381
f 316 315 386
f 316 386 385
f 385 386 387
f 385 387 388
f 382 388 383
f 382 385 388
f 382 311 385
f 311 316 385
f 320 319 390
f 320 390 389
f 389 390 391
f 389 391 392
f 386 392 387
f 386 389 392
f 386 315 389
f 315 320 389
f 324 323 394
f 324 394 393
f 393 394 395
f 393 395 396
f 390 396 391
f 390 393 396
f 390 319 393
f 319 324 393
f 394 400 395
f 394 323 397
f 323 328 397
f 343 342 407
f 343 407 344
f 348 347 408
f 342 409 407
f 342 408 409
f 342 348 408
f 352 351 410
f 347 411 408
f 347 410 411
f 347 352 410
f 356 355 412
f 351 413 410
f 351 412 413
f 351 356 412
f 360 359 415
f 360 415 414
f 414 415 416
f 414 416 417
f 414 417 418
f 355 418 412
f 355 414 418
f 355 360 414
f 364 363 420
f 364 420 419
f 419 420 421
f 419 421 422
f 415 422 416
f 415 419 422
f 415 359 419
f 359 364 419
f 368 367 424
f 368 424 423
f 423 424 425
f 423 425 426
f 420 426 421
f 420 423 426
f 420 363 423
f 363 368 423
f 372 371 428
f 372 428 427
f 427 428 429
f 427 429 430
f 424 430 425
f 424 427 430
f 424 367 427
f 367 372 427
f 376 375 432
f 376 432 431
f 431 432 433
f 431 433 434
f 428 434 429
f 428 431 434
f 428 371 431
f 371 376 431
f 380 379 436
f 380 436 435
f 435 436 437
f 435 437 438
f 432 438 433
f 432 435 438
f 432 375 435
f 375 380 435
f 384 383 440
f 384 440 439
f 439 440 441
f 439 441 442
f 436 442 437
f 436 439 442
f 436 379 439
f 379 384 439
f 388 387 444
f 388 444 443
f 443 444 445
f 443 445 446
f 440 446 441
f 440 443 446
f 440 383 443
f 383 388 443
f 392 391 448
f 392 448 447
f 447 448 449
f 447 449 450
f 444 450 445
f 444 447 450
f 444 387 447
f 387 392 447
f 396 395 452
f 396 452 451
f 451 452 453
f 451 453 454
f 448 454 449
f 448 451 454
f 448 391 451
f 391 396 451
f 452 395 455
f 417 416 463
f 417 463 418
f 422 421 464
f 416 465 463
f 416 464 465
f 416 422 464
f 426 425 466
f 421 467 464
f 421 466 467
f 421 426 466
f 430 429 468
f 425 469 466
f 425 468 469
f 425 430 468
f 434 433 470
f 429 471 468
f 429 470 471
f 429 434 470
f 438 437 472
f 433 473 470
f 433 472 473
f 433 438 472
f 442 441 474
f 437 475 472
f 437 474 475
f 437 442 474
f 446 445 476
f 441 477 474
f 441 476 477
f 441 446 476
f 450 449 478
f 445 479 476
f 445 478 479
f 445 450 478
f 454 453 481
f 454 481 480
f 480 481 482
f 480 482 483
f 480 483 484
f 449 484 478
f 449 480 484
f 449 454 480
f 481 486 482
f 483 482 489
f 483 489 484
f 482 490 489
f 482 486 490
f 491 492 493
f 491 493 494
f 491 494 495
f 491 495 496
f 491 496 497
f 491 497 492
f 498 499 500
f 498 500 501
f 498 501 502
f 493 502 494
f 493 498 502
f 493 492 503
f 493 503 498
f 498 503 499
f 504 505 506
f 504 506 507
f 504 507 508
f 500 508 501
f 500 504 508
f 500 499 509
f 500 509 504
f 504 509 505
f 510 511 512
f 510 512 513
f 510 513 514
f 506 514 507
f 506 510 514
f 506 505 515
f 506 515 510
f 510 515 511
f 516 517 518
f 516 518 519
f 516 519 520
f 512 520 513
f 512 516 520
f 512 511 521
f 512 521 516
f 516 521 517
f 522 523 524
f 522 524 525
f 522 525 526
f 518 526 519
f 518 522 526
f 518 517 527
f 518 527 522
f 522 527 523
f 528 529 530
f 528 530 531
f 528 531 532
f 524 532 525
f 524 528 532
f 524 523 533
f 524 533 528
f 528 533 529
f 534 535 536
f 534 536 537
f 534 537 538
f 530 538 531
f 530 534 538
f 530 529 539
f 530 539 534
f 534 539 535
f 540 541 542
f 540 542 543
f 540 543 544
f 536 544 537
f 536 540 544
f 536 535 545
f 536 545 540
f 540 545 541
f 546 547 548
f 546 548 549
f 546 549 550
f 542 550 543
f 542 546 550
f 542 541 551
f 542 551 546
f 546 551 547
f 548 552 549
f 548 547 552
f 553 554 555
f 553 555 556
f 553 556 557
f 553 557 558
f 553 558 559
f 553 559 554
f 560 561 562
f 560 562 563
f 560 563 564
f 555 564 556
f 555 560 564
f 555 554 565
f 555 565 560
f 560 565 561
f 566 567 568
f 566 568 569
f 566 569 570
f 562 570 563
f 562 566 570
f 562 561 571
f 562 571 566
f 566 571 567
f 495 494 573
f 495 573 572
f 572 573 574
f 572 574 575
f 568 575 569
f 568 572 575
f 568 567 576
f 568 576 572
f 495 576 496
f 495 572 576
f 502 501 578
f 502 578 577
f 577 578 579
f 577 579 580
f 573 580 574
f 573 577 580
f 573 494 577
f 494 502 577
f 508 507 582
f 508 582 581
f 581 582 583
f 581 583 584
f 578 584 579
f 578 581 584
f 578 501 581
f 501 508 581
f 514 513 586
f 514 586 585
f 585 586 587
f 585 587 588
f 582 588 583
f 582 585 588
f 582 507 585
f 507 514 585
f 520 519 590
f 520 590 589
f 589 590 591
f 589 591 592
f 586 592 587
f 586 589 592
f 586 513 589
f 513 520 589
f 526 525 594
f 526 594 593
f 593 594 595
f 593 595 596
f 590 596 591
f 590 593 596
f 590 519 593
f 519 526 593
f 532 531 598
f 532 598 597
f 597 598 599
f 597 599 600
f 594 600 595
f 594 597 600
f 594 525 597
f 525 532 597
f 538 537 602
f 538 602 601
f 601 602 603
f 601 603 604
f 598 604 599
f 598 601 604
f 598 531 601
f 531 538 601
f 544 543 606
f 544 606 605
f 605 606 607
f 605 607 608
f 602 608 603
f 602 605 608
f 602 537 605
f 537 544 605
f 550 549 610
f 550 610 609
f 609 610 611
f 609 611 612
f 606 612 607
f 606 609 612
f 606 543 609
f 543 550 609
f 613 614 615
f 613 615 616
f 613 616 617
f 610 617 611
f 610 613 617
f 610 549 613
f 549 552 614
f 549 614 613
f 618 619 620
f 618 620 621
f 618 621 622
f 615 622 616
f 615 618 622
f 615 614 623
f 615 623 618
f 618 623 619
f 624 625 626
f 624 626 627
f 624 627 628
f 620 628 621
f 620 624 628
f 620 619 629
f 620 629 624
f 624 629 625
f 630 631 632
f 630 632 633
f 630 633 634
f 626 634 627
f 626 630 634
f 626 625 635
f 626 635 630
f 630 635 631
f 636 637 638
f 636 638 639
f 636 639 640
f 632 640 633
f 632 636 640
f 632 631 641
f 632 641 636
f 636 641 637
f 638 642 639
f 638 637 642
f 557 556 644
f 557 644 643
f 643 644 645
f 643 645 646
f 643 646 647
f 643 647 648
f 557 648 558
f 557 643 648
f 564 563 650
f 564 650 649
f 649 650 651
f 649 651 652
f 644 652 645
f 644 649 652
f 644 556 649
f 556 564 649
f 570 569 654
f 570 654 653
f 653 654 655
f 653 655 656
f 650 656 651
f 650 653 656
f 650 563 653
f 563 570 653
f 575 574 658
f 575 658 657
f 657 658 659
f 657 659 660
f 654 660 655
f 654 657 660
f 654 569 657
f 569 575 657
f 580 579 662
f 580 662 661
f 661 662 663
f 661 663 664
f 658 664 659
f 658 661 664
f 658 574 661
f 574 580 661
f 584 583 666
f 584 666 665
f 665 666 667
f 665 667 668
f 662 668 663
f 662 665 668
f 662 579 665
f 579 584 665
f 588 587 670
f 588 670 669
f 669 670 671
f 669 671 672
f 666 672 667
f 666 669 672
f 666 583 669
f 583 588 669
f 592 591 674
f 592 674 673
f 673 674 675
f 673 675 676
f 670 676 671
f 670 673 676
f 670 587 673
f 587 592 673
f 596 595 678
f 596 678 677
f 677 678 679
f 677 679 680
f 674 680 675
f 674 677 680
f 674 591 677
f 591 596 677
f 600 599 682
f 600 682 681
f 681 682 683
f 681 683 684
f 678 684 679
f 678 681 684
f 678 595 681
f 595 600 681
f 604 603 686
f 604 686 685
f 685 686 687
f 685 687 688
f 682 688 683
f 682 685 688
f 682 599 685
f 599 604 685
f 608 607 690
f 608 690 689
f 689 690 691
f 689 691 692
f 686 692 687
f 686 689 692
f 686 603 689
f 603 608 689
f 612 611 694
f 612 694 693
f 7 694 2
f 7 693 694
f 7 6 695
f 7 695 693
f 690 695 691
f 690 693 695
f 690 607 693
f 607 612 693
f 617 616 697
f 617 697 696
f 13 697 9
f 13 696 697
f 13 2 696
f 2 694 696
f 694 611 696
f 611 617 696
f 622 621 699
f 622 699 698
f 19 699 15
f 19 698 699
f 19 9 698
f 9 697 698
f 697 616 698
f 616 622 698
f 628 627 701
f 628 701 700
f 25 701 21
f 25 700 701
f 25 15 700
f 15 699 700
f 699 621 700
f 621 628 700
f 634 633 703
f 634 703 702
f 31 703 27
f 31 702 703
f 31 21 702
f 21 701 702
f 701 627 702
f 627 634 702
f 640 639 705
f 640 705 704
f 37 705 33
f 37 704 705
f 37 27 704
f 27 703 704
f 703 633 704
f 633 640 704
f 706 707 708
f 706 708 709
f 33 709 38
f 33 706 709
f 33 705 706
f 705 639 706
f 639 642 707
f 639 707 706
f 710 711 712
f 710 712 713
f 710 713 714
f 708 714 709
f 708 710 714
f 708 707 715
f 708 715 710
f 710 715 711
f 716 717 718
f 716 718 719
f 716 719 720
f 712 720 713
f 712 716 720
f 712 711 721
f 712 721 716
f 716 721 717
f 722 723 724
f 722 724 725
f 722 725 726
f 718 726 719
f 718 722 726
f 718 717 727
f 718 727 722
f 722 727 723
f 728 729 730
f 728 730 731
f 728 731 732
f 724 732 725
f 724 728 732
f 724 723 733
f 724 733 728
f 728 733 729
f 734 735 736
f 734 736 737
f 734 737 738
f 730 738 731
f 730 734 738
f 730 729 739
f 730 739 734
f 734 739 735
f 740 741 742
f 740 742 743
f 740 743 744
f 736 744 737
f 736 740 744
f 736 735 745
f 736 745 740
f 740 745 741
f 746 747 748
f 746 748 749
f 746 749 750
f 742 750 743
f 742 746 750
f 742 741 751
f 742 751 746
f 746 751 747
f 752 753 754
f 752 754 755
f 752 755 756
f 748 756 749
f 748 752 756
f 748 747 757
f 748 757 752
f 752 757 753
f 758 759 760
f 758 760 761
f 758 761 762
f 754 762 755
f 754 758 762
f 754 753 763
f 754 763 758
f 758 763 759
f 764 765 766
f 764 766 767
f 764 767 768
f 760 768 761
f 760 764 768
f 760 759 769
f 760 769 764
f 764 769 765
f 770 771 772
f 770 772 773
f 770 773 774
f 766 774 767
f 766 770 774
f 766 765 775
f 766 775 770
f 770 775 771
f 776 777 778
f 776 778 779
f 776 779 780
f 772 780 773
f 772 776 780
f 772 771 781
f 772 781 776
f 776 781 777
f 782 783 784
f 782 784 785
f 782 785 786
f 778 786 779
f 778 782 786
f 778 777 787
f 778 787 782
f 782 787 783
f 788 789 790
f 788 790 791
f 788 791 792
f 784 792 785
f 784 788 792
f 784 783 793
f 784 793 788
f 788 793 789
f 794 795 796
f 794 796 797
f 794 797 798
f 790 798 791
f 790 794 798
f 790 789 799
f 790 799 794
f 794 799 795
f 796 804 797
f 796 795 805
f 646 645 807
f 646 807 647
f 652 651 808
f 645 809 807
f 645 808 809
f 645 652 808
f 656 655 810
f 651 811 808
f 651 810 811
f 651 656 810
f 660 659 812
f 655 813 810
f 655 812 813
f 655 660 812
f 664 663 814
f 659 815 812
f 659 814 815
f 659 664 814
f 668 667 816
f 663 817 814
f 663 816 817
f 663 668 816
f 672 671 818
f 667 819 816
f 667 818 819
f 667 672 818
f 676 675 821
f 676 821 820
f 820 821 822
f 820 822 823
f 820 823 824
f 671 824 818
f 671 820 824
f 671 676 820
f 680 679 826
f 680 826 825
f 825 826 827
f 825 827 828
f 821 828 822
f 821 825 828
f 821 675 825
f 675 680 825
f 684 683 830
f 684 830 829
f 829 830 831
f 829 831 832
f 826 832 827
f 826 829 832
f 826 679 829
f 679 684 829
f 688 687 834
f 688 834 833
f 833 834 835
f 833 835 836
f 830 836 831
f 830 833 836
f 830 683 833
f 683 688 833
f 692 691 838
f 692 838 837
f 837 838 839
f 837 839 840
f 834 840 835
f 834 837 840
f 834 687 837
f 687 692 837
f 695 6 841
f 6 39 842
f 6 842 841
f 841 842 843
f 838 843 839
f 838 841 843
f 838 691 841
f 691 695 841
f 39 44 844
f 39 844 842
f 38 709 845
f 38 845 62
f 714 713 847
f 714 847 846
f 71 847 67
f 71 846 847
f 71 62 846
f 62 845 846
f 845 709 846
f 709 714 846
f 720 719 849
f 720 849 848
f 77 849 73
f 77 848 849
f 77 67 848
f 67 847 848
f 847 713 848
f 713 720 848
f 726 725 851
f 726 851 850
f 83 851 79
f 83 850 851
f 83 73 850
f 73 849 850
f 849 719 850
f 719 726 850
f 732 731 853
f 732 853 852
f 89 853 85
f 89 852 853
f 89 79 852
f 79 851 852
f 851 725 852
f 725 732 852
f 738 737 855
f 738 855 854
f 95 855 91
f 95 854 855
f 95 85 854
f 85 853 854
f 853 731 854
f 731 738 854
f 744 743 857
f 744 857 856
f 101 857 97
f 101 856 857
f 101 91 856
f 91 855 856
f 855 737 856
f 737 744 856
f 750 749 859
f 750 859 858
f 107 859 103
f 107 858 859
f 107 97 858
f 97 857 858
f 857 743 858
f 743 750 858
f 756 755 861
f 756 861 860
f 113 861 109
f 113 860 861
f 113 103 860
f 103 859 860
f 859 749 860
f 749 756 860
f 762 761 863
f 762 863 862
f 119 863 115
f 119 862 863
f 119 109 862
f 109 861 862
f 861 755 862
f 755 762 862
f 768 767 865
f 768 865 864
f 125 865 121
f 125 864 865
f 125 115 864
f 115 863 864
f 863 761 864
f 761 768 864
f 774 773 867
f 774 867 866
f 131 867 127
f 131 866 867
f 131 121 866
f 121 865 866
f 865 767 866
f 767 774 866
f 780 779 869
f 780 869 868
f 137 869 133
f 137 868 869
f 137 127 868
f 127 867 868
f 867 773 868
f 773 780 868
f 786 785 871
f 786 871 870
f 143 871 139
f 143 870 871
f 143 133 870
f 133 869 870
f 869 779 870
f 779 786 870
f 792 791 873
f 792 873 872
f 149 873 145
f 149 872 873
f 149 139 872
f 139 871 872
f 871 785 872
f 785 792 872
f 798 797 875
f 798 875 874
f 155 875 151
f 155 874 875
f 155 145 874
f 145 873 874
f 873 791 874
f 791 798 874
f 161 151 876
f 151 875 876
f 875 797 876
f 797 804 876
f 823 822 883
f 823 883 824
f 828 827 884
f 822 885 883
f 822 884 885
f 822 828 884
f 832 831 886
f 827 887 884
f 827 886 887
f 827 832 886
f 836 835 888
f 831 889 886
f 831 888 889
f 831 836 888
f 840 839 891
f 840 891 890
f 890 891 892
f 890 892 893
f 890 893 894
f 835 894 888
f 835 890 894
f 835 840 890
f 843 842 896
f 843 896 895
f 895 896 897
f 895 897 898
f 891 898 892
f 891 895 898
f 891 839 895
f 839 843 895
f 844 44 899
f 44 163 900
f 44 900 899
f 899 900 901
f 896 901 897
f 896 899 901
f 896 842 899
f 842 844 899
f 165 164 902
f 165 903 163
f 165 902 903
f 163 903 900
f 164 170 904
f 164 904 902
f 893 892 909
f 893 909 894
f 898 897 910
f 892 911 909
f 892 910 911
f 892 898 910
f 901 900 912
f 897 913 910
f 897 912 913
f 897 901 912
f 903 902 915
f 903 915 914
f 914 915 916
f 914 916 917
f 914 917 918
f 900 918 912
f 900 914 918
f 900 903 914
f 904 170 919
f 170 253 920
f 170 920 919
f 919 920 921
f 915 921 916
f 915 919 921
f 915 902 919
f 902 904 919
f 255 254 922
f 255 923 253
f 255 922 923
f 253 923 920
f 254 260 924
f 254 924 922
f 917 916 929
f 917 929 918
f 921 920 930
f 916 931 929
f 916 930 931
f 916 921 930
f 923 922 932
f 920 933 930
f 920 932 933
f 920 923 932
f 924 260 934
f 260 335 935
f 260 935 934
f 934 935 936
f 934 936 937
f 922 937 932
f 922 934 937
f 922 924 934
f 337 336 938
f 337 939 335
f 337 938 939
f 335 939 935
f 339 338 940
f 339 941 336
f 339 940 941
f 336 941 938
f 338 344 942
f 338 942 940
f 936 935 949
f 936 949 937
f 939 938 950
f 935 951 949
f 935 950 951
f 935 939 950
f 941 940 952
f 938 953 950
f 938 952 953
f 938 941 952
f 942 344 954
f 344 407 955
f 344 955 954
f 954 955 956
f 954 956 957
f 940 957 952
f 940 954 957
f 940 942 954
f 409 408 958
f 409 959 407
f 409 958 959
f 407 959 955
f 411 410 960
f 411 961 408
f 411 960 961
f 408 961 958
f 413 412 962
f 413 963 410
f 413 962 963
f 410 963 960
f 412 418 964
f 412 964 962
f 956 955 969
f 956 969 957
f 959 958 970
f 955 971 969
f 955 970 971
f 955 959 970
f 961 960 972
f 958 973 970
f 958 972 973
f 958 961 972
f 963 962 974
f 960 975 972
f 960 974 975
f 960 963 974
f 964 977 976
f 964 418 977
f 418 463 977
f 962 978 974
f 962 976 978
f 962 964 976
f 465 464 979
f 465 980 463
f 465 979 980
f 463 981 977
f 463 980 981
f 977 981 976
f 467 466 982
f 467 983 464
f 467 982 983
f 464 983 979
f 469 468 984
f 469 985 466
f 469 984 985
f 466 985 982
f 471 470 986
f 471 987 468
f 471 986 987
f 468 987 984
f 473 472 988
f 473 989 470
f 473 988 989
f 470 989 986
f 475 474 990
f 475 991 472
f 475 990 991
f 472 991 988
f 477 476 992
f 477 993 474
f 477 992 993
f 474 993 990
f 479 478 994
f 479 995 476
f 479 994 995
f 476 995 992
f 478 484 996
f 478 996 994
f 980 979 1003
f 980 1003 981
f 983 982 1004
f 979 1005 1003
f 979 1004 1005
f 979 983 1004
f 985 984 1006
f 982 1007 1004
f 982 1006 1007
f 982 985 1006
f 987 986 1008
f 984 1009 1006
f 984 1008 1009
f 984 987 1008
f 989 988 1010
f 986 1011 1008
f 986 1010 1011
f 986 989 1010
f 991 990 1012
f 988 1013 1010
f 988 1012 1013
f 988 991 1012
f 993 992 1014
f 990 1015 1012
f 990 1014 1015
f 990 993 1014
f 995 994 1016
f 992 1017 1014
f 992 1016 1017
f 992 995 1016
f 996 484 1018
f 484 489 1019
f 484 1019 1018
f 1018 1019 1020
f 1018 1020 1021
f 994 1021 1016
f 994 1018 1021
f 994 996 1018
f 490 1022 489
f 1020 1019 1029
f 1020 1029 1021
f 1019 1030 1029
f 1031 1032 1033
f 1031 1033 1034
f 1031 1034 1035
f 1031 1035 1036
f 1031 1036 1037
f 1031 1037 1032
f 1038 1039 1040
f 1038 1040 1041
f 1038 1041 1042
f 1033 1042 1034
f 1033 1038 1042
f 1033 1032 1043
f 1033 1043 1038
f 1038 1043 1039
f 1044 1045 1046
f 1044 1046 1047
f 1044 1047 1048
f 1040 1048 1041
f 1040 1044 1048
f 1040 1039 1049
f 1040 1049 1044
f 1044 1049 1045
f 1050 1051 1052
f 1050 1052 1053
f 1050 1053 1054
f 1046 1054 1047
f 1046 1050 1054
f 1046 1045 1055
f 1046 1055 1050
f 1050 1055 1051
f 1056 1057 1058
f 1056 1058 1059
f 1056 1059 1060
f 1052 1060 1053
f 1052 1056 1060
f 1052 1051 1061
f 1052 1061 1056
f 1056 1061 1057
f 1062 1063 1064
f 1062 1064 1065
f 1062 1065 1066
f 1058 1066 1059
f 1058 1062 1066
f 1058 1057 1067
f 1058 1067 1062
f 1062 1067 1063
f 1068 1069 1070
f 1068 1070 1071
f 1068 1071 1072
f 1064 1072 1065
f 1064 1068 1072
f 1064 1063 1073
f 1064 1073 1068
f 1068 1073 1069
f 1074 1075 1076
f 1074 1076 1077
f 1074 1077 1078
f 1070 1078 1071
f 1070 1074 1078
f 1070 1069 1079
f 1070 1079 1074
f 1074 1079 1075
f 1080 1081 1082
f 1080 1082 1083
f 1080 1083 1084
f 1076 1084 1077
f 1076 1080 1084
f 1076 1075 1085
f 1076 1085 1080
f 1080 1085 1081
f 1086 1087 1088
f 1086 1088 1089
f 1086 1089 1090
f 1082 1090 1083
f 1082 1086 1090
f 1082 1081 1091
f 1082 1091 1086
f 1086 1091 1087
f 1088 1092 1089
f 1088 1087 1092
f 1093 1094 1095
f 1093 1095 1096
f 1093 1096 1097
f 1093 1097 1098
f 1093 1098 1099
f 1093 1099 1094
f 1100 1101 1102
f 1100 1102 1103
f 1100 1103 1104
f 1095 1104 1096
f 1095 1100 1104
f 1095 1094 1105
f 1095 1105 1100
f 1100 1105 1101
f 1106 1107 1108
f 1106 1108 1109
f 1106 1109 1110
f 1102 1110 1103
f 1102 1106 1110
f 1102 1101 1111
f 1102 1111 1106
f 1106 1111 1107
f 1112 1113 1114
f 1112 1114 1115
f 1112 1115 1116
f 1108 1116 1109
f 1108 1112 1116
f 1108 1107 1117
f 1108 1117 1112
f 1112 1117 1113
f 1118 1119 1120
f 1118 1120 1121
f 1118 1121 1122
f 1114 1122 1115
f 1114 1118 1122
f 1114 1113 1123
f 1114 1123 1118
f 1118 1123 1119
f 1124 1125 1126
f 1124 1126 1127
f 1124 1127 1128
f 1120 1128 1121
f 1120 1124 1128
f 1120 1119 1129
f 1120 1129 1124
f 1124 1129 1125
f 1130 1131 1132
f 1130 1132 1133
f 1130 1133 1134
f 1126 1134 1127
f 1126 1130 1134
f 1126 1125 1135
f 1126 1135 1130
f 1130 1135 1131
f 1136 1137 1138
f 1136 1138 1139
f 1136 1139 1140
f 1132 1140 1133
f 1132 1136 1140
f 1132 1131 1141
f 1132 1141 1136
f 1136 1141 1137
f 1138 1142 1139
f 1138 1137 1142
f 1035 1034 1143
f 1035 1143 1036
f 1042 1041 1145
f 1042 1145 1144
f 1144 1145 1146
f 1144 1146 1147
f 1144 1147 1148
f 1034 1148 1143
f 1034 1144 1148
f 1034 1042 1144
f 1048 1047 1150
f 1048 1150 1149
f 1149 1150 1151
f 1149 1151 1152
f 1145 1152 1146
f 1145 1149 1152
f 1145 1041 1149
f 1041 1048 1149
f 1054 1053 1154
f 1054 1154 1153
f 1153 1154 1155
f 1153 1155 1156
f 1150 1156 1151
f 1150 1153 1156
f 1150 1047 1153
f 1047 1054 1153
f 1060 1059 1158
f 1060 1158 1157
f 1157 1158 1159
f 1157 1159 1160
f 1154 1160 1155
f 1154 1157 1160
f 1154 1053 1157
f 1053 1060 1157
f 1066 1065 1162
f 1066 1162 1161
f 1161 1162 1163
f 1161 1163 1164
f 1158 1164 1159
f 1158 1161 1164
f 1158 1059 1161
f 1059 1066 1161
f 1072 1071 1166
f 1072 1166 1165
f 1165 1166 1167
f 1165 1167 1168
f 1162 1168 1163
f 1162 1165 1168
f 1162 1065 1165
f 1065 1072 1165
f 1078 1077 1170
f 1078 1170 1169
f 1169 1170 1171
f 1169 1171 1172
f 1166 1172 1167
f 1166 1169 1172
f 1166 1071 1169
f 1071 1078 1169
f 1084 1083 1174
f 1084 1174 1173
f 1173 1174 1175
f 1173 1175 1176
f 1170 1176 1171
f 1170 1173 1176
f 1170 1077 1173
f 1077 1084 1173
f 1090 1089 1178
f 1090 1178 1177
f 1177 1178 1179
f 1177 1179 1180
f 1174 1180 1175
f 1174 1177 1180
f 1174 1083 1177
f 1083 1090 1177
f 1181 1182 1183
f 1181 1183 1184
f 1181 1184 1185
f 1178 1185 1179
f 1178 1181 1185
f 1178 1089 1181
f 1089 1092 1182
f 1089 1182 1181
f 1186 1187 1188
f 1186 1188 1189
f 1186 1189 1190
f 1183 1190 1184
f 1183 1186 1190
f 1183 1182 1191
f 1183 1191 1186
f 1186 1191 1187
f 1192 1193 1194
f 1192 1194 1195
f 1192 1195 1196
f 1188 1196 1189
f 1188 1192 1196
f 1188 1187 1197
f 1188 1197 1192
f 1192 1197 1193
f 1198 1199 1200
f 1198 1200 1201
f 1198 1201 1202
f 1194 1202 1195
f 1194 1198 1202
f 1194 1193 1203
f 1194 1203 1198
f 1198 1203 1199
f 1097 1096 1205
f 1097 1205 1204
f 497 1205 492
f 497 1204 1205
f 497 496 1206
f 497 1206 1204
f 1200 1206 1201
f 1200 1204 1206
f 1200 1199 1207
f 1200 1207 1204
f 1097 1207 1098
f 1097 1204 1207
f 1104 1103 1209
f 1104 1209 1208
f 503 1209 499
f 503 1208 1209
f 503 492 1208
f 492 1205 1208
f 1205 1096 1208
f 1096 1104 1208
f 1110 1109 1211
f 1110 1211 1210
f 509 1211 505
f 509 1210 1211
f 509 499 1210
f 499 1209 1210
f 1209 1103 1210
f 1103 1110 1210
f 1116 1115 1213
f 1116 1213 1212
f 515 1213 511
f 515 1212 1213
f 515 505 1212
f 505 1211 1212
f 1211 1109 1212
f 1109 1116 1212
f 1122 1121 1215
f 1122 1215 1214
f 521 1215 517
f 521 1214 1215
f 521 511 1214
f 511 1213 1214
f 1213 1115 1214
f 1115 1122 1214
f 1128 1127 1217
f 1128 1217 1216
f 527 1217 523
f 527 1216 1217
f 527 517 1216
f 517 1215 1216
f 1215 1121 1216
f 1121 1128 1216
f 1134 1133 1219
f 1134 1219 1218
f 533 1219 529
f 533 1218 1219
f 533 523 1218
f 523 1217 1218
f 1217 1127 1218
f 1127 1134 1218
f 1140 1139 1221
f 1140 1221 1220
f 539 1221 535
f 539 1220 1221
f 539 529 1220
f 529 1219 1220
f 1219 1133 1220
f 1133 1140 1220
f 1222 1223 1224
f 545 1224 541
f 545 1222 1224
f 545 535 1222
f 535 1221 1222
f 1221 1139 1222
f 1139 1142 1223
f 1139 1223 1222
f 1225 1226 1227
f 551 1227 547
f 551 1225 1227
f 551 541 1225
f 541 1224 1225
f 1224 1223 1228
f 1224 1228 1225
f 1225 1228 1226
f 1229 1230 1231
f 1229 1231 1232
f 547 1232 552
f 547 1229 1232
f 547 1227 1229
f 1227 1226 1233
f 1227 1233 1229
f 1229 1233 1230
f 1231 1234 1232
f 1231 1230 1234
f 1147 1146 1235
f 1147 1235 1148
f 1152 1151 1236
f 1146 1237 1235
f 1146 1236 1237
f 1146 1152 1236
f 1156 1155 1238
f 1151 1239 1236
f 1151 1238 1239
f 1151 1156 1238
f 1160 1159 1241
f 1160 1241 1240
f 1240 1241 1242
f 1240 1242 1243
f 1240 1243 1244
f 1155 1244 1238
f 1155 1240 1244
f 1155 1160 1240
f 1164 1163 1246
f 1164 1246 1245
f 1245 1246 1247
f 1245 1247 1248
f 1241 1248 1242
f 1241 1245 1248
f 1241 1159 1245
f 1159 1164 1245
f 1168 1167 1250
f 1168 1250 1249
f 1249 1250 1251
f 1249 1251 1252
f 1246 1252 1247
f 1246 1249 1252
f 1246 1163 1249
f 1163 1168 1249
f 1172 1171 1254
f 1172 1254 1253
f 1253 1254 1255
f 1253 1255 1256
f 1250 1256 1251
f 1250 1253 1256
f 1250 1167 1253
f 1167 1172 1253
f 1176 1175 1258
f 1176 1258 1257
f 1257 1258 1259
f 1257 1259 1260
f 1254 1260 1255
f 1254 1257 1260
f 1254 1171 1257
f 1171 1176 1257
f 1180 1179 1262
f 1180 1262 1261
f 1261 1262 1263
f 1261 1263 1264
f 1258 1264 1259
f 1258 1261 1264
f 1258 1175 1261
f 1175 1180 1261
f 1185 1184 1266
f 1185 1266 1265
f 1265 1266 1267
f 1265 1267 1268
f 1262 1268 1263
f 1262 1265 1268
f 1262 1179 1265
f 1179 1185 1265
f 1190 1189 1270
f 1190 1270 1269
f 559 1270 554
f 559 1269 1270
f 559 558 1271
f 559 1271 1269
f 1266 1271 1267
f 1266 1269 1271
f 1266 1184 1269
f 1184 1190 1269
f 1196 1195 1273
f 1196 1273 1272
f 565 1273 561
f 565 1272 1273
f 565 554 1272
f 554 1270 1272
f 1270 1189 1272
f 1189 1196 1272
f 1202 1201 1275
f 1202 1275 1274
f 571 1275 567
f 571 1274 1275
f 571 561 1274
f 561 1273 1274
f 1273 1195 1274
f 1195 1202 1274
f 1206 496 1276
f 496 576 1276
f 576 567 1276
f 567 1275 1276
f 1275 1201 1276
f 1201 1206 1276
f 552 1232 1277
f 552 1277 614
f 1278 1279 1280
f 623 1280 619
f 623 1278 1280
f 623 614 1278
f 614 1277 1278
f 1277 1232 1278
f 1232 1234 1279
f 1232 1279 1278
f 1281 1282 1283
f 629 1283 625
f 629 1281 1283
f 629 619 1281
f 619 1280 1281
f 1280 1279 1284
f 1280 1284 1281
f 1281 1284 1282
f 1285 1286 1287
f 635 1287 631
f 635 1285 1287
f 635 625 1285
f 625 1283 1285
f 1283 1282 1288
f 1283 1288 1285
f 1285 1288 1286
f 1289 1290 1291
f 641 1291 637
f 641 1289 1291
f 641 631 1289
f 631 1287 1289
f 1287 1286 1292
f 1287 1292 1289
f 1289 1292 1290
f 1293 1294 1295
f 1293 1295 1296
f 637 1296 642
f 637 1293 1296
f 637 1291 1293
f 1291 1290 1297
f 1291 1297 1293
f 1293 1297 1294
f 1295 1298 1296
f 1295 1294 1298
f 1299 1300 1301
f 1299 1301 1302
f 1299 1302 1303
f 1299 1303 1304
f 1299 1304 1305
f 1299 1305 1300
f 1301 1306 1302
f 1301 1300 1306
f 1243 1242 1307
f 1243 1307 1244
f 1248 1247 1308
f 1242 1309 1307
f 1242 1308 1309
f 1242 1248 1308
f 1252 1251 1311
f 1252 1311 1310
f 1310 1311 1312
f 1310 1312 1313
f 1310 1313 1314
f 1247 1314 1308
f 1247 1310 1314
f 1247 1252 1310
f 1256 1255 1316
f 1256 1316 1315
f 1315 1316 1317
f 1315 1317 1318
f 1311 1318 1312
f 1311 1315 1318
f 1311 1251 1315
f 1251 1256 1315
f 1260 1259 1320
f 1260 1320 1319
f 1319 1320 1321
f 1319 1321 1322
f 1316 1322 1317
f 1316 1319 1322
f 1316 1255 1319
f 1255 1260 1319
f 1264 1263 1324
f 1264 1324 1323
f 1323 1324 1325
f 1323 1325 1326
f 1320 1326 1321
f 1320 1323 1326
f 1320 1259 1323
f 1259 1264 1323
f 1268 1267 1328
f 1268 1328 1327
f 1327 1328 1329
f 1327 1329 1330
f 1324 1330 1325
f 1324 1327 1330
f 1324 1263 1327
f 1263 1268 1327
f 1271 558 1331
f 558 648 1331
f 648 647 1332
f 648 1332 1331
f 1328 1332 1329
f 1328 1331 1332
f 1328 1267 1331
f 1267 1271 1331
f 642 1296 1333
f 642 1333 707
f 1334 1335 1336
f 715 1336 711
f 715 1334 1336
f 715 707 1334
f 707 1333 1334
f 1333 1296 1334
f 1296 1298 1335
f 1296 1335 1334
f 1337 1338 1339
f 721 1339 717
f 721 1337 1339
f 721 711 1337
f 711 1336 1337
f 1336 1335 1340
f 1336 1340 1337
f 1337 1340 1338
f 1341 1342 1343
f 727 1343 723
f 727 1341 1343
f 727 717 1341
f 717 1339 1341
f 1339 1338 1344
f 1339 1344 1341
f 1341 1344 1342
f 1345 1346 1347
f 733 1347 729
f 733 1345 1347
f 733 723 1345
f 723 1343 1345
f 1343 1342 1348
f 1343 1348 1345
f 1345 1348 1346
f 1349 1350 1351
f 739 1351 735
f 739 1349 1351
f 739 729 1349
f 729 1347 1349
f 1347 1346 1352
f 1347 1352 1349
f 1349 1352 1350
f 1353 1354 1355
f 745 1355 741
f 745 1353 1355
f 745 735 1353
f 735 1351 1353
f 1351 1350 1356
f 1351 1356 1353
f 1353 1356 1354
f 1357 1358 1359
f 751 1359 747
f 751 1357 1359
f 751 741 1357
f 741 1355 1357
f 1355 1354 1360
f 1355 1360 1357
f 1357 1360 1358
f 1361 1362 1363
f 757 1363 753
f 757 1361 1363
f 757 747 1361
f 747 1359 1361
f 1359 1358 1364
f 1359 1364 1361
f 1361 1364 1362
f 1365 1366 1367
f 763 1367 759
f 763 1365 1367
f 763 753 1365
f 753 1363 1365
f 1363 1362 1368
f 1363 1368 1365
f 1365 1368 1366
f 1369 1370 1371
f 769 1371 765
f 769 1369 1371
f 769 759 1369
f 759 1367 1369
f 1367 1366 1372
f 1367 1372 1369
f 1369 1372 1370
f 1373 1374 1375
f 775 1375 771
f 775 1373 1375
f 775 765 1373
f 765 1371 1373
f 1371 1370 1376
f 1371 1376 1373
f 1373 1376 1374
f 1377 1378 1379
f 781 1379 777
f 781 1377 1379
f 781 771 1377
f 771 1375 1377
f 1375 1374 1380
f 1375 1380 1377
f 1377 1380 1378
f 1381 1382 1383
f 787 1383 783
f 787 1381 1383
f 787 777 1381
f 777 1379 1381
f 1379 1378 1384
f 1379 1384 1381
f 1381 1384 1382
f 1385 1386 1387
f 793 1387 789
f 793 1385 1387
f 793 783 1385
f 783 1383 1385
f 1383 1382 1388
f 1383 1388 1385
f 1385 1388 1386
f 1303 1302 1390
f 1303 1390 1389
f 799 1390 795
f 799 1389 1390
f 799 789 1389
f 789 1387 1389
f 1387 1386 1391
f 1387 1391 1389
f 1303 1391 1304
f 1303 1389 1391
f 805 795 1392
f 795 1390 1392
f 1390 1302 1392
f 1313 1312 1401
f 1313 1401 1314
f 1318 1317 1402
f 1312 1403 1401
f 1312 1402 1403
f 1312 1318 1402
f 1322 1321 1404
f 1317 1405 1402
f 1317 1404 1405
f 1317 1322 1404
f 1326 1325 1406
f 1321 1407 1404
f 1321 1406 1407
f 1321 1326 1406
f 1330 1329 1409
f 1330 1409 1408
f 1408 1409 1410
f 1408 1410 1411
f 1408 1411 1412
f 1325 1412 1406
f 1325 1408 1412
f 1325 1330 1408
f 1332 647 1413
f 647 807 1414
f 647 1414 1413
f 1413 1414 1415
f 1409 1415 1410
f 1409 1413 1415
f 1409 1329 1413
f 1329 1332 1413
f 809 808 1416
f 809 1417 807
f 809 1416 1417
f 807 1417 1414
f 811 810 1418
f 811 1419 808
f 811 1418 1419
f 808 1419 1416
f 813 812 1420
f 813 1421 810
f 813 1420 1421
f 810 1421 1418
f 815 814 1422
f 815 1423 812
f 815 1422 1423
f 812 1423 1420
f 817 816 1424
f 817 1425 814
f 817 1424 1425
f 814 1425 1422
f 819 818 1426
f 819 1427 816
f 819 1426 1427
f 816 1427 1424
f 818 824 1428
f 818 1428 1426
f 1411 1410 1433
f 1411 1433 1412
f 1415 1414 1434
f 1410 1435 1433
f 1410 1434 1435
f 1410 1415 1434
f 1417 1416 1436
f 1414 1437 1434
f 1414 1436 1437
f 1414 1417 1436
f 1419 1418 1438
f 1416 1439 1436
f 1416 1438 1439
f 1416 1419 1438
f 1421 1420 1440
f 1418 1441 1438
f 1418 1440 1441
f 1418 1421 1440
f 1423 1422 1442
f 1420 1443 1440
f 1420 1442 1443
f 1420 1423 1442
f 1425 1424 1444
f 1422 1445 1442
f 1422 1444 1445
f 1422 1425 1444
f 1427 1426 1446
f 1424 1447 1444
f 1424 1446 1447
f 1424 1427 1446
f 1428 1449 1448
f 1428 824 1449
f 824 883 1449
f 1426 1450 1446
f 1426 1448 1450
f 1426 1428 1448
f 1451 1453 1452
f 885 1453 1451
f 885 884 1453
f 885 1451 883
f 883 1451 1449
f 1449 1451 1454
f 1449 1454 1448
f 1451 1452 1454
f 887 886 1455
f 887 1456 884
f 887 1455 1456
f 884 1457 1453
f 884 1456 1457
f 1453 1457 1452
f 889 888 1458
f 889 1459 886
f 889 1458 1459
f 886 1459 1455
f 888 894 1460
f 888 1460 1458
f 1456 1455 1465
f 1456 1465 1457
f 1459 1458 1466
f 1455 1467 1465
f 1455 1466 1467
f 1455 1459 1466
f 1460 1469 1468
f 1460 894 1469
f 894 909 1469
f 1458 1470 1466
f 1458 1468 1470
f 1458 1460 1468
f 1471 1473 1472
f 911 1473 1471
f 911 910 1473
f 911 1471 909
f 909 1471 1469
f 1469 1471 1474
f 1469 1474 1468
f 1471 1472 1474
f 913 912 1475
f 913 1476 910
f 913 1475 1476
f 910 1477 1473
f 910 1476 1477
f 1473 1477 1472
f 912 918 1478
f 912 1478 1475
f 1476 1475 1483
f 1476 1483 1477
f 1478 1485 1484
f 1478 918 1485
f 918 929 1485
f 1475 1486 1483
f 1475 1484 1486
f 1475 1478 1484
f 1487 1489 1488
f 931 1489 1487
f 931 930 1489
f 931 1487 929
f 929 1487 1485
f 1485 1487 1490
f 1485 1490 1484
f 1487 1488 1490
f 933 932 1491
f 933 1492 930
f 933 1491 1492
f 930 1493 1489
f 930 1492 1493
f 1489 1493 1488
f 932 937 1494
f 932 1494 1491
f 1492 1491 1499
f 1492 1499 1493
f 1494 1501 1500
f 1494 937 1501
f 937 949 1501
f 1491 1502 1499
f 1491 1500 1502
f 1491 1494 1500
f 1503 1505 1504
f 951 1505 1503
f 951 950 1505
f 951 1503 949
f 949 1503 1501
f 1501 1503 1506
f 1501 1506 1500
f 1503 1504 1506
f 953 952 1507
f 953 1508 950
f 953 1507 1508
f 950 1509 1505
f 950 1508 1509
f 1505 1509 1504
f 952 957 1510
f 952 1510 1507
f 1508 1507 1517
f 1508 1517 1509
f 1510 1519 1518
f 1510 957 1519
f 957 969 1519
f 1507 1520 1517
f 1507 1518 1520
f 1507 1510 1518
f 1521 1523 1522
f 971 1523 1521
f 971 970 1523
f 971 1521 969
f 969 1521 1519
f 1519 1521 1524
f 1519 1524 1518
f 1521 1522 1524
f 1525 1527 1526
f 973 1527 1525
f 973 972 1527
f 973 1525 970
f 970 1525 1523
f 1523 1525 1528
f 1523 1528 1522
f 1525 1526 1528
f 1529 1531 1530
f 975 1531 1529
f 975 974 1531
f 975 1529 972
f 972 1529 1527
f 1527 1529 1532
f 1527 1532 1526
f 1529 1530 1532
f 978 976 1533
f 978 1534 974
f 978 1533 1534
f 974 1535 1531
f 974 1534 1535
f 1531 1535 1530
f 976 981 1536
f 976 1536 1533
f 1534 1533 1541
f 1534 1541 1535
f 1536 1543 1542
f 1536 981 1543
f 981 1003 1543
f 1533 1544 1541
f 1533 1542 1544
f 1533 1536 1542
f 1545 1547 1546
f 1005 1547 1545
f 1005 1004 1547
f 1005 1545 1003
f 1003 1545 1543
f 1543 1545 1548
f 1543 1548 1542
f 1545 1546 1548
f 1549 1551 1550
f 1007 1551 1549
f 1007 1006 1551
f 1007 1549 1004
f 1004 1549 1547
f 1547 1549 1552
f 1547 1552 1546
f 1549 1550 1552
f 1553 1555 1554
f 1009 1555 1553
f 1009 1008 1555
f 1009 1553 1006
f 1006 1553 1551
f 1551 1553 1556
f 1551 1556 1550
f 1553 1554 1556
f 1557 1559 1558
f 1011 1559 1557
f 1011 1010 1559
f 1011 1557 1008
f 1008 1557 1555
f 1555 1557 1560
f 1555 1560 1554
f 1557 1558 1560
f 1013 1012 1561
f 1013 1562 1010
f 1013 1561 1562
f 1010 1563 1559
f 1010 1562 1563
f 1559 1563 1558
f 1015 1014 1564
f 1015 1565 1012
f 1015 1564 1565
f 1012 1565 1561
f 1017 1016 1566
f 1017 1567 1014
f 1017 1566 1567
f 1014 1567 1564
f 1016 1021 1568
f 1016 1568 1566
f 1562 1561 1577
f 1562 1577 1563
f 1565 1564 1578
f 1561 1579 1577
f 1561 1578 1579
f 1561 1565 1578
f 1567 1566 1580
f 1564 1581 1578
f 1564 1580 1581
f 1564 1567 1580
f 1568 1583 1582
f 1568 1021 1583
f 1021 1029 1583
f 1566 1584 1580
f 1566 1582 1584
f 1566 1568 1582
f 1030 1585 1029
f 1029 1585 1583
f 1589 1590 1591
f 1589 1591 1592
f 1589 1592 1593
f 1589 1593 1594
f 1589 1594 1595
f 1589 1595 1590
f 1596 1597 1598
f 1596 1598 1599
f 1596 1599 1600
f 1591 1600 1592
f 1591 1596 1600
f 1591 1590 1601
f 1591 1601 1596
f 1596 1601 1597
f 1602 1603 1604
f 1602 1604 1605
f 1602 1605 1606
f 1598 1606 1599
f 1598 1602 1606
f 1598 1597 1607
f 1598 1607 1602
f 1602 1607 1603
f 1608 1609 1610
f 1608 1610 1611
f 1608 1611 1612
f 1604 1612 1605
f 1604 1608 1612
f 1604 1603 1613
f 1604 1613 1608
f 1608 1613 1609
f 1614 1615 1616
f 1614 1616 1617
f 1614 1617 1618
f 1610 1618 1611
f 1610 1614 1618
f 1610 1609 1619
f 1610 1619 1614
f 1614 1619 1615
f 1620 1621 1622
f 1620 1622 1623
f 1620 1623 1624
f 1616 1624 1617
f 1616 1620 1624
f 1616 1615 1625
f 1616 1625 1620
f 1620 1625 1621
f 1626 1627 1628
f 1626 1628 1629
f 1626 1629 1630
f 1622 1630 1623
f 1622 1626 1630
f 1622 1621 1631
f 1622 1631 1626
f 1626 1631 1627
f 1628 1632 1629
f 1628 1627 1632
f 1633 1634 1635
f 1633 1635 1636
f 1633 1636 1637
f 1633 1637 1638
f 1633 1638 1639
f 1633 1639 1634
f 1640 1641 1642
f 1640 1642 1643
f 1640 1643 1644
f 1635 1644 1636
f 1635 1640 1644
f 1635 1634 1645
f 1635 1645 1640
f 1640 1645 1641
f 1646 1647 1648
f 1646 1648 1649
f 1646 1649 1650
f 1642 1650 1643
f 1642 1646 1650
f 1642 1641 1651
f 1642 1651 1646
f 1646 1651 1647
f 1652 1653 1654
f 1652 1654 1655
f 1652 1655 1656
f 1648 1656 1649
f 1648 1652 1656
f 1648 1647 1657
f 1648 1657 1652
f 1652 1657 1653
f 1593 1592 1659
f 1593 1659 1658
f 1658 1659 1660
f 1658 1660 1661
f 1654 1661 1655
f 1654 1658 1661
f 1654 1653 1662
f 1654 1662 1658
f 1593 1662 1594
f 1593 1658 1662
f 1600 1599 1664
f 1600 1664 1663
f 1663 1664 1665
f 1663 1665 1666
f 1659 1666 1660
f 1659 1663 1666
f 1659 1592 1663
f 1592 1600 1663
f 1606 1605 1668
f 1606 1668 1667
f 1667 1668 1669
f 1667 1669 1670
f 1664 1670 1665
f 1664 1667 1670
f 1664 1599 1667
f 1599 1606 1667
f 1612 1611 1672
f 1612 1672 1671
f 1671 1672 1673
f 1671 1673 1674
f 1668 1674 1669
f 1668 1671 1674
f 1668 1605 1671
f 1605 1612 1671
f 1618 1617 1676
f 1618 1676 1675
f 1675 1676 1677
f 1675 1677 1678
f 1672 1678 1673
f 1672 1675 1678
f 1672 1611 1675
f 1611 1618 1675
f 1624 1623 1680
f 1624 1680 1679
f 1679 1680 1681
f 1679 1681 1682
f 1676 1682 1677
f 1676 1679 1682
f 1676 1617 1679
f 1617 1624 1679
f 1630 1629 1684
f 1630 1684 1683
f 1683 1684 1685
f 1683 1685 1686
f 1680 1686 1681
f 1680 1683 1686
f 1680 1623 1683
f 1623 1630 1683
f 1687 1688 1689
f 1687 1689 1690
f 1687 1690 1691
f 1684 1691 1685
f 1684 1687 1691
f 1684 1629 1687
f 1629 1632 1688
f 1629 1688 1687
f 1692 1693 1694
f 1692 1694 1695
f 1692 1695 1696
f 1689 1696 1690
f 1689 1692 1696
f 1689 1688 1697
f 1689 1697 1692
f 1692 1697 1693
f 1698 1699 1700
f 1698 1700 1701
f 1698 1701 1702
f 1694 1702 1695
f 1694 1698 1702
f 1694 1693 1703
f 1694 1703 1698
f 1698 1703 1699
f 1704 1705 1706
f 1704 1706 1707
f 1704 1707 1708
f 1700 1708 1701
f 1700 1704 1708
f 1700 1699 1709
f 1700 1709 1704
f 1704 1709 1705
f 1710 1711 1712
f 1710 1712 1713
f 1710 1713 1714
f 1706 1714 1707
f 1706 1710 1714
f 1706 1705 1715
f 1706 1715 1710
f 1710 1715 1711
f 1716 1717 1718
f 1716 1718 1719
f 1716 1719 1720
f 1712 1720 1713
f 1712 1716 1720
f 1712 1711 1721
f 1712 1721 1716
f 1716 1721 1717
f 1718 1722 1719
f 1718 1717 1722
f 1723 1724 1725
f 1723 1725 1726
f 1723 1726 1727
f 1723 1727 1728
f 1723 1728 1729
f 1723 1729 1724
f 1637 1636 1731
f 1637 1731 1730
f 1730 1731 1732
f 1730 1732 1733
f 1725 1733 1726
f 1725 1730 1733
f 1725 1724 1734
f 1725 1734 1730
f 1637 1734 1638
f 1637 1730 1734
f 1644 1643 1736
f 1644 1736 1735
f 1735 1736 1737
f 1735 1737 1738
f 1731 1738 1732
f 1731 1735 1738
f 1731 1636 1735
f 1636 1644 1735
f 1650 1649 1740
f 1650 1740 1739
f 1739 1740 1741
f 1739 1741 1742
f 1736 1742 1737
f 1736 1739 1742
f 1736 1643 1739
f 1643 1650 1739
f 1656 1655 1744
f 1656 1744 1743
f 1743 1744 1745
f 1743 1745 1746
f 1740 1746 1741
f 1740 1743 1746
f 1740 1649 1743
f 1649 1656 1743
f 1661 1660 1748
f 1661 1748 1747
f 1747 1748 1749
f 1747 1749 1750
f 1744 1750 1745
f 1744 1747 1750
f 1744 1655 1747
f 1655 1661 1747
f 1666 1665 1752
f 1666 1752 1751
f 1751 1752 1753
f 1751 1753 1754
f 1748 1754 1749
f 1748 1751 1754
f 1748 1660 1751
f 1660 1666 1751
f 1670 1669 1756
f 1670 1756 1755
f 1755 1756 1757
f 1755 1757 1758
f 1752 1758 1753
f 1752 1755 1758
f 1752 1665 1755
f 1665 1670 1755
f 1674 1673 1760
f 1674 1760 1759
f 1759 1760 1761
f 1759 1761 1762
f 1756 1762 1757
f 1756 1759 1762
f 1756 1669 1759
f 1669 1674 1759
f 1678 1677 1764
f 1678 1764 1763
f 1763 1764 1765
f 1763 1765 1766
f 1760 1766 1761
f 1760 1763 1766
f 1760 1673 1763
f 1673 1678 1763
f 1682 1681 1768
f 1682 1768 1767
f 1037 1768 1032
f 1037 1767 1768
f 1037 1036 1769
f 1037 1769 1767
f 1764 1769 1765
f 1764 1767 1769
f 1764 1677 1767
f 1677 1682 1767
f 1686 1685 1771
f 1686 1771 1770
f 1043 1771 1039
f 1043 1770 1771
f 1043 1032 1770
f 1032 1768 1770
f 1768 1681 1770
f 1681 1686 1770
f 1691 1690 1773
f 1691 1773 1772
f 1049 1773 1045
f 1049 1772 1773
f 1049 1039 1772
f 1039 1771 1772
f 1771 1685 1772
f 1685 1691 1772
f 1696 1695 1775
f 1696 1775 1774
f 1055 1775 1051
f 1055 1774 1775
f 1055 1045 1774
f 1045 1773 1774
f 1773 1690 1774
f 1690 1696 1774
f 1702 1701 1777
f 1702 1777 1776
f 1061 1777 1057
f 1061 1776 1777
f 1061 1051 1776
f 1051 1775 1776
f 1775 1695 1776
f 1695 1702 1776
f 1708 1707 1779
f 1708 1779 1778
f 1067 1779 1063
f 1067 1778 1779
f 1067 1057 1778
f 1057 1777 1778
f 1777 1701 1778
f 1701 1708 1778
f 1714 1713 1781
f 1714 1781 1780
f 1073 1781 1069
f 1073 1780 1781
f 1073 1063 1780
f 1063 1779 1780
f 1779 1707 1780
f 1707 1714 1780
f 1720 1719 1783
f 1720 1783 1782
f 1079 1783 1075
f 1079 1782 1783
f 1079 1069 1782
f 1069 1781 1782
f 1781 1713 1782
f 1713 1720 1782
f 1784 1785 1786
f 1085 1786 1081
f 1085 1784 1786
f 1085 1075 1784
f 1075 1783 1784
f 1783 1719 1784
f 1719 1722 1785
f 1719 1785 1784
f 1787 1788 1789
f 1091 1789 1087
f 1091 1787 1789
f 1091 1081 1787
f 1081 1786 1787
f 1786 1785 1790
f 1786 1790 1787
f 1787 1790 1788
f 1791 1792 1793
f 1791 1793 1794
f 1087 1794 1092
f 1087 1791 1794
f 1087 1789 1791
f 1789 1788 1795
f 1789 1795 1791
f 1791 1795 1792
f 1793 1796 1794
f 1793 1792 1796
f 1797 1798 1799
f 1797 1799 1800
f 1797 1800 1801
f 1797 1801 1802
f 1797 1802 1803
f 1797 1803 1798
f 1804 1805 1806
f 1099 1806 1094
f 1099 1804 1806
f 1099 1098 1807
f 1099 1807 1804
f 1799 1807 1800
f 1799 1804 1807
f 1799 1798 1808
f 1799 1808 1804
f 1804 1808 1805
f 1809 1810 1811
f 1105 1811 1101
f 1105 1809 1811
f 1105 1094 1809
f 1094 1806 1809
f 1806 1805 1812
f 1806 1812 1809
f 1809 1812 1810
f 1813 1814 1815
f 1111 1815 1107
f 1111 1813 1815
f 1111 1101 1813
f 1101 1811 1813
f 1811 1810 1816
f 1811 1816 1813
f 1813 1816 1814
f 1817 1818 1819
f 1117 1819 1113
f 1117 1817 1819
f 1117 1107 1817
f 1107 1815 1817
f 1815 1814 1820
f 1815 1820 1817
f 1817 1820 1818
f 1821 1822 1823
f 1123 1823 1119
f 1123 1821 1823
f 1123 1113 1821
f 1113 1819 1821
f 1819 1818 1824
f 1819 1824 1821
f 1821 1824 1822
f 1825 1826 1827
f 1129 1827 1125
f 1129 1825 1827
f 1129 1119 1825
f 1119 1823 1825
f 1823 1822 1828
f 1823 1828 1825
f 1825 1828 1826
f 1829 1830 1831
f 1135 1831 1131
f 1135 1829 1831
f 1135 1125 1829
f 1125 1827 1829
f 1827 1826 1832
f 1827 1832 1829
f 1829 1832 1830
f 1141 1833 1137
f 1141 1834 1833
f 1141 1131 1834
f 1131 1835 1834
f 1131 1831 1835
f 1831 1830 1835
f 1137 1836 1142
f 1137 1833 1836
f 1727 1726 1837
f 1727 1837 1728
f 1733 1732 1838
f 1726 1839 1837
f 1726 1838 1839
f 1726 1733 1838
f 1738 1737 1841
f 1738 1841 1840
f 1840 1841 1842
f 1840 1842 1843
f 1840 1843 1844
f 1732 1844 1838
f 1732 1840 1844
f 1732 1738 1840
f 1742 1741 1846
f 1742 1846 1845
f 1845 1846 1847
f 1845 1847 1848
f 1841 1848 1842
f 1841 1845 1848
f 1841 1737 1845
f 1737 1742 1845
f 1746 1745 1850
f 1746 1850 1849
f 1849 1850 1851
f 1849 1851 1852
f 1846 1852 1847
f 1846 1849 1852
f 1846 1741 1849
f 1741 1746 1849
f 1750 1749 1854
f 1750 1854 1853
f 1853 1854 1855
f 1853 1855 1856
f 1850 1856 1851
f 1850 1853 1856
f 1850 1745 1853
f 1745 1750 1853
f 1754 1753 1858
f 1754 1858 1857
f 1857 1858 1859
f 1857 1859 1860
f 1854 1860 1855
f 1854 1857 1860
f 1854 1749 1857
f 1749 1754 1857
f 1758 1757 1862
f 1758 1862 1861
f 1861 1862 1863
f 1861 1863 1864
f 1858 1864 1859
f 1858 1861 1864
f 1858 1753 1861
f 1753 1758 1861
f 1762 1761 1866
f 1762 1866 1865
f 1865 1866 1867
f 1865 1867 1868
f 1862 1868 1863
f 1862 1865 1868
f 1862 1757 1865
f 1757 1762 1865
f 1766 1765 1870
f 1766 1870 1869
f 1869 1870 1871
f 1869 1871 1872
f 1866 1872 1867
f 1866 1869 1872
f 1866 1761 1869
f 1761 1766 1869
f 1769 1036 1873
f 1036 1143 1874
f 1036 1874 1873
f 1873 1874 1875
f 1870 1875 1871
f 1870 1873 1875
f 1870 1765 1873
f 1765 1769 1873
f 1143 1148 1876
f 1143 1876 1874
f 1092 1794 1877
f 1092 1877 1182
f 1878 1879 1880
f 1191 1880 1187
f 1191 1878 1880
f 1191 1182 1878
f 1182 1877 1878
f 1877 1794 1878
f 1794 1796 1879
f 1794 1879 1878
f 1881 1882 1883
f 1197 1883 1193
f 1197 1881 1883
f 1197 1187 1881
f 1187 1880 1881
f 1880 1879 1884
f 1880 1884 1881
f 1881 1884 1882
f 1801 1800 1886
f 1801 1886 1885
f 1203 1886 1199
f 1203 1885 1886
f 1203 1193 1885
f 1193 1883 1885
f 1883 1882 1887
f 1883 1887 1885
f 1801 1887 1802
f 1801 1885 1887
f 1807 1098 1888
f 1098 1207 1888
f 1207 1199 1888
f 1199 1886 1888
f 1886 1800 1888
f 1800 1807 1888
f 1834 1889 1833
f 1834 1835 1889
f 1836 1891 1142
f 1836 1890 1891
f 1142 1891 1223
f 1833 1889 1892
f 1833 1890 1836
f 1833 1892 1890
f 1893 1894 1895
f 1228 1895 1226
f 1228 1893 1895
f 1228 1223 1893
f 1223 1891 1893
f 1891 1890 1896
f 1891 1896 1893
f 1893 1896 1894
f 1233 1897 1230
f 1233 1898 1897
f 1233 1226 1898
f 1226 1899 1898
f 1226 1895 1899
f 1895 1894 1899
f 1230 1900 1234
f 1230 1897 1900
f 1843 1842 1901
f 1843 1901 1844
f 1848 1847 1902
f 1842 1903 1901
f 1842 1902 1903
f 1842 1848 1902
f 1852 1851 1904
f 1847 1905 1902
f 1847 1904 1905
f 1847 1852 1904
f 1856 1855 1906
f 1851 1907 1904
f 1851 1906 1907
f 1851 1856 1906
f 1860 1859 1908
f 1855 1909 1906
f 1855 1908 1909
f 1855 1860 1908
f 1864 1863 1910
f 1859 1911 1908
f 1859 1910 1911
f 1859 1864 1910
f 1868 1867 1912
f 1863 1913 1910
f 1863 1912 1913
f 1863 1868 1912
f 1872 1871 1914
f 1867 1915 1912
f 1867 1914 1915
f 1867 1872 1914
f 1875 1874 1917
f 1875 1917 1916
f 1916 1917 1918
f 1916 1918 1919
f 1916 1919 1920
f 1871 1920 1914
f 1871 1916 1920
f 1871 1875 1916
f 1876 1148 1921
f 1148 1235 1922
f 1148 1922 1921
f 1921 1922 1923
f 1917 1923 1918
f 1917 1921 1923
f 1917 1874 1921
f 1874 1876 1921
f 1237 1236 1924
f 1237 1925 1235
f 1237 1924 1925
f 1235 1925 1922
f 1239 1238 1926
f 1239 1927 1236
f 1239 1926 1927
f 1236 1927 1924
f 1238 1244 1928
f 1238 1928 1926
f 1898 1929 1897
f 1898 1899 1929
f 1900 1931 1234
f 1900 1930 1931
f 1234 1931 1279
f 1897 1929 1932
f 1897 1930 1900
f 1897 1932 1930
f 1933 1934 1935
f 1284 1935 1282
f 1284 1933 1935
f 1284 1279 1933
f 1279 1931 1933
f 1931 1930 1936
f 1931 1936 1933
f 1933 1936 1934
f 1937 1938 1939
f 1288 1939 1286
f 1288 1937 1939
f 1288 1282 1937
f 1282 1935 1937
f 1935 1934 1940
f 1935 1940 1937
f 1937 1940 1938
f 1292 1941 1290
f 1292 1942 1941
f 1292 1286 1942
f 1286 1943 1942
f 1286 1939 1943
f 1939 1938 1943
f 1297 1944 1294
f 1297 1945 1944
f 1297 1290 1945
f 1290 1941 1945
f 1294 1946 1298
f 1294 1944 1946
f 1305 1947 1300
f 1305 1304 1947
f 1300 1948 1306
f 1300 1947 1948
f 1919 1918 1949
f 1919 1949 1920
f 1923 1922 1950
f 1918 1951 1949
f 1918 1950 1951
f 1918 1923 1950
f 1925 1924 1952
f 1922 1953 1950
f 1922 1952 1953
f 1922 1925 1952
f 1927 1926 1954
f 1924 1955 1952
f 1924 1954 1955
f 1924 1927 1954
f 1928 1244 1956
f 1244 1307 1957
f 1244 1957 1956
f 1956 1957 1958
f 1956 1958 1959
f 1926 1959 1954
f 1926 1956 1959
f 1926 1928 1956
f 1309 1308 1960
f 1309 1961 1307
f 1309 1960 1961
f 1307 1961 1957
f 1308 1314 1962
f 1308 1962 1960
f 1942 1963 1941
f 1942 1943 1963
f 1945 1964 1944
f 1941 1963 1965
f 1941 1964 1945
f 1941 1965 1964
f 1946 1967 1298
f 1946 1966 1967
f 1298 1967 1335
f 1944 1964 1968
f 1944 1966 1946
f 1944 1968 1966
f 1969 1970 1971
f 1340 1971 1338
f 1340 1969 1971
f 1340 1335 1969
f 1335 1967 1969
f 1967 1966 1972
f 1967 1972 1969
f 1969 1972 1970
f 1344 1973 1342
f 1344 1974 1973
f 1344 1338 1974
f 1338 1975 1974
f 1338 1971 1975
f 1971 1970 1975
f 1348 1976 1346
f 1348 1977 1976
f 1348 1342 1977
f 1342 1973 1977
f 1978 1979 1980
f 1352 1980 1350
f 1352 1978 1980
f 1352 1346 1978
f 1346 1976 1981
f 1346 1981 1978
f 1978 1981 1982
f 1978 1982 1979
f 1983 1984 1985
f 1356 1985 1354
f 1356 1983 1985
f 1356 1350 1983
f 1350 1980 1983
f 1980 1979 1986
f 1980 1986 1983
f 1983 1986 1984
f 1987 1988 1989
f 1360 1989 1358
f 1360 1987 1989
f 1360 1354 1987
f 1354 1985 1987
f 1985 1984 1990
f 1985 1990 1987
f 1987 1990 1988
f 1991 1992 1993
f 1364 1993 1362
f 1364 1991 1993
f 1364 1358 1991
f 1358 1989 1991
f 1989 1988 1994
f 1989 1994 1991
f 1991 1994 1992
f 1995 1996 1997
f 1368 1997 1366
f 1368 1995 1997
f 1368 1362 1995
f 1362 1993 1995
f 1993 1992 1998
f 1993 1998 1995
f 1995 1998 1996
f 1999 2000 2001
f 1372 2001 1370
f 1372 1999 2001
f 1372 1366 1999
f 1366 1997 1999
f 1997 1996 2002
f 1997 2002 1999
f 1999 2002 2000
f 2003 2004 2005
f 1376 2005 1374
f 1376 2003 2005
f 1376 1370 2003
f 1370 2001 2003
f 2001 2000 2006
f 2001 2006 2003
f 2003 2006 2004
f 2007 2008 2009
f 1380 2009 1378
f 1380 2007 2009
f 1380 1374 2007
f 1374 2005 2007
f 2005 2004 2010
f 2005 2010 2007
f 2007 2010 2008
f 2011 2012 2013
f 1384 2013 1382
f 1384 2011 2013
f 1384 1378 2011
f 1378 2009 2011
f 2009 2008 2014
f 2009 2014 2011
f 2011 2014 2012
f 2015 2016 2017
f 1388 2017 1386
f 1388 2015 2017
f 1388 1382 2015
f 1382 2013 2015
f 2013 2012 2018
f 2013 2018 2015
f 2015 2018 2016
f 1304 2020 1947
f 1304 2019 2020
f 1304 1391 2019
f 1391 1386 2019
f 1386 2017 2019
f 2017 2016 2021
f 2017 2021 2019
f 2019 2021 2020
f 1947 2020 2024
f 1958 1957 2031
f 1958 2031 1959
f 1961 1960 2032
f 1957 2033 2031
f 1957 2032 2033
f 1957 1961 2032
f 1962 2035 2034
f 1962 1314 2035
f 1314 1401 2035
f 1960 2036 2032
f 1960 2034 2036
f 1960 1962 2034
f 2037 2039 2038
f 1403 2039 2037
f 1403 1402 2039
f 1403 2037 1401
f 1401 2037 2035
f 2035 2037 2040
f 2035 2040 2034
f 2037 2038 2040
f 1405 1404 2041
f 1405 2042 1402
f 1405 2041 2042
f 1402 2043 2039
f 1402 2042 2043
f 2039 2043 2038
f 1407 1406 2044
f 1407 2045 1404
f 1407 2044 2045
f 1404 2045 2041
f 1406 1412 2046
f 1406 2046 2044
f 1974 2047 1973
f 1974 1975 2047
f 1977 2048 1976
f 1973 2047 2049
f 1973 2048 1977
f 1973 2049 2048
f 1976 2048 2050
f 1976 2050 1981
f 2042 2041 2055
f 2042 2055 2043
f 2045 2044 2056
f 2041 2057 2055
f 2041 2056 2057
f 2041 2045 2056
f 2046 2059 2058
f 2046 1412 2059
f 1412 1433 2059
f 2044 2060 2056
f 2044 2058 2060
f 2044 2046 2058
f 2061 2063 2062
f 1435 2063 2061
f 1435 1434 2063
f 1435 2061 1433
f 1433 2061 2059
f 2059 2061 2064
f 2059 2064 2058
f 2061 2062 2064
f 2065 2067 2066
f 1437 2067 2065
f 1437 1436 2067
f 1437 2065 1434
f 1434 2065 2063
f 2063 2065 2068
f 2063 2068 2062
f 2065 2066 2068
f 2069 2071 2070
f 1439 2071 2069
f 1439 1438 2071
f 1439 2069 1436
f 1436 2069 2067
f 2067 2069 2072
f 2067 2072 2066
f 2069 2070 2072
f 2073 2075 2074
f 1441 2075 2073
f 1441 1440 2075
f 1441 2073 1438
f 1438 2073 2071
f 2071 2073 2076
f 2071 2076 2070
f 2073 2074 2076
f 2077 2079 2078
f 1443 2079 2077
f 1443 1442 2079
f 1443 2077 1440
f 1440 2077 2075
f 2075 2077 2080
f 2075 2080 2074
f 2077 2078 2080
f 2081 2083 2082
f 1445 2083 2081
f 1445 1444 2083
f 1445 2081 1442
f 1442 2081 2079
f 2079 2081 2084
f 2079 2084 2078
f 2081 2082 2084
f 2085 2087 2086
f 1447 2087 2085
f 1447 1446 2087
f 1447 2085 1444
f 1444 2085 2083
f 2083 2085 2088
f 2083 2088 2082
f 2085 2086 2088
f 2089 2091 2090
f 1450 2091 2089
f 1450 1448 2091
f 1450 2089 1446
f 1446 2089 2087
f 2087 2089 2092
f 2087 2092 2086
f 2089 2090 2092
f 2093 2095 2094
f 1454 2095 2093
f 1454 1452 2095
f 1454 2093 1448
f 1448 2093 2091
f 2091 2093 2096
f 2091 2096 2090
f 2093 2094 2096
f 2097 2099 2098
f 2097 2100 2099
f 1452 2100 2097
f 1452 1457 2100
f 1452 2097 2095
f 2095 2097 2101
f 2095 2101 2094
f 2097 2098 2101
f 2099 2100 2102
f 2099 2102 2098
f 1457 2107 2100
f 1457 1465 2107
f 2108 2110 2109
f 1467 2110 2108
f 1467 1466 2110
f 1467 2108 1465
f 1465 2108 2107
f 2107 2108 2100
f 2100 2108 2109
f 2100 2109 2102
f 2111 2113 2112
f 1470 2113 2111
f 1470 1468 2113
f 1470 2111 1466
f 1466 2111 2110
f 2110 2111 2114
f 2110 2114 2109
f 2111 2112 2114
f 2115 2117 2116
f 1474 2117 2115
f 1474 1472 2117
f 1474 2115 1468
f 1468 2115 2113
f 2113 2115 2118
f 2113 2118 2112
f 2115 2116 2118
f 2119 2121 2120
f 2119 2122 2121
f 1472 2122 2119
f 1472 1477 2122
f 1472 2119 2117
f 2117 2119 2123
f 2117 2123 2116
f 2119 2120 2123
f 2124 2126 2125
f 2124 2127 2126
f 2124 2128 2127
f 2121 2128 2124
f 2121 2122 2128
f 2121 2124 2129
f 2121 2129 2120
f 2124 2125 2129
f 2126 2127 2130
f 2126 2130 2125
f 1477 2135 2122
f 1477 1483 2135
f 2128 2136 2137
f 2128 2137 2127
f 1486 2137 2136
f 1486 1484 2137
f 1486 2136 1483
f 1483 2136 2135
f 2135 2136 2122
f 2122 2136 2128
f 2138 2140 2139
f 1490 2140 2138
f 1490 1488 2140
f 1490 2138 1484
f 1484 2138 2137
f 2137 2138 2127
f 2127 2138 2139
f 2127 2139 2130
f 2141 2143 2142
f 2141 2144 2143
f 1488 2144 2141
f 1488 1493 2144
f 1488 2141 2140
f 2140 2141 2145
f 2140 2145 2139
f 2141 2142 2145
f 2146 2148 2147
f 2146 2149 2148
f 2146 2150 2149
f 2143 2150 2146
f 2143 2144 2150
f 2143 2146 2151
f 2143 2151 2142
f 2146 2147 2151
f 2148 2149 2152
f 2148 2152 2147
f 1493 2157 2144
f 1493 1499 2157
f 2150 2158 2159
f 2150 2159 2149
f 1502 2159 2158
f 1502 1500 2159
f 1502 2158 1499
f 1499 2158 2157
f 2157 2158 2144
f 2144 2158 2150
f 2160 2162 2161
f 1506 2162 2160
f 1506 1504 2162
f 1506 2160 1500
f 1500 2160 2159
f 2159 2160 2149
f 2149 2160 2161
f 2149 2161 2152
f 2163 2165 2164
f 2163 2166 2165
f 1504 2166 2163
f 1504 1509 2166
f 1504 2163 2162
f 2162 2163 2167
f 2162 2167 2161
f 2163 2164 2167
f 2165 2166 2168
f 2165 2168 2164
f 1509 2177 2166
f 1509 1517 2177
f 2178 2180 2179
f 1520 2180 2178
f 1520 1518 2180
f 1520 2178 1517
f 1517 2178 2177
f 2177 2178 2166
f 2166 2178 2179
f 2166 2179 2168
f 2181 2183 2182
f 1524 2183 2181
f 1524 1522 2183
f 1524 2181 1518
f 1518 2181 2180
f 2180 2181 2184
f 2180 2184 2179
f 2181 2182 2184
f 2185 2187 2186
f 1528 2187 2185
f 1528 1526 2187
f 1528 2185 1522
f 1522 2185 2183
f 2183 2185 2188
f 2183 2188 2182
f 2185 2186 2188
f 2189 2191 2190
f 1532 2191 2189
f 1532 1530 2191
f 1532 2189 1526
f 1526 2189 2187
f 2187 2189 2192
f 2187 2192 2186
f 2189 2190 2192
f 2193 2195 2194
f 2193 2196 2195
f 1530 2196 2193
f 1530 1535 2196
f 1530 2193 2191
f 2191 2193 2197
f 2191 2197 2190
f 2193 2194 2197
f 2198 2200 2199
f 2198 2201 2200
f 2198 2202 2201
f 2195 2202 2198
f 2195 2196 2202
f 2195 2198 2203
f 2195 2203 2194
f 2198 2199 2203
f 2200 2201 2204
f 2200 2204 2199
f 1535 2209 2196
f 1535 1541 2209
f 2202 2210 2211
f 2202 2211 2201
f 1544 2211 2210
f 1544 1542 2211
f 1544 2210 1541
f 1541 2210 2209
f 2209 2210 2196
f 2196 2210 2202
f 2212 2214 2213
f 1548 2214 2212
f 1548 1546 2214
f 1548 2212 1542
f 1542 2212 2211
f 2211 2212 2201
f 2201 2212 2213
f 2201 2213 2204
f 2215 2217 2216
f 1552 2217 2215
f 1552 1550 2217
f 1552 2215 1546
f 1546 2215 2214
f 2214 2215 2218
f 2214 2218 2213
f 2215 2216 2218
f 2219 2221 2220
f 1556 2221 2219
f 1556 1554 2221
f 1556 2219 1550
f 1550 2219 2217
f 2217 2219 2222
f 2217 2222 2216
f 2219 2220 2222
f 2223 2225 2224
f 1560 2225 2223
f 1560 1558 2225
f 1560 2223 1554
f 1554 2223 2221
f 2221 2223 2226
f 2221 2226 2220
f 2223 2224 2226
f 2227 2229 2228
f 2227 2230 2229
f 1558 2230 2227
f 1558 1563 2230
f 1558 2227 2225
f 2225 2227 2231
f 2225 2231 2224
f 2227 2228 2231
f 2232 2234 2233
f 2232 2235 2234
f 2232 2236 2235
f 2229 2236 2232
f 2229 2230 2236
f 2229 2232 2237
f 2229 2237 2228
f 2232 2233 2237
f 2234 2235 2238
f 2234 2238 2233
f 1563 2247 2230
f 1563 1577 2247
f 2236 2248 2249
f 2236 2249 2235
f 1579 2249 2248
f 1579 1578 2249
f 1579 2248 1577
f 1577 2248 2247
f 2247 2248 2230
f 2230 2248 2236
f 2250 2252 2251
f 1581 2252 2250
f 1581 1580 2252
f 1581 2250 1578
f 1578 2250 2249
f 2249 2250 2235
f 2235 2250 2251
f 2235 2251 2238
f 2253 2255 2254
f 1584 2255 2253
f 1584 1582 2255
f 1584 2253 1580
f 1580 2253 2252
f 2252 2253 2256
f 2252 2256 2251
f 2253 2254 2256
f 2263 2264 2265
f 2263 2265 2266
f 2263 2266 2267
f 2263 2267 2268
f 2263 2268 2269
f 2263 2269 2264
f 2270 2271 2272
f 2270 2272 2273
f 2270 2273 2274
f 2265 2274 2266
f 2265 2270 2274
f 2265 2264 2275
f 2265 2275 2270
f 2270 2275 2271
f 2276 2277 2278
f 2276 2278 2279
f 2276 2279 2280
f 2272 2280 2273
f 2272 2276 2280
f 2272 2271 2281
f 2272 2281 2276
f 2276 2281 2277
f 2282 2283 2284
f 2282 2284 2285
f 2282 2285 2286
f 2278 2286 2279
f 2278 2282 2286
f 2278 2277 2287
f 2278 2287 2282
f 2282 2287 2283
f 2288 2289 2290
f 2288 2290 2291
f 2288 2291 2292
f 2284 2292 2285
f 2284 2288 2292
f 2284 2283 2293
f 2284 2293 2288
f 2288 2293 2289
f 2294 2295 2296
f 2294 2296 2297
f 2294 2297 2298
f 2290 2298 2291
f 2290 2294 2298
f 2290 2289 2299
f 2290 2299 2294
f 2294 2299 2295
f 2300 2301 2302
f 2300 2302 2303
f 2300 2303 2304
f 2296 2304 2297
f 2296 2300 2304
f 2296 2295 2305
f 2296 2305 2300
f 2300 2305 2301
f 2306 2307 2308
f 2306 2308 2309
f 2306 2309 2310
f 2302 2310 2303
f 2302 2306 2310
f 2302 2301 2311
f 2302 2311 2306
f 2306 2311 2307
f 2312 2313 2314
f 2312 2314 2315
f 2312 2315 2316
f 2308 2316 2309
f 2308 2312 2316
f 2308 2307 2317
f 2308 2317 2312
f 2312 2317 2313
f 2318 2319 2320
f 2318 2320 2321
f 2318 2321 2322
f 2314 2322 2315
f 2314 2318 2322
f 2314 2313 2323
f 2314 2323 2318
f 2318 2323 2319
f 2324 2325 2326
f 2324 2326 2327
f 2324 2327 2328
f 2320 2328 2321
f 2320 2324 2328
f 2320 2319 2329
f 2320 2329 2324
f 2324 2329 2325
f 2330 2331 2332
f 2330 2332 2333
f 2330 2333 2334
f 2326 2334 2327
f 2326 2330 2334
f 2326 2325 2335
f 2326 2335 2330
f 2330 2335 2331
f 2336 2337 2338
f 2336 2338 2339
f 2336 2339 2340
f 2332 2340 2333
f 2332 2336 2340
f 2332 2331 2341
f 2332 2341 2336
f 2336 2341 2337
f 2342 2343 2344
f 2342 2344 2345
f 2342 2345 2346
f 2338 2346 2339
f 2338 2342 2346
f 2338 2337 2347
f 2338 2347 2342
f 2342 2347 2343
f 2348 2349 2350
f 2348 2350 2351
f 2348 2351 2352
f 2344 2352 2345
f 2344 2348 2352
f 2344 2343 2353
f 2344 2353 2348
f 2348 2353 2349
f 2354 2355 2356
f 1595 2356 1590
f 1595 2354 2356
f 1595 1594 2357
f 1595 2357 2354
f 2350 2357 2351
f 2350 2354 2357
f 2350 2349 2358
f 2350 2358 2354
f 2354 2358 2355
f 2359 2360 2361
f 1601 2361 1597
f 1601 2359 2361
f 1601 1590 2359
f 1590 2356 2359
f 2356 2355 2362
f 2356 2362 2359
f 2359 2362 2360
f 2363 2364 2365
f 1607 2365 1603
f 1607 2363 2365
f 1607 1597 2363
f 1597 2361 2363
f 2361 2360 2366
f 2361 2366 2363
f 2363 2366 2364
f 2367 2368 2369
f 1613 2369 1609
f 1613 2367 2369
f 1613 1603 2367
f 1603 2365 2367
f 2365 2364 2370
f 2365 2370 2367
f 2367 2370 2368
f 2371 2372 2373
f 1619 2373 1615
f 1619 2371 2373
f 1619 1609 2371
f 1609 2369 2371
f 2369 2368 2374
f 2369 2374 2371
f 2371 2374 2372
f 2375 2376 2377
f 1625 2377 1621
f 1625 2375 2377
f 1625 1615 2375
f 1615 2373 2375
f 2373 2372 2378
f 2373 2378 2375
f 2375 2378 2376
f 2379 2380 2381
f 1631 2381 1627
f 1631 2379 2381
f 1631 1621 2379
f 1621 2377 2379
f 2377 2376 2382
f 2377 2382 2379
f 2379 2382 2380
f 2383 2384 2385
f 2383 2385 2386
f 1627 2386 1632
f 1627 2383 2386
f 1627 2381 2383
f 2381 2380 2387
f 2381 2387 2383
f 2383 2387 2384
f 2385 2388 2386
f 2385 2384 2388
f 2267 2266 2390
f 2267 2390 2389
f 2389 2390 2391
f 2389 2391 2392
f 2389 2392 2393
f 2389 2393 2394
f 2267 2394 2268
f 2267 2389 2394
f 2274 2273 2396
f 2274 2396 2395
f 2395 2396 2397
f 2395 2397 2398
f 2390 2398 2391
f 2390 2395 2398
f 2390 2266 2395
f 2266 2274 2395
f 2280 2279 2400
f 2280 2400 2399
f 2399 2400 2401
f 2399 2401 2402
f 2396 2402 2397
f 2396 2399 2402
f 2396 2273 2399
f 2273 2280 2399
f 2286 2285 2404
f 2286 2404 2403
f 2403 2404 2405
f 2403 2405 2406
f 2400 2406 2401
f 2400 2403 2406
f 2400 2279 2403
f 2279 2286 2403
f 2292 2291 2408
f 2292 2408 2407
f 2407 2408 2409
f 2407 2409 2410
f 2404 2410 2405
f 2404 2407 2410
f 2404 2285 2407
f 2285 2292 2407
f 2298 2297 2412
f 2298 2412 2411
f 2411 2412 2413
f 2411 2413 2414
f 2408 2414 2409
f 2408 2411 2414
f 2408 2291 2411
f 2291 2298 2411
f 2304 2303 2416
f 2304 2416 2415
f 2415 2416 2417
f 2415 2417 2418
f 2412 2418 2413
f 2412 2415 2418
f 2412 2297 2415
f 2297 2304 2415
f 2310 2309 2420
f 2310 2420 2419
f 2419 2420 2421
f 2419 2421 2422
f 2416 2422 2417
f 2416 2419 2422
f 2416 2303 2419
f 2303 2310 2419
f 2316 2315 2424
f 2316 2424 2423
f 2423 2424 2425
f 2423 2425 2426
f 2420 2426 2421
f 2420 2423 2426
f 2420 2309 2423
f 2309 2316 2423
f 2322 2321 2428
f 2322 2428 2427
f 2427 2428 2429
f 2427 2429 2430
f 2424 2430 2425
f 2424 2427 2430
f 2424 2315 2427
f 2315 2322 2427
f 2328 2327 2432
f 2328 2432 2431
f 2431 2432 2433
f 2431 2433 2434
f 2428 2434 2429
f 2428 2431 2434
f 2428 2321 2431
f 2321 2328 2431
f 2334 2333 2436
f 2334 2436 2435
f 1639 2436 1634
f 1639 2435 2436
f 1639 1638 2437
f 1639 2437 2435
f 2432 2437 2433
f 2432 2435 2437
f 2432 2327 2435
f 2327 2334 2435
f 2340 2339 2439
f 2340 2439 2438
f 1645 2439 1641
f 1645 2438 2439
f 1645 1634 2438
f 1634 2436 2438
f 2436 2333 2438
f 2333 2340 2438
f 2346 2345 2441
f 2346 2441 2440
f 1651 2441 1647
f 1651 2440 2441
f 1651 1641 2440
f 1641 2439 2440
f 2439 2339 2440
f 2339 2346 2440
f 2352 2351 2443
f 2352 2443 2442
f 1657 2443 1653
f 1657 2442 2443
f 1657 1647 2442
f 1647 2441 2442
f 2441 2345 2442
f 2345 2352 2442
f 2357 1594 2444
f 1594 1662 2444
f 1662 1653 2444
f 1653 2443 2444
f 2443 2351 2444
f 2351 2357 2444
f 1632 2386 2445
f 1632 2445 1688
f 2446 2447 2448
f 1697 2448 1693
f 1697 2446 2448
f 1697 1688 2446
f 1688 2445 2446
f 2445 2386 2446
f 2386 2388 2447
f 2386 2447 2446
f 2449 2450 2451
f 1703 2451 1699
f 1703 2449 2451
f 1703 1693 2449
f 1693 2448 2449
f 2448 2447 2452
f 2448 2452 2449
f 2449 2452 2450
f 2453 2454 2455
f 1709 2455 1705
f 1709 2453 2455
f 1709 1699 2453
f 1699 2451 2453
f 2451 2450 2456
f 2451 2456 2453
f 2453 2456 2454
f 2457 2458 2459
f 1715 2459 1711
f 1715 2457 2459
f 1715 1705 2457
f 1705 2455 2457
f 2455 2454 2460
f 2455 2460 2457
f 2457 2460 2458
f 1721 2461 1717
f 1721 2462 2461
f 1721 1711 2462
f 1711 2463 2462
f 1711 2459 2463
f 2459 2458 2463
f 1717 2464 1722
f 1717 2461 2464
f 2392 2391 2465
f 2392 2465 2393
f 2398 2397 2466
f 2391 2467 2465
f 2391 2466 2467
f 2391 2398 2466
f 2402 2401 2468
f 2397 2469 2466
f 2397 2468 2469
f 2397 2402 2468
f 2406 2405 2471
f 2406 2471 2470
f 2470 2471 2472
f 2470 2472 2473
f 2470 2473 2474
f 2401 2474 2468
f 2401 2470 2474
f 2401 2406 2470
f 2410 2409 2476
f 2410 2476 2475
f 2475 2476 2477
f 2475 2477 2478
f 2471 2478 2472
f 2471 2475 2478
f 2471 2405 2475
f 2405 2410 2475
f 2414 2413 2480
f 2414 2480 2479
f 2479 2480 2481
f 2479 2481 2482
f 2476 2482 2477
f 2476 2479 2482
f 2476 2409 2479
f 2409 2414 2479
f 2418 2417 2484
f 2418 2484 2483
f 2483 2484 2485
f 2483 2485 2486
f 2480 2486 2481
f 2480 2483 2486
f 2480 2413 2483
f 2413 2418 2483
f 2422 2421 2488
f 2422 2488 2487
f 2487 2488 2489
f 2487 2489 2490
f 2484 2490 2485
f 2484 2487 2490
f 2484 2417 2487
f 2417 2422 2487
f 2426 2425 2492
f 2426 2492 2491
f 2491 2492 2493
f 2491 2493 2494
f 2488 2494 2489
f 2488 2491 2494
f 2488 2421 2491
f 2421 2426 2491
f 2430 2429 2496
f 2430 2496 2495
f 2495 2496 2497
f 2495 2497 2498
f 2492 2498 2493
f 2492 2495 2498
f 2492 2425 2495
f 2425 2430 2495
f 2434 2433 2500
f 2434 2500 2499
f 1729 2500 1724
f 1729 2499 2500
f 1729 1728 2501
f 1729 2501 2499
f 2496 2501 2497
f 2496 2499 2501
f 2496 2429 2499
f 2429 2434 2499
f 2437 1638 2502
f 1638 1734 2502
f 1734 1724 2502
f 1724 2500 2502
f 2500 2433 2502
f 2433 2437 2502
f 2462 2503 2461
f 2462 2463 2503
f 2464 2505 1722
f 2464 2504 2505
f 1722 2505 1785
f 2461 2503 2506
f 2461 2504 2464
f 2461 2506 2504
f 2507 2508 2509
f 1790 2509 1788
f 1790 2507 2509
f 1790 1785 2507
f 1785 2505 2507
f 2505 2504 2510
f 2505 2510 2507
f 2507 2510 2508
f 1795 2511 1792
f 1795 2512 2511
f 1795 1788 2512
f 1788 2513 2512
f 1788 2509 2513
f 2509 2508 2513
f 1792 2514 1796
f 1792 2511 2514
f 1803 2515 1798
f 1803 1802 2515
f 1808 2516 1805
f 1808 2517 2516
f 1808 1798 2517
f 1798 2515 2517
f 1812 2518 1810
f 1812 2519 2518
f 1812 1805 2519
f 1805 2516 2519
f 1816 2520 1814
f 1816 2521 2520
f 1816 1810 2521
f 1810 2518 2521
f 1820 2522 1818
f 1820 2523 2522
f 1820 1814 2523
f 1814 2520 2523
f 1824 2524 1822
f 1824 2525 2524
f 1824 1818 2525
f 1818 2522 2525
f 1828 2526 1826
f 1828 2527 2526
f 1828 1822 2527
f 1822 2524 2527
f 1832 2528 1830
f 1832 2529 2528
f 1832 1826 2529
f 1826 2526 2529
f 1830 2530 1835
f 1830 2528 2530
f 2473 2472 2531
f 2473 2531 2474
f 2478 2477 2532
f 2472 2533 2531
f 2472 2532 2533
f 2472 2478 2532
f 2482 2481 2534
f 2477 2535 2532
f 2477 2534 2535
f 2477 2482 2534
f 2486 2485 2537
f 2486 2537 2536
f 2536 2537 2538
f 2536 2538 2539
f 2536 2539 2540
f 2481 2540 2534
f 2481 2536 2540
f 2481 2486 2536
f 2490 2489 2542
f 2490 2542 2541
f 2541 2542 2543
f 2541 2543 2544
f 2537 2544 2538
f 2537 2541 2544
f 2537 2485 2541
f 2485 2490 2541
f 2494 2493 2546
f 2494 2546 2545
f 2545 2546 2547
f 2545 2547 2548
f 2542 2548 2543
f 2542 2545 2548
f 2542 2489 2545
f 2489 2494 2545
f 2498 2497 2550
f 2498 2550 2549
f 2549 2550 2551
f 2549 2551 2552
f 2546 2552 2547
f 2546 2549 2552
f 2546 2493 2549
f 2493 2498 2549
f 2501 1728 2553
f 1728 1837 2554
f 1728 2554 2553
f 2553 2554 2555
f 2550 2555 2551
f 2550 2553 2555
f 2550 2497 2553
f 2497 2501 2553
f 1839 1838 2556
f 1839 2557 1837
f 1839 2556 2557
f 1837 2557 2554
f 1838 1844 2558
f 1838 2558 2556
f 2512 2559 2511
f 2512 2513 2559
f 2514 2561 1796
f 2514 2560 2561
f 1796 2561 1879
f 2511 2559 2562
f 2511 2560 2514
f 2511 2562 2560
f 2563 2564 2565
f 1884 2565 1882
f 1884 2563 2565
f 1884 1879 2563
f 1879 2561 2563
f 2561 2560 2566
f 2561 2566 2563
f 2563 2566 2564
f 1802 2568 2515
f 1802 2567 2568
f 1802 1887 2567
f 1887 1882 2567
f 1882 2565 2567
f 2565 2564 2569
f 2565 2569 2567
f 2567 2569 2568
f 2517 2570 2516
f 2515 2568 2571
f 2515 2570 2517
f 2515 2571 2570
f 2519 2572 2518
f 2516 2570 2573
f 2516 2572 2519
f 2516 2573 2572
f 2521 2574 2520
f 2518 2572 2575
f 2518 2574 2521
f 2518 2575 2574
f 2523 2576 2522
f 2520 2574 2577
f 2520 2576 2523
f 2520 2577 2576
f 2525 2578 2524
f 2522 2576 2579
f 2522 2578 2525
f 2522 2579 2578
f 2527 2580 2526
f 2524 2578 2581
f 2524 2580 2527
f 2524 2581 2580
f 2529 2582 2528
f 2526 2580 2583
f 2526 2582 2529
f 2526 2583 2582
f 2530 2584 1835
f 1835 2584 2585
f 1835 2585 1889
f 2584 2586 2585
f 2584 2587 2586
f 2528 2587 2584
f 2528 2582 2587
f 2528 2584 2530
f 1892 2588 1890
f 1892 2589 2588
f 1892 1889 2589
f 1889 2585 2589
f 1896 2590 1894
f 1896 2591 2590
f 1896 1890 2591
f 1890 2588 2591
f 1894 2592 1899
f 1894 2590 2592
f 2539 2538 2593
f 2539 2593 2540
f 2544 2543 2594
f 2538 2595 2593
f 2538 2594 2595
f 2538 2544 2594
f 2548 2547 2596
f 2543 2597 2594
f 2543 2596 2597
f 2543 2548 2596
f 2552 2551 2598
f 2547 2599 2596
f 2547 2598 2599
f 2547 2552 2598
f 2555 2554 2601
f 2555 2601 2600
f 2600 2601 2602
f 2600 2602 2603
f 2600 2603 2604
f 2551 2604 2598
f 2551 2600 2604
f 2551 2555 2600
f 2557 2556 2606
f 2557 2606 2605
f 2605 2606 2607
f 2605 2607 2608
f 2601 2608 2602
f 2601 2605 2608
f 2601 2554 2605
f 2554 2557 2605
f 2558 1844 2609
f 1844 1901 2610
f 1844 2610 2609
f 2609 2610 2611
f 2606 2611 2607
f 2606 2609 2611
f 2606 2556 2609
f 2556 2558 2609
f 2612 2614 2613
f 1903 2614 2612
f 1903 1902 2614
f 1903 2612 1901
f 1901 2612 2615
f 1901 2615 2610
f 2612 2616 2615
f 2612 2613 2616
f 2617 2619 2618
f 1905 2619 2617
f 1905 1904 2619
f 1905 2617 1902
f 1902 2617 2614
f 2614 2617 2620
f 2614 2620 2613
f 2617 2618 2620
f 2621 2623 2622
f 1907 2623 2621
f 1907 1906 2623
f 1907 2621 1904
f 1904 2621 2619
f 2619 2621 2624
f 2619 2624 2618
f 2621 2622 2624
f 2625 2627 2626
f 1909 2627 2625
f 1909 1908 2627
f 1909 2625 1906
f 1906 2625 2623
f 2623 2625 2628
f 2623 2628 2622
f 2625 2626 2628
f 2629 2631 2630
f 1911 2631 2629
f 1911 1910 2631
f 1911 2629 1908
f 1908 2629 2627
f 2627 2629 2632
f 2627 2632 2626
f 2629 2630 2632
f 2633 2635 2634
f 1913 2635 2633
f 1913 1912 2635
f 1913 2633 1910
f 1910 2633 2631
f 2631 2633 2636
f 2631 2636 2630
f 2633 2634 2636
f 2637 2639 2638
f 1915 2639 2637
f 1915 1914 2639
f 1915 2637 1912
f 1912 2637 2635
f 2635 2637 2640
f 2635 2640 2634
f 2637 2638 2640
f 1914 1920 2641
f 1914 2642 2639
f 1914 2641 2642
f 2639 2642 2638
f 2586 2643 2585
f 2586 2587 2643
f 2589 2644 2588
f 2585 2643 2645
f 2585 2644 2589
f 2585 2645 2644
f 2591 2646 2647
f 2591 2647 2590
f 2646 2648 2647
f 2646 2649 2648
f 2646 2650 2649
f 2588 2650 2646
f 2588 2644 2650
f 2588 2646 2591
f 2592 2651 1899
f 1899 2651 2652
f 1899 2652 1929
f 2651 2653 2652
f 2647 2653 2651
f 2647 2648 2653
f 2647 2651 2590
f 2590 2651 2592
f 1932 2654 1930
f 1932 2655 2654
f 1932 1929 2655
f 1929 2652 2655
f 1936 2656 1934
f 1936 2657 2656
f 1936 1930 2657
f 1930 2654 2657
f 1940 2658 1938
f 1940 2659 2658
f 1940 1934 2659
f 1934 2656 2659
f 1938 2660 1943
f 1938 2658 2660
f 2603 2602 2661
f 2603 2661 2604
f 2608 2607 2662
f 2602 2663 2661
f 2602 2662 2663
f 2602 2608 2662
f 2611 2610 2664
f 2607 2665 2662
f 2607 2664 2665
f 2607 2611 2664
f 2610 2666 2664
f 2610 2615 2666
f 2641 2668 2667
f 2641 1920 2668
f 1920 1949 2668
f 2641 2667 2642
f 2669 2671 2670
f 1951 2671 2669
f 1951 1950 2671
f 1951 2669 1949
f 1949 2669 2668
f 2668 2669 2672
f 2668 2672 2667
f 2669 2670 2672
f 2673 2675 2674
f 1953 2675 2673
f 1953 1952 2675
f 1953 2673 1950
f 1950 2673 2671
f 2671 2673 2676
f 2671 2676 2670
f 2673 2674 2676
f 2677 2679 2678
f 1955 2679 2677
f 1955 1954 2679
f 1955 2677 1952
f 1952 2677 2675
f 2675 2677 2680
f 2675 2680 2674
f 2677 2678 2680
f 1954 1959 2681
f 1954 2682 2679
f 1954 2681 2682
f 2679 2682 2678
f 2649 2683 2648
f 2649 2650 2683
f 2653 2684 2652
f 2648 2683 2685
f 2648 2684 2653
f 2648 2685 2684
f 2655 2686 2687
f 2655 2687 2654
f 2686 2688 2687
f 2686 2689 2688
f 2686 2690 2689
f 2652 2690 2686
f 2652 2684 2690
f 2652 2686 2655
f 2657 2691 2692
f 2657 2692 2656
f 2691 2693 2692
f 2691 2694 2693
f 2687 2694 2691
f 2687 2688 2694
f 2687 2691 2654
f 2654 2691 2657
f 2659 2695 2696
f 2659 2696 2658
f 2695 2697 2696
f 2695 2698 2697
f 2692 2698 2695
f 2692 2693 2698
f 2692 2695 2656
f 2656 2695 2659
f 2660 2699 1943
f 1943 2699 2700
f 1943 2700 1963
f 2699 2701 2700
f 2696 2701 2699
f 2696 2697 2701
f 2696 2699 2658
f 2658 2699 2660
f 1965 2702 1964
f 1965 2703 2702
f 1965 1963 2703
f 1963 2700 2703
f 1968 2704 1966
f 1968 2705 2704
f 1968 1964 2705
f 1964 2702 2705
f 1972 2706 1970
f 1972 2707 2706
f 1972 1966 2707
f 1966 2704 2707
f 1970 2708 1975
f 1970 2706 2708
f 1982 2709 1979
f 1982 1981 2709
f 1986 2710 1984
f 1986 2711 2710
f 1986 1979 2711
f 1979 2709 2711
f 1990 2712 1988
f 1990 2713 2712
f 1990 1984 2713
f 1984 2710 2713
f 1994 2714 1992
f 1994 2715 2714
f 1994 1988 2715
f 1988 2712 2715
f 1998 2716 1996
f 1998 2717 2716
f 1998 1992 2717
f 1992 2714 2717
f 2002 2718 2000
f 2002 2719 2718
f 2002 1996 2719
f 1996 2716 2719
f 2006 2720 2004
f 2006 2721 2720
f 2006 2000 2721
f 2000 2718 2721
f 2010 2722 2008
f 2010 2723 2722
f 2010 2004 2723
f 2004 2720 2723
f 2724 2725 2726
f 2014 2726 2012
f 2014 2724 2726
f 2014 2008 2724
f 2008 2722 2727
f 2008 2727 2724
f 2724 2727 2728
f 2724 2728 2725
f 2729 2730 2731
f 2018 2731 2016
f 2018 2729 2731
f 2018 2012 2729
f 2012 2726 2729
f 2726 2725 2732
f 2726 2732 2729
f 2729 2732 2730
f 2733 2734 2735
f 2021 2735 2020
f 2021 2733 2735
f 2021 2016 2733
f 2016 2731 2733
f 2731 2730 2736
f 2731 2736 2733
f 2733 2736 2734
f 2024 2020 2737
f 2020 2735 2737
f 2735 2734 2740
f 2681 2746 2745
f 2681 1959 2746
f 1959 2031 2746
f 2681 2745 2682
f 2747 2749 2748
f 2033 2749 2747
f 2033 2032 2749
f 2033 2747 2031
f 2031 2747 2746
f 2746 2747 2750
f 2746 2750 2745
f 2747 2748 2750
f 2751 2753 2752
f 2036 2753 2751
f 2036 2034 2753
f 2036 2751 2032
f 2032 2751 2749
f 2749 2751 2754
f 2749 2754 2748
f 2751 2752 2754
f 2755 2757 2756
f 2040 2757 2755
f 2040 2038 2757
f 2040 2755 2034
f 2034 2755 2753
f 2753 2755 2758
f 2753 2758 2752
f 2755 2756 2758
f 2759 2761 2760
f 2759 2762 2761
f 2038 2762 2759
f 2038 2043 2762
f 2038 2759 2757
f 2757 2759 2763
f 2757 2763 2756
f 2759 2760 2763
f 2764 2766 2765
f 2764 2767 2766
f 2764 2768 2767
f 2761 2768 2764
f 2761 2762 2768
f 2761 2764 2769
f 2761 2769 2760
f 2764 2765 2769
f 2770 2772 2771
f 2770 2773 2772
f 2770 2774 2773
f 2766 2774 2770
f 2766 2767 2774
f 2766 2770 2775
f 2766 2775 2765
f 2770 2771 2775
f 2772 2773 2776
f 2772 2776 2771
f 2777 2779 2778
f 2777 2780 2779
f 2777 2781 2780
f 2777 2782 2781
f 2777 2783 2782
f 2777 2778 2783
f 2784 2786 2785
f 2784 2787 2786
f 2784 2788 2787
f 2779 2788 2784
f 2779 2780 2788
f 2779 2784 2789
f 2779 2789 2778
f 2784 2785 2789
f 2790 2792 2791
f 2790 2793 2792
f 2790 2794 2793
f 2786 2794 2790
f 2786 2787 2794
f 2786 2790 2795
f 2786 2795 2785
f 2790 2791 2795
f 2796 2798 2797
f 2796 2799 2798
f 2796 2800 2799
f 2792 2800 2796
f 2792 2793 2800
f 2792 2796 2801
f 2792 2801 2791
f 2796 2797 2801
f 2802 2804 2803
f 2802 2805 2804
f 2802 2806 2805
f 2798 2806 2802
f 2798 2799 2806
f 2798 2802 2807
f 2798 2807 2797
f 2802 2803 2807
f 2808 2810 2809
f 2808 2811 2810
f 2808 2812 2811
f 2804 2812 2808
f 2804 2805 2812
f 2804 2808 2813
f 2804 2813 2803
f 2808 2809 2813
f 2814 2816 2815
f 2814 2817 2816
f 2814 2818 2817
f 2810 2818 2814
f 2810 2811 2818
f 2810 2814 2819
f 2810 2819 2809
f 2814 2815 2819
f 2816 2817 2820
f 2816 2820 2815
f 2821 2823 2822
f 2821 2824 2823
f 2821 2825 2824
f 2821 2826 2825
f 2821 2827 2826
f 2821 2822 2827
f 2689 2828 2829
f 2689 2829 2688
f 2828 2830 2829
f 2828 2831 2830
f 2823 2831 2828
f 2823 2824 2831
f 2823 2828 2832
f 2823 2832 2822
f 2689 2832 2828
f 2689 2690 2832
f 2694 2833 2834
f 2694 2834 2693
f 2833 2835 2834
f 2833 2836 2835
f 2829 2836 2833
f 2829 2830 2836
f 2829 2833 2688
f 2688 2833 2694
f 2698 2837 2838
f 2698 2838 2697
f 2837 2839 2838
f 2837 2840 2839
f 2834 2840 2837
f 2834 2835 2840
f 2834 2837 2693
f 2693 2837 2698
f 2701 2841 2842
f 2701 2842 2700
f 2841 2843 2842
f 2841 2844 2843
f 2838 2844 2841
f 2838 2839 2844
f 2838 2841 2697
f 2697 2841 2701
f 2703 2845 2846
f 2703 2846 2702
f 2845 2847 2846
f 2845 2848 2847
f 2842 2848 2845
f 2842 2843 2848
f 2842 2845 2700
f 2700 2845 2703
f 2705 2849 2850
f 2705 2850 2704
f 2849 2851 2850
f 2849 2852 2851
f 2846 2852 2849
f 2846 2847 2852
f 2846 2849 2702
f 2702 2849 2705
f 2707 2853 2854
f 2707 2854 2706
f 2853 2855 2854
f 2853 2856 2855
f 2850 2856 2853
f 2850 2851 2856
f 2850 2853 2704
f 2704 2853 2707
f 2708 2857 1975
f 1975 2857 2858
f 1975 2858 2047
f 2857 2859 2858
f 2854 2859 2857
f 2854 2855 2859
f 2854 2857 2706
f 2706 2857 2708
f 2049 2860 2048
f 2049 2861 2860
f 2049 2047 2861
f 2047 2858 2861
f 1981 2862 2709
f 1981 2863 2862
f 1981 2050 2863
f 2050 2864 2863
f 2050 2048 2864
f 2048 2860 2864
f 2711 2865 2866
f 2711 2866 2710
f 2865 2867 2866
f 2865 2868 2867
f 2862 2868 2865
f 2862 2863 2868
f 2862 2865 2709
f 2709 2865 2711
f 2713 2869 2712
f 2866 2867 2870
f 2866 2871 2710
f 2866 2870 2871
f 2710 2869 2713
f 2710 2871 2869
f 2715 2872 2714
f 2712 2869 2873
f 2712 2872 2715
f 2712 2873 2872
f 2717 2874 2716
f 2714 2872 2875
f 2714 2874 2717
f 2714 2875 2874
f 2719 2876 2718
f 2716 2874 2877
f 2716 2876 2719
f 2716 2877 2876
f 2721 2878 2720
f 2718 2876 2879
f 2718 2878 2721
f 2718 2879 2878
f 2723 2880 2722
f 2720 2878 2881
f 2720 2880 2723
f 2720 2881 2880
f 2722 2880 2882
f 2722 2882 2727
f 2043 2887 2762
f 2043 2055 2887
f 2768 2888 2889
f 2768 2889 2767
f 2057 2889 2888
f 2057 2056 2889
f 2057 2888 2055
f 2055 2888 2887
f 2887 2888 2762
f 2762 2888 2768
f 2774 2890 2891
f 2774 2891 2773
f 2060 2891 2890
f 2060 2058 2891
f 2060 2890 2056
f 2056 2890 2889
f 2889 2890 2767
f 2767 2890 2774
f 2892 2894 2893
f 2064 2894 2892
f 2064 2062 2894
f 2064 2892 2058
f 2058 2892 2891
f 2891 2892 2773
f 2773 2892 2893
f 2773 2893 2776
f 2895 2897 2896
f 2068 2897 2895
f 2068 2066 2897
f 2068 2895 2062
f 2062 2895 2894
f 2894 2895 2898
f 2894 2898 2893
f 2895 2896 2898
f 2781 2899 2900
f 2781 2900 2780
f 2072 2900 2899
f 2072 2070 2900
f 2072 2899 2066
f 2066 2899 2897
f 2897 2899 2901
f 2897 2901 2896
f 2781 2901 2899
f 2781 2782 2901
f 2788 2902 2903
f 2788 2903 2787
f 2076 2903 2902
f 2076 2074 2903
f 2076 2902 2070
f 2070 2902 2900
f 2900 2902 2780
f 2780 2902 2788
f 2794 2904 2905
f 2794 2905 2793
f 2080 2905 2904
f 2080 2078 2905
f 2080 2904 2074
f 2074 2904 2903
f 2903 2904 2787
f 2787 2904 2794
f 2800 2906 2907
f 2800 2907 2799
f 2084 2907 2906
f 2084 2082 2907
f 2084 2906 2078
f 2078 2906 2905
f 2905 2906 2793
f 2793 2906 2800
f 2806 2908 2909
f 2806 2909 2805
f 2088 2909 2908
f 2088 2086 2909
f 2088 2908 2082
f 2082 2908 2907
f 2907 2908 2799
f 2799 2908 2806
f 2812 2910 2911
f 2812 2911 2811
f 2092 2911 2910
f 2092 2090 2911
f 2092 2910 2086
f 2086 2910 2909
f 2909 2910 2805
f 2805 2910 2812
f 2818 2912 2913
f 2818 2913 2817
f 2096 2913 2912
f 2096 2094 2913
f 2096 2912 2090
f 2090 2912 2911
f 2911 2912 2811
f 2811 2912 2818
f 2914 2916 2915
f 2101 2916 2914
f 2101 2098 2916
f 2101 2914 2094
f 2094 2914 2913
f 2913 2914 2817
f 2817 2914 2915
f 2817 2915 2820
f 2917 2919 2918
f 2917 2920 2919
f 2098 2920 2917
f 2098 2102 2920
f 2098 2917 2916
f 2916 2917 2921
f 2916 2921 2915
f 2917 2918 2921
f 2922 2924 2923
f 2922 2925 2924
f 2922 2926 2925
f 2919 2926 2922
f 2919 2920 2926
f 2919 2922 2927
f 2919 2927 2918
f 2922 2923 2927
f 2928 2930 2929
f 2928 2931 2930
f 2928 2932 2931
f 2924 2932 2928
f 2924 2925 2932
f 2924 2928 2933
f 2924 2933 2923
f 2928 2929 2933
f 2825 2934 2935
f 2825 2935 2824
f 2934 2936 2935
f 2934 2937 2936
f 2930 2937 2934
f 2930 2931 2937
f 2930 2934 2938
f 2930 2938 2929
f 2825 2938 2934
f 2825 2826 2938
f 2831 2939 2940
f 2831 2940 2830
f 2939 2941 2940
f 2939 2942 2941
f 2935 2942 2939
f 2935 2936 2942
f 2935 2939 2824
f 2824 2939 2831
f 2836 2943 2944
f 2836 2944 2835
f 2943 2945 2944
f 2943 2946 2945
f 2940 2946 2943
f 2940 2941 2946
f 2940 2943 2830
f 2830 2943 2836
f 2840 2947 2948
f 2840 2948 2839
f 2947 2949 2948
f 2947 2950 2949
f 2944 2950 2947
f 2944 2945 2950
f 2944 2947 2835
f 2835 2947 2840
f 2844 2951 2952
f 2844 2952 2843
f 2951 2953 2952
f 2951 2954 2953
f 2948 2954 2951
f 2948 2949 2954
f 2948 2951 2839
f 2839 2951 2844
f 2848 2955 2847
f 2952 2953 2956
f 2952 2957 2843
f 2952 2956 2957
f 2843 2955 2848
f 2843 2957 2955
f 2852 2958 2851
f 2847 2955 2959
f 2847 2958 2852
f 2847 2959 2958
f 2856 2960 2855
f 2851 2958 2961
f 2851 2960 2856
f 2851 2961 2960
f 2859 2962 2858
f 2855 2960 2963
f 2855 2962 2859
f 2855 2963 2962
f 2861 2964 2860
f 2858 2962 2965
f 2858 2964 2861
f 2858 2965 2964
f 2864 2966 2863
f 2860 2964 2967
f 2860 2966 2864
f 2860 2967 2966
f 2868 2968 2867
f 2863 2966 2969
f 2863 2968 2868
f 2863 2969 2968
f 2867 2968 2970
f 2867 2970 2870
f 2102 2977 2920
f 2102 2109 2977
f 2926 2978 2979
f 2926 2979 2925
f 2114 2979 2978
f 2114 2112 2979
f 2114 2978 2109
f 2109 2978 2977
f 2977 2978 2920
f 2920 2978 2926
f 2932 2980 2981
f 2932 2981 2931
f 2118 2981 2980
f 2118 2116 2981
f 2118 2980 2112
f 2112 2980 2979
f 2979 2980 2925
f 2925 2980 2932
f 2937 2982 2983
f 2937 2983 2936
f 2123 2983 2982
f 2123 2120 2983
f 2123 2982 2116
f 2116 2982 2981
f 2981 2982 2931
f 2931 2982 2937
f 2942 2984 2985
f 2942 2985 2941
f 2129 2985 2984
f 2129 2125 2985
f 2129 2984 2120
f 2120 2984 2983
f 2983 2984 2936
f 2936 2984 2942
f 2946 2986 2987
f 2946 2987 2945
f 2986 2988 2987
f 2125 2988 2986
f 2125 2130 2988
f 2125 2986 2985
f 2985 2986 2941
f 2941 2986 2946
f 2950 2989 2990
f 2950 2990 2949
f 2989 2991 2990
f 2989 2992 2991
f 2987 2992 2989
f 2987 2988 2992
f 2987 2989 2945
f 2945 2989 2950
f 2954 2993 2994
f 2954 2994 2953
f 2993 2995 2994
f 2993 2996 2995
f 2990 2996 2993
f 2990 2991 2996
f 2990 2993 2949
f 2949 2993 2954
f 2997 2999 2998
f 2997 3000 2999
f 2997 3001 3000
f 2994 3001 2997
f 2994 2995 3001
f 2994 2997 2953
f 2953 2997 2998
f 2953 2998 2956
f 3002 3004 3003
f 3002 3005 3004
f 3002 3006 3005
f 2999 3006 3002
f 2999 3000 3006
f 2999 3002 3007
f 2999 3007 2998
f 3002 3003 3007
f 3004 3005 3008
f 3004 3008 3003
f 2130 3017 2988
f 2130 2139 3017
f 2992 3018 3019
f 2992 3019 2991
f 2145 3019 3018
f 2145 2142 3019
f 2145 3018 2139
f 2139 3018 3017
f 3017 3018 2988
f 2988 3018 2992
f 2996 3020 3021
f 2996 3021 2995
f 2151 3021 3020
f 2151 2147 3021
f 2151 3020 2142
f 2142 3020 3019
f 3019 3020 2991
f 2991 3020 2996
f 3001 3022 3023
f 3001 3023 3000
f 3022 3024 3023
f 2147 3024 3022
f 2147 2152 3024
f 2147 3022 3021
f 3021 3022 2995
f 2995 3022 3001
f 3006 3025 3026
f 3006 3026 3005
f 3025 3027 3026
f 3025 3028 3027
f 3023 3028 3025
f 3023 3024 3028
f 3023 3025 3000
f 3000 3025 3006
f 3029 3031 3030
f 3029 3032 3031
f 3029 3033 3032
f 3026 3033 3029
f 3026 3027 3033
f 3026 3029 3005
f 3005 3029 3030
f 3005 3030 3008
f 3034 3036 3035
f 3034 3037 3036
f 3034 3038 3037
f 3031 3038 3034
f 3031 3032 3038
f 3031 3034 3039
f 3031 3039 3030
f 3034 3035 3039
f 3036 3037 3040
f 3036 3040 3035
f 2152 3049 3024
f 2152 2161 3049
f 3028 3050 3051
f 3028 3051 3027
f 2167 3051 3050
f 2167 2164 3051
f 2167 3050 2161
f 2161 3050 3049
f 3049 3050 3024
f 3024 3050 3028
f 3033 3052 3053
f 3033 3053 3032
f 3052 3054 3053
f 2164 3054 3052
f 2164 2168 3054
f 2164 3052 3051
f 3051 3052 3027
f 3027 3052 3033
f 3038 3055 3056
f 3038 3056 3037
f 3055 3057 3056
f 3055 3058 3057
f 3053 3058 3055
f 3053 3054 3058
f 3053 3055 3032
f 3032 3055 3038
f 3059 3061 3060
f 3059 3062 3061
f 3059 3063 3062
f 3056 3063 3059
f 3056 3057 3063
f 3056 3059 3037
f 3037 3059 3060
f 3037 3060 3040
f 3064 3066 3065
f 3064 3067 3066
f 3064 3068 3067
f 3061 3068 3064
f 3061 3062 3068
f 3061 3064 3069
f 3061 3069 3060
f 3064 3065 3069
f 3070 3072 3071
f 3070 3073 3072
f 3070 3074 3073
f 3066 3074 3070
f 3066 3067 3074
f 3066 3070 3075
f 3066 3075 3065
f 3070 3071 3075
f 3076 3078 3077
f 3076 3079 3078
f 3076 3080 3079
f 3072 3080 3076
f 3072 3073 3080
f 3072 3076 3081
f 3072 3081 3071
f 3076 3077 3081
f 3078 3079 3082
f 3078 3082 3077
f 2168 3089 3054
f 2168 2179 3089
f 3058 3090 3091
f 3058 3091 3057
f 2184 3091 3090
f 2184 2182 3091
f 2184 3090 2179
f 2179 3090 3089
f 3089 3090 3054
f 3054 3090 3058
f 3063 3092 3093
f 3063 3093 3062
f 2188 3093 3092
f 2188 2186 3093
f 2188 3092 2182
f 2182 3092 3091
f 3091 3092 3057
f 3057 3092 3063
f 3068 3094 3095
f 3068 3095 3067
f 2192 3095 3094
f 2192 2190 3095
f 2192 3094 2186
f 2186 3094 3093
f 3093 3094 3062
f 3062 3094 3068
f 3074 3096 3097
f 3074 3097 3073
f 2197 3097 3096
f 2197 2194 3097
f 2197 3096 2190
f 2190 3096 3095
f 3095 3096 3067
f 3067 3096 3074
f 3080 3098 3099
f 3080 3099 3079
f 2203 3099 3098
f 2203 2199 3099
f 2203 3098 2194
f 2194 3098 3097
f 3097 3098 3073
f 3073 3098 3080
f 3100 3102 3101
f 3100 3103 3102
f 2199 3103 3100
f 2199 2204 3103
f 2199 3100 3099
f 3099 3100 3079
f 3079 3100 3101
f 3079 3101 3082
f 3104 3106 3105
f 3104 3107 3106
f 3104 3108 3107
f 3102 3108 3104
f 3102 3103 3108
f 3102 3104 3109
f 3102 3109 3101
f 3104 3105 3109
f 3110 3112 3111
f 3110 3113 3112
f 3110 3114 3113
f 3106 3114 3110
f 3106 3107 3114
f 3106 3110 3115
f 3106 3115 3105
f 3110 3111 3115
f 3116 3118 3117
f 3116 3119 3118
f 3116 3120 3119
f 3112 3120 3116
f 3112 3113 3120
f 3112 3116 3121
f 3112 3121 3111
f 3116 3117 3121
f 3118 3119 3122
f 3118 3122 3117
f 2204 3133 3103
f 2204 2213 3133
f 3108 3134 3135
f 3108 3135 3107
f 2218 3135 3134
f 2218 2216 3135
f 2218 3134 2213
f 2213 3134 3133
f 3133 3134 3103
f 3103 3134 3108
f 3114 3136 3137
f 3114 3137 3113
f 2222 3137 3136
f 2222 2220 3137
f 2222 3136 2216
f 2216 3136 3135
f 3135 3136 3107
f 3107 3136 3114
f 3120 3138 3139
f 3120 3139 3119
f 2226 3139 3138
f 2226 2224 3139
f 2226 3138 2220
f 2220 3138 3137
f 3137 3138 3113
f 3113 3138 3120
f 3140 3142 3141
f 2231 3142 3140
f 2231 2228 3142
f 2231 3140 2224
f 2224 3140 3139
f 3139 3140 3119
f 3119 3140 3141
f 3119 3141 3122
f 3143 3145 3144
f 2237 3145 3143
f 2237 2233 3145
f 2237 3143 2228
f 2228 3143 3142
f 3142 3143 3146
f 3142 3146 3141
f 3143 3144 3146
f 3147 3149 3148
f 3147 3150 3149
f 2233 3150 3147
f 2233 2238 3150
f 2233 3147 3145
f 3145 3147 3151
f 3145 3151 3144
f 3147 3148 3151
f 3152 3154 3153
f 3152 3155 3154
f 3152 3156 3155
f 3149 3156 3152
f 3149 3150 3156
f 3149 3152 3157
f 3149 3157 3148
f 3152 3153 3157
f 2238 3169 3150
f 2238 2251 3169
f 3156 3170 3171
f 3156 3171 3155
f 2256 3171 3170
f 2256 2254 3171
f 2256 3170 2251
f 2251 3170 3169
f 3169 3170 3150
f 3150 3170 3156
f 2254 3172 3171
f 3171 3172 3155
f 3182 3183 3184
f 3182 3184 3185
f 3182 3185 3186
f 3177 3182 3186
f 3177 3187 3182
f 3182 3187 3183
f 3188 3189 3190
f 3188 3190 3191
f 3188 3191 3192
f 3184 3192 3185
f 3184 3188 3192
f 3184 3183 3193
f 3184 3193 3188
f 3188 3193 3189
f 3194 3195 3196
f 3194 3196 3197
f 3194 3197 3198
f 3190 3198 3191
f 3190 3194 3198
f 3190 3189 3199
f 3190 3199 3194
f 3194 3199 3195
f 3200 3201 3202
f 3200 3202 3203
f 3200 3203 3204
f 3196 3204 3197
f 3196 3200 3204
f 3196 3195 3205
f 3196 3205 3200
f 3200 3205 3201
f 3206 3207 3208
f 3206 3208 3209
f 3206 3209 3210
f 3202 3210 3203
f 3202 3206 3210
f 3202 3201 3211
f 3202 3211 3206
f 3206 3211 3207
f 3212 3213 3214
f 3212 3214 3215
f 3212 3215 3216
f 3208 3216 3209
f 3208 3212 3216
f 3208 3207 3217
f 3208 3217 3212
f 3212 3217 3213
f 3218 3219 3220
f 3218 3220 3221
f 3218 3221 3222
f 3214 3222 3215
f 3214 3218 3222
f 3214 3213 3223
f 3214 3223 3218
f 3218 3223 3219
f 3224 3225 3226
f 3224 3226 3227
f 3224 3227 3228
f 3220 3228 3221
f 3220 3224 3228
f 3220 3219 3229
f 3220 3229 3224
f 3224 3229 3225
f 3230 3231 3232
f 3230 3232 3233
f 3230 3233 3234
f 3226 3234 3227
f 3226 3230 3234
f 3226 3225 3235
f 3226 3235 3230
f 3230 3235 3231
f 3236 3237 3238
f 3236 3238 3239
f 3236 3239 3240
f 3232 3240 3233
f 3232 3236 3240
f 3232 3231 3241
f 3232 3241 3236
f 3236 3241 3237
f 3238 3242 3239
f 3238 3237 3242
f 3186 3185 3256
f 3186 3256 3255
f 3255 3256 3257
f 3255 3257 3258
f 3251 3255 3258
f 3178 3186 3255
f 3192 3191 3260
f 3192 3260 3259
f 3259 3260 3261
f 3259 3261 3262
f 3256 3262 3257
f 3256 3259 3262
f 3256 3185 3259
f 3185 3192 3259
f 3198 3197 3264
f 3198 3264 3263
f 3263 3264 3265
f 3263 3265 3266
f 3260 3266 3261
f 3260 3263 3266
f 3260 3191 3263
f 3191 3198 3263
f 3204 3203 3268
f 3204 3268 3267
f 3267 3268 3269
f 3267 3269 3270
f 3264 3270 3265
f 3264 3267 3270
f 3264 3197 3267
f 3197 3204 3267
f 3210 3209 3272
f 3210 3272 3271
f 2269 3272 2264
f 2269 3271 3272
f 2269 2268 3273
f 2269 3273 3271
f 3268 3273 3269
f 3268 3271 3273
f 3268 3203 3271
f 3203 3210 3271
f 3216 3215 3275
f 3216 3275 3274
f 2275 3275 2271
f 2275 3274 3275
f 2275 2264 3274
f 2264 3272 3274
f 3272 3209 3274
f 3209 3216 3274
f 3222 3221 3277
f 3222 3277 3276
f 2281 3277 2277
f 2281 3276 3277
f 2281 2271 3276
f 2271 3275 3276
f 3275 3215 3276
f 3215 3222 3276
f 3228 3227 3279
f 3228 3279 3278
f 2287 3279 2283
f 2287 3278 3279
f 2287 2277 3278
f 2277 3277 3278
f 3277 3221 3278
f 3221 3228 3278
f 3234 3233 3281
f 3234 3281 3280
f 2293 3281 2289
f 2293 3280 3281
f 2293 2283 3280
f 2283 3279 3280
f 3279 3227 3280
f 3227 3234 3280
f 3240 3239 3283
f 3240 3283 3282
f 2299 3283 2295
f 2299 3282 3283
f 2299 2289 3282
f 2289 3281 3282
f 3281 3233 3282
f 3233 3240 3282
f 3284 3285 3286
f 2305 3286 2301
f 2305 3284 3286
f 2305 2295 3284
f 2295 3283 3284
f 3283 3239 3284
f 3239 3242 3285
f 3239 3285 3284
f 3287 3288 3289
f 2311 3289 2307
f 2311 3287 3289
f 2311 2301 3287
f 2301 3286 3287
f 3286 3285 3290
f 3286 3290 3287
f 3287 3290 3288
f 3291 3292 3293
f 2317 3293 2313
f 2317 3291 3293
f 2317 2307 3291
f 2307 3289 3291
f 3289 3288 3294
f 3289 3294 3291
f 3291 3294 3292
f 3295 3296 3297
f 2323 3297 2319
f 2323 3295 3297
f 2323 2313 3295
f 2313 3293 3295
f 3293 3292 3298
f 3293 3298 3295
f 3295 3298 3296
f 3299 3300 3301
f 2329 3301 2325
f 2329 3299 3301
f 2329 2319 3299
f 2319 3297 3299
f 3297 3296 3302
f 3297 3302 3299
f 3299 3302 3300
f 3303 3304 3305
f 2335 3305 2331
f 2335 3303 3305
f 2335 2325 3303
f 2325 3301 3303
f 3301 3300 3306
f 3301 3306 3303
f 3303 3306 3304
f 3307 3308 3309
f 2341 3309 2337
f 2341 3307 3309
f 2341 2331 3307
f 2331 3305 3307
f 3305 3304 3310
f 3305 3310 3307
f 3307 3310 3308
f 3311 3312 3313
f 2347 3313 2343
f 2347 3311 3313
f 2347 2337 3311
f 2337 3309 3311
f 3309 3308 3314
f 3309 3314 3311
f 3311 3314 3312
f 3315 3316 3317
f 2353 3317 2349
f 2353 3315 3317
f 2353 2343 3315
f 2343 3313 3315
f 3313 3312 3318
f 3313 3318 3315
f 3315 3318 3316
f 3319 3320 3321
f 2358 3321 2355
f 2358 3319 3321
f 2358 2349 3319
f 2349 3317 3319
f 3317 3316 3322
f 3317 3322 3319
f 3319 3322 3320
f 3323 3324 3325
f 2362 3325 2360
f 2362 3323 3325
f 2362 2355 3323
f 2355 3321 3323
f 3321 3320 3326
f 3321 3326 3323
f 3323 3326 3324
f 3327 3328 3329
f 2366 3329 2364
f 2366 3327 3329
f 2366 2360 3327
f 2360 3325 3327
f 3325 3324 3330
f 3325 3330 3327
f 3327 3330 3328
f 3331 3332 3333
f 2370 3333 2368
f 2370 3331 3333
f 2370 2364 3331
f 2364 3329 3331
f 3329 3328 3334
f 3329 3334 3331
f 3331 3334 3332
f 2374 3335 2372
f 2374 3336 3335
f 2374 2368 3336
f 2368 3337 3336
f 2368 3333 3337
f 3333 3332 3337
f 2378 3338 2376
f 2378 3339 3338
f 2378 2372 3339
f 2372 3335 3339
f 2382 3340 2380
f 2382 3341 3340
f 2382 2376 3341
f 2376 3338 3341
f 2387 3342 2384
f 2387 3343 3342
f 2387 2380 3343
f 2380 3340 3343
f 2384 3344 2388
f 2384 3342 3344
f 3258 3257 3352
f 3258 3352 3351
f 3351 3352 3353
f 3351 3353 3354
f 3347 3351 3354
f 3252 3258 3351
f 3262 3261 3356
f 3262 3356 3355
f 3355 3356 3357
f 3355 3357 3358
f 3352 3358 3353
f 3352 3355 3358
f 3352 3257 3355
f 3257 3262 3355
f 3266 3265 3360
f 3266 3360 3359
f 3359 3360 3361
f 3359 3361 3362
f 3356 3362 3357
f 3356 3359 3362
f 3356 3261 3359
f 3261 3266 3359
f 3270 3269 3364
f 3270 3364 3363
f 3363 3364 3365
f 3363 3365 3366
f 3360 3366 3361
f 3360 3363 3366
f 3360 3265 3363
f 3265 3270 3363
f 3273 2268 3367
f 2268 2394 3367
f 2394 2393 3368
f 2394 3368 3367
f 3364 3368 3365
f 3364 3367 3368
f 3364 3269 3367
f 3269 3273 3367
f 3336 3369 3335
f 3336 3337 3369
f 3339 3370 3338
f 3335 3369 3371
f 3335 3370 3339
f 3335 3371 3370
f 3341 3372 3340
f 3338 3370 3373
f 3338 3372 3341
f 3338 3373 3372
f 3343 3374 3342
f 3340 3372 3375
f 3340 3374 3343
f 3340 3375 3374
f 3344 3377 2388
f 3344 3376 3377
f 2388 3377 2447
f 3342 3374 3378
f 3342 3376 3344
f 3342 3378 3376
f 2452 3379 2450
f 2452 3380 3379
f 2452 2447 3380
f 2447 3381 3380
f 2447 3377 3381
f 3377 3376 3381
f 2456 3382 2454
f 2456 3383 3382
f 2456 2450 3383
f 2450 3379 3383
f 2460 3384 2458
f 2460 3385 3384
f 2460 2454 3385
f 2454 3382 3385
f 2458 3386 2463
f 2458 3384 3386
f 3354 3353 3388
f 3348 3389 3387
f 3348 3388 3389
f 3348 3354 3388
f 3358 3357 3390
f 3353 3391 3388
f 3353 3390 3391
f 3353 3358 3390
f 3362 3361 3393
f 3362 3393 3392
f 3392 3393 3394
f 3392 3394 3395
f 3392 3395 3396
f 3357 3396 3390
f 3357 3392 3396
f 3357 3362 3392
f 3366 3365 3398
f 3366 3398 3397
f 3397 3398 3399
f 3397 3399 3400
f 3393 3400 3394
f 3393 3397 3400
f 3393 3361 3397
f 3361 3366 3397
f 3368 2393 3401
f 2393 2465 3402
f 2393 3402 3401
f 3401 3402 3403
f 3398 3403 3399
f 3398 3401 3403
f 3398 3365 3401
f 3365 3368 3401
f 2467 2466 3404
f 2467 3405 2465
f 2467 3404 3405
f 2465 3405 3402
f 2469 2468 3406
f 2469 3407 2466
f 2469 3406 3407
f 2466 3407 3404
f 2468 2474 3408
f 2468 3408 3406
f 3380 3409 3379
f 3380 3381 3409
f 3383 3410 3382
f 3379 3409 3411
f 3379 3410 3383
f 3379 3411 3410
f 3385 3412 3384
f 3382 3410 3413
f 3382 3412 3385
f 3382 3413 3412
f 3386 3414 2463
f 2463 3414 3415
f 2463 3415 2503
f 3414 3416 3415
f 3414 3417 3416
f 3384 3417 3414
f 3384 3412 3417
f 3384 3414 3386
f 2506 3418 2504
f 2506 3419 3418
f 2506 2503 3419
f 2503 3415 3419
f 2510 3420 2508
f 2510 3421 3420
f 2510 2504 3421
f 2504 3418 3421
f 2508 3422 2513
f 2508 3420 3422
f 3395 3394 3423
f 3395 3423 3396
f 3400 3399 3424
f 3394 3425 3423
f 3394 3424 3425
f 3394 3400 3424
f 3403 3402 3426
f 3399 3427 3424
f 3399 3426 3427
f 3399 3403 3426
f 3405 3404 3428
f 3402 3429 3426
f 3402 3428 3429
f 3402 3405 3428
f 3407 3406 3430
f 3404 3431 3428
f 3404 3430 3431
f 3404 3407 3430
f 3408 3433 3432
f 3408 2474 3433
f 2474 2531 3433
f 3406 3434 3430
f 3406 3432 3434
f 3406 3408 3432
f 2533 2532 3435
f 2533 3436 2531
f 2533 3435 3436
f 2531 3437 3433
f 2531 3436 3437
f 3433 3437 3432
f 2535 2534 3438
f 2535 3439 2532
f 2535 3438 3439
f 2532 3439 3435
f 2534 2540 3440
f 2534 3440 3438
f 3416 3441 3415
f 3416 3417 3441
f 3419 3442 3443
f 3419 3443 3418
f 3442 3444 3443
f 3442 3445 3444
f 3442 3446 3445
f 3415 3446 3442
f 3415 3441 3446
f 3415 3442 3419
f 3421 3447 3448
f 3421 3448 3420
f 3447 3449 3448
f 3447 3450 3449
f 3443 3450 3447
f 3443 3444 3450
f 3443 3447 3418
f 3418 3447 3421
f 3422 3451 2513
f 2513 3451 3452
f 2513 3452 2559
f 3451 3453 3452
f 3448 3453 3451
f 3448 3449 3453
f 3448 3451 3420
f 3420 3451 3422
f 2562 3454 2560
f 2562 3455 3454
f 2562 2559 3455
f 2559 3452 3455
f 2566 3456 2564
f 2566 3457 3456
f 2566 2560 3457
f 2560 3454 3457
f 2569 3458 2568
f 2569 3459 3458
f 2569 2564 3459
f 2564 3456 3459
f 2571 3460 2570
f 2571 3461 3460
f 2571 2568 3461
f 2568 3458 3461
f 2573 3462 2572
f 2573 3463 3462
f 2573 2570 3463
f 2570 3460 3463
f 2575 3464 2574
f 2575 3465 3464
f 2575 2572 3465
f 2572 3462 3465
f 2577 3466 2576
f 2577 3467 3466
f 2577 2574 3467
f 2574 3464 3467
f 2579 3468 2578
f 2579 3469 3468
f 2579 2576 3469
f 2576 3466 3469
f 2581 3470 2580
f 2581 3471 3470
f 2581 2578 3471
f 2578 3468 3471
f 2583 3472 2582
f 2583 3473 3472
f 2583 2580 3473
f 2580 3470 3473
f 2582 3474 2587
f 2582 3472 3474
f 3436 3435 3475
f 3436 3475 3437
f 3439 3438 3476
f 3435 3477 3475
f 3435 3476 3477
f 3435 3439 3476
f 3440 3479 3478
f 3440 2540 3479
f 2540 2593 3479
f 3438 3480 3476
f 3438 3478 3480
f 3438 3440 3478
f 3481 3483 3482
f 2595 3483 3481
f 2595 2594 3483
f 2595 3481 2593
f 2593 3481 3479
f 3479 3481 3484
f 3479 3484 3478
f 3481 3482 3484
f 3485 3487 3486
f 2597 3487 3485
f 2597 2596 3487
f 2597 3485 2594
f 2594 3485 3483
f 3483 3485 3488
f 3483 3488 3482
f 3485 3486 3488
f 2599 2598 3489
f 2599 3490 2596
f 2599 3489 3490
f 2596 3491 3487
f 2596 3490 3491
f 3487 3491 3486
f 2598 2604 3492
f 2598 3492 3489
f 3493 3495 3494
f 2616 3495 3493
f 2616 2613 3495
f 2616 3493 3496
f 2616 3496 2615
f 3493 3497 3496
f 3493 3498 3497
f 3493 3494 3498
f 3499 3501 3500
f 2620 3501 3499
f 2620 2618 3501
f 2620 3499 2613
f 2613 3499 3495
f 3495 3499 3502
f 3495 3502 3494
f 3499 3500 3502
f 3503 3505 3504
f 2624 3505 3503
f 2624 2622 3505
f 2624 3503 2618
f 2618 3503 3501
f 3501 3503 3506
f 3501 3506 3500
f 3503 3504 3506
f 3507 3509 3508
f 2628 3509 3507
f 2628 2626 3509
f 2628 3507 2622
f 2622 3507 3505
f 3505 3507 3510
f 3505 3510 3504
f 3507 3508 3510
f 3511 3513 3512
f 2632 3513 3511
f 2632 2630 3513
f 2632 3511 2626
f 2626 3511 3509
f 3509 3511 3514
f 3509 3514 3508
f 3511 3512 3514
f 3515 3517 3516
f 2636 3517 3515
f 2636 2634 3517
f 2636 3515 2630
f 2630 3515 3513
f 3513 3515 3518
f 3513 3518 3512
f 3515 3516 3518
f 3519 3521 3520
f 2640 3521 3519
f 2640 2638 3521
f 2640 3519 2634
f 2634 3519 3517
f 3517 3519 3522
f 3517 3522 3516
f 3519 3520 3522
f 3523 3525 3524
f 3523 3526 3525
f 2638 3526 3523
f 2638 2642 3526
f 2638 3523 3521
f 3521 3523 3527
f 3521 3527 3520
f 3523 3524 3527
f 3528 3530 3529
f 3528 3531 3530
f 3528 3532 3531
f 3525 3532 3528
f 3525 3526 3532
f 3525 3528 3533
f 3525 3533 3524
f 3528 3529 3533
f 3534 3536 3535
f 3534 3537 3536
f 3534 3538 3537
f 3530 3538 3534
f 3530 3531 3538
f 3530 3534 3539
f 3530 3539 3529
f 3534 3535 3539
f 3536 3537 3540
f 3536 3540 3535
f 3445 3541 3444
f 3445 3446 3541
f 3450 3542 3543
f 3450 3543 3449
f 3542 3544 3543
f 3542 3545 3544
f 3542 3546 3545
f 3444 3546 3542
f 3444 3541 3546
f 3444 3542 3450
f 3453 3547 3548
f 3453 3548 3452
f 3547 3549 3548
f 3547 3550 3549
f 3543 3550 3547
f 3543 3544 3550
f 3543 3547 3449
f 3449 3547 3453
f 3455 3551 3552
f 3455 3552 3454
f 3551 3553 3552
f 3551 3554 3553
f 3548 3554 3551
f 3548 3549 3554
f 3548 3551 3452
f 3452 3551 3455
f 3457 3555 3556
f 3457 3556 3456
f 3555 3557 3556
f 3555 3558 3557
f 3552 3558 3555
f 3552 3553 3558
f 3552 3555 3454
f 3454 3555 3457
f 3459 3559 3560
f 3459 3560 3458
f 3559 3561 3560
f 3559 3562 3561
f 3556 3562 3559
f 3556 3557 3562
f 3556 3559 3456
f 3456 3559 3459
f 3461 3563 3564
f 3461 3564 3460
f 3563 3565 3564
f 3563 3566 3565
f 3560 3566 3563
f 3560 3561 3566
f 3560 3563 3458
f 3458 3563 3461
f 3463 3567 3568
f 3463 3568 3462
f 3567 3569 3568
f 3567 3570 3569
f 3564 3570 3567
f 3564 3565 3570
f 3564 3567 3460
f 3460 3567 3463
f 3465 3571 3572
f 3465 3572 3464
f 3571 3573 3572
f 3571 3574 3573
f 3568 3574 3571
f 3568 3569 3574
f 3568 3571 3462
f 3462 3571 3465
f 3467 3575 3576
f 3467 3576 3466
f 3575 3577 3576
f 3575 3578 3577
f 3572 3578 3575
f 3572 3573 3578
f 3572 3575 3464
f 3464 3575 3467
f 3469 3579 3580
f 3469 3580 3468
f 3579 3581 3580
f 3579 3582 3581
f 3576 3582 3579
f 3576 3577 3582
f 3576 3579 3466
f 3466 3579 3469
f 3471 3583 3584
f 3471 3584 3470
f 3583 3585 3584
f 3583 3586 3585
f 3580 3586 3583
f 3580 3581 3586
f 3580 3583 3468
f 3468 3583 3471
f 3473 3587 3588
f 3473 3588 3472
f 3587 3589 3588
f 3587 3590 3589
f 3584 3590 3587
f 3584 3585 3590
f 3584 3587 3470
f 3470 3587 3473
f 3474 3591 2587
f 2587 3591 3592
f 2587 3592 2643
f 3591 3593 3592
f 3588 3593 3591
f 3588 3589 3593
f 3588 3591 3472
f 3472 3591 3474
f 2645 3594 2644
f 2645 3595 3594
f 2645 2643 3595
f 2643 3592 3595
f 2644 3596 2650
f 2644 3594 3596
f 3490 3489 3597
f 3490 3597 3491
f 3492 3599 3598
f 3492 2604 3599
f 2604 2661 3599
f 3489 3600 3597
f 3489 3598 3600
f 3489 3492 3598
f 3601 3603 3602
f 2663 3603 3601
f 2663 2662 3603
f 2663 3601 2661
f 2661 3601 3599
f 3599 3601 3604
f 3599 3604 3598
f 3601 3602 3604
f 3605 3607 3606
f 2665 3607 3605
f 2665 2664 3607
f 2665 3605 2662
f 2662 3605 3603
f 3603 3605 3608
f 3603 3608 3602
f 3605 3606 3608
f 3496 3609 2615
f 2615 3609 2666
f 2666 3609 2664
f 2664 3609 3607
f 3607 3609 3610
f 3607 3610 3606
f 3496 3610 3609
f 3496 3497 3610
f 2642 3611 3526
f 2642 2667 3611
f 3532 3612 3613
f 3532 3613 3531
f 2672 3613 3612
f 2672 2670 3613
f 2672 3612 2667
f 2667 3612 3611
f 3611 3612 3526
f 3526 3612 3532
f 3538 3614 3615
f 3538 3615 3537
f 2676 3615 3614
f 2676 2674 3615
f 2676 3614 2670
f 2670 3614 3613
f 3613 3614 3531
f 3531 3614 3538
f 3616 3618 3617
f 2680 3618 3616
f 2680 2678 3618
f 2680 3616 2674
f 2674 3616 3615
f 3615 3616 3537
f 3537 3616 3617
f 3537 3617 3540
f 3619 3621 3620
f 3619 3622 3621
f 2678 3622 3619
f 2678 2682 3622
f 2678 3619 3618
f 3618 3619 3623
f 3618 3623 3617
f 3619 3620 3623
f 3624 3626 3625
f 3624 3627 3626
f 3624 3628 3627
f 3621 3628 3624
f 3621 3622 3628
f 3621 3624 3629
f 3621 3629 3620
f 3624 3625 3629
f 3630 3632 3631
f 3630 3633 3632
f 3630 3634 3633
f 3626 3634 3630
f 3626 3627 3634
f 3626 3630 3635
f 3626 3635 3625
f 3630 3631 3635
f 3636 3638 3637
f 3636 3639 3638
f 3636 3640 3639
f 3632 3640 3636
f 3632 3633 3640
f 3632 3636 3641
f 3632 3641 3631
f 3636 3637 3641
f 3642 3644 3643
f 3642 3645 3644
f 3642 3646 3645
f 3638 3646 3642
f 3638 3639 3646
f 3638 3642 3647
f 3638 3647 3637
f 3642 3643 3647
f 3545 3648 3649
f 3545 3649 3544
f 3648 3650 3649
f 3648 3651 3650
f 3644 3651 3648
f 3644 3645 3651
f 3644 3648 3652
f 3644 3652 3643
f 3545 3652 3648
f 3545 3546 3652
f 3550 3653 3654
f 3550 3654 3549
f 3653 3655 3654
f 3653 3656 3655
f 3649 3656 3653
f 3649 3650 3656
f 3649 3653 3544
f 3544 3653 3550
f 3554 3657 3658
f 3554 3658 3553
f 3657 3659 3658
f 3657 3660 3659
f 3654 3660 3657
f 3654 3655 3660
f 3654 3657 3549
f 3549 3657 3554
f 3558 3661 3662
f 3558 3662 3557
f 3661 3663 3662
f 3661 3664 3663
f 3658 3664 3661
f 3658 3659 3664
f 3658 3661 3553
f 3553 3661 3558
f 3562 3665 3666
f 3562 3666 3561
f 3665 3667 3666
f 3665 3668 3667
f 3662 3668 3665
f 3662 3663 3668
f 3662 3665 3557
f 3557 3665 3562
f 3566 3669 3670
f 3566 3670 3565
f 3669 3671 3670
f 3669 3672 3671
f 3666 3672 3669
f 3666 3667 3672
f 3666 3669 3561
f 3561 3669 3566
f 3570 3673 3674
f 3570 3674 3569
f 3673 3675 3674
f 3673 3676 3675
f 3670 3676 3673
f 3670 3671 3676
f 3670 3673 3565
f 3565 3673 3570
f 3574 3677 3678
f 3574 3678 3573
f 3677 3679 3678
f 3677 3680 3679
f 3674 3680 3677
f 3674 3675 3680
f 3674 3677 3569
f 3569 3677 3574
f 3578 3681 3682
f 3578 3682 3577
f 3681 3683 3682
f 3681 3684 3683
f 3678 3684 3681
f 3678 3679 3684
f 3678 3681 3573
f 3573 3681 3578
f 3582 3685 3686
f 3582 3686 3581
f 3685 3687 3686
f 3685 3688 3687
f 3682 3688 3685
f 3682 3683 3688
f 3682 3685 3577
f 3577 3685 3582
f 3586 3689 3690
f 3586 3690 3585
f 3689 3691 3690
f 3689 3692 3691
f 3686 3692 3689
f 3686 3687 3692
f 3686 3689 3581
f 3581 3689 3586
f 3590 3693 3694
f 3590 3694 3589
f 3693 3695 3694
f 3693 3696 3695
f 3690 3696 3693
f 3690 3691 3696
f 3690 3693 3585
f 3585 3693 3590
f 3593 3697 3698
f 3593 3698 3592
f 3697 3699 3698
f 3697 3700 3699
f 3694 3700 3697
f 3694 3695 3700
f 3694 3697 3589
f 3589 3697 3593
f 3595 3701 3702
f 3595 3702 3594
f 3701 3703 3702
f 3701 3704 3703
f 3698 3704 3701
f 3698 3699 3704
f 3698 3701 3592
f 3592 3701 3595
f 3596 3705 2650
f 2650 3705 3706
f 2650 3706 2683
f 3705 3707 3706
f 3702 3707 3705
f 3702 3703 3707
f 3702 3705 3594
f 3594 3705 3596
f 2685 3708 2684
f 2685 3709 3708
f 2685 2683 3709
f 2683 3706 3709
f 2684 3710 2690
f 2684 3708 3710
f 2728 3711 2725
f 2728 2727 3711
f 2732 3712 2730
f 2732 3713 3712
f 2732 2725 3713
f 2725 3711 3713
f 2736 3714 2734
f 2736 3715 3714
f 2736 2730 3715
f 2730 3712 3715
f 2734 3714 3717
f 2682 3719 3622
f 2682 2745 3719
f 3628 3720 3721
f 3628 3721 3627
f 2750 3721 3720
f 2750 2748 3721
f 2750 3720 2745
f 2745 3720 3719
f 3719 3720 3622
f 3622 3720 3628
f 3634 3722 3723
f 3634 3723 3633
f 2754 3723 3722
f 2754 2752 3723
f 2754 3722 2748
f 2748 3722 3721
f 3721 3722 3627
f 3627 3722 3634
f 3640 3724 3725
f 3640 3725 3639
f 2758 3725 3724
f 2758 2756 3725
f 2758 3724 2752
f 2752 3724 3723
f 3723 3724 3633
f 3633 3724 3640
f 3646 3726 3727
f 3646 3727 3645
f 2763 3727 3726
f 2763 2760 3727
f 2763 3726 2756
f 2756 3726 3725
f 3725 3726 3639
f 3639 3726 3646
f 3651 3728 3729
f 3651 3729 3650
f 2769 3729 3728
f 2769 2765 3729
f 2769 3728 2760
f 2760 3728 3727
f 3727 3728 3645
f 3645 3728 3651
f 3656 3730 3731
f 3656 3731 3655
f 2775 3731 3730
f 2775 2771 3731
f 2775 3730 2765
f 2765 3730 3729
f 3729 3730 3650
f 3650 3730 3656
f 3660 3732 3733
f 3660 3733 3659
f 3732 3734 3733
f 2771 3734 3732
f 2771 2776 3734
f 2771 3732 3731
f 3731 3732 3655
f 3655 3732 3660
f 3664 3735 3736
f 3664 3736 3663
f 3735 3737 3736
f 3735 3738 3737
f 3733 3738 3735
f 3733 3734 3738
f 3733 3735 3659
f 3659 3735 3664
f 3668 3739 3740
f 3668 3740 3667
f 2783 3740 3739
f 2783 2778 3740
f 2783 3739 3741
f 2783 3741 2782
f 3736 3741 3739
f 3736 3737 3741
f 3736 3739 3663
f 3663 3739 3668
f 3672 3742 3743
f 3672 3743 3671
f 2789 3743 3742
f 2789 2785 3743
f 2789 3742 2778
f 2778 3742 3740
f 3740 3742 3667
f 3667 3742 3672
f 3676 3744 3745
f 3676 3745 3675
f 2795 3745 3744
f 2795 2791 3745
f 2795 3744 2785
f 2785 3744 3743
f 3743 3744 3671
f 3671 3744 3676
f 3680 3746 3747
f 3680 3747 3679
f 2801 3747 3746
f 2801 2797 3747
f 2801 3746 2791
f 2791 3746 3745
f 3745 3746 3675
f 3675 3746 3680
f 3684 3748 3749
f 3684 3749 3683
f 2807 3749 3748
f 2807 2803 3749
f 2807 3748 2797
f 2797 3748 3747
f 3747 3748 3679
f 3679 3748 3684
f 3688 3750 3751
f 3688 3751 3687
f 2813 3751 3750
f 2813 2809 3751
f 2813 3750 2803
f 2803 3750 3749
f 3749 3750 3683
f 3683 3750 3688
f 3692 3752 3753
f 3692 3753 3691
f 2819 3753 3752
f 2819 2815 3753
f 2819 3752 2809
f 2809 3752 3751
f 3751 3752 3687
f 3687 3752 3692
f 3696 3754 3755
f 3696 3755 3695
f 3754 3756 3755
f 2815 3756 3754
f 2815 2820 3756
f 2815 3754 3753
f 3753 3754 3691
f 3691 3754 3696
f 3700 3757 3758
f 3700 3758 3699
f 3757 3759 3758
f 3757 3760 3759
f 3755 3760 3757
f 3755 3756 3760
f 3755 3757 3695
f 3695 3757 3700
f 3704 3761 3762
f 3704 3762 3703
f 3761 3763 3762
f 3761 3764 3763
f 3758 3764 3761
f 3758 3759 3764
f 3758 3761 3699
f 3699 3761 3704
f 3707 3765 3766
f 3707 3766 3706
f 3765 3767 3766
f 3765 3768 3767
f 3762 3768 3765
f 3762 3763 3768
f 3762 3765 3703
f 3703 3765 3707
f 3709 3769 3770
f 3709 3770 3708
f 2827 3770 3769
f 2827 2822 3770
f 2827 3769 3771
f 2827 3771 2826
f 3766 3771 3769
f 3766 3767 3771
f 3766 3769 3706
f 3706 3769 3709
f 3710 3772 2690
f 2690 3772 2832
f 2832 3772 2822
f 2822 3772 3770
f 3770 3772 3708
f 3708 3772 3710
f 2871 3773 2869
f 2871 2870 3773
f 2873 3774 2872
f 2873 3775 3774
f 2873 2869 3775
f 2869 3773 3775
f 2875 3776 2874
f 2875 3777 3776
f 2875 2872 3777
f 2872 3774 3777
f 2877 3778 2876
f 2877 3779 3778
f 2877 2874 3779
f 2874 3776 3779
f 2879 3780 2878
f 2879 3781 3780
f 2879 2876 3781
f 2876 3778 3781
f 2881 3782 2880
f 2881 3783 3782
f 2881 2878 3783
f 2878 3780 3783
f 2727 3784 3711
f 2727 3785 3784
f 2727 2882 3785
f 2882 3786 3785
f 2882 2880 3786
f 2880 3782 3786
f 3713 3787 3788
f 3713 3788 3712
f 3787 3789 3788
f 3787 3790 3789
f 3784 3790 3787
f 3784 3785 3790
f 3784 3787 3711
f 3711 3787 3713
f 3715 3791 3792
f 3715 3792 3714
f 3791 3793 3792
f 3791 3794 3793
f 3788 3794 3791
f 3788 3789 3794
f 3788 3791 3712
f 3712 3791 3715
f 3792 3793 3798
f 3792 3795 3714
f 3714 3795 3717
f 2776 3803 3734
f 2776 2893 3803
f 3738 3804 3805
f 3738 3805 3737
f 2898 3805 3804
f 2898 2896 3805
f 2898 3804 2893
f 2893 3804 3803
f 3803 3804 3734
f 3734 3804 3738
f 3741 3806 2782
f 2782 3806 2901
f 2901 3806 2896
f 2896 3806 3805
f 3805 3806 3737
f 3737 3806 3741
f 2820 3807 3756
f 2820 2915 3807
f 3760 3808 3809
f 3760 3809 3759
f 2921 3809 3808
f 2921 2918 3809
f 2921 3808 2915
f 2915 3808 3807
f 3807 3808 3756
f 3756 3808 3760
f 3764 3810 3811
f 3764 3811 3763
f 2927 3811 3810
f 2927 2923 3811
f 2927 3810 2918
f 2918 3810 3809
f 3809 3810 3759
f 3759 3810 3764
f 3768 3812 3813
f 3768 3813 3767
f 2933 3813 3812
f 2933 2929 3813
f 2933 3812 2923
f 2923 3812 3811
f 3811 3812 3763
f 3763 3812 3768
f 3771 3814 2826
f 2826 3814 2938
f 2938 3814 2929
f 2929 3814 3813
f 3813 3814 3767
f 3767 3814 3771
f 2957 3815 2955
f 2957 2956 3815
f 2959 3816 2958
f 2959 3817 3816
f 2959 2955 3817
f 2955 3815 3817
f 2961 3818 2960
f 2961 3819 3818
f 2961 2958 3819
f 2958 3816 3819
f 2963 3820 2962
f 2963 3821 3820
f 2963 2960 3821
f 2960 3818 3821
f 2965 3822 2964
f 2965 3823 3822
f 2965 2962 3823
f 2962 3820 3823
f 2967 3824 2966
f 2967 3825 3824
f 2967 2964 3825
f 2964 3822 3825
f 2969 3826 2968
f 2969 3827 3826
f 2969 2966 3827
f 2966 3824 3827
f 2870 3828 3773
f 2870 3829 3828
f 2870 2970 3829
f 2970 3830 3829
f 2970 2968 3830
f 2968 3826 3830
f 3775 3831 3832
f 3775 3832 3774
f 3831 3833 3832
f 3831 3834 3833
f 3828 3834 3831
f 3828 3829 3834
f 3828 3831 3773
f 3773 3831 3775
f 3777 3835 3836
f 3777 3836 3776
f 3835 3837 3836
f 3835 3838 3837
f 3832 3838 3835
f 3832 3833 3838
f 3832 3835 3774
f 3774 3835 3777
f 3779 3839 3840
f 3779 3840 3778
f 3839 3841 3840
f 3839 3842 3841
f 3836 3842 3839
f 3836 3837 3842
f 3836 3839 3776
f 3776 3839 3779
f 3781 3843 3844
f 3781 3844 3780
f 3843 3845 3844
f 3843 3846 3845
f 3840 3846 3843
f 3840 3841 3846
f 3840 3843 3778
f 3778 3843 3781
f 3783 3847 3848
f 3783 3848 3782
f 3847 3849 3848
f 3847 3850 3849
f 3844 3850 3847
f 3844 3845 3850
f 3844 3847 3780
f 3780 3847 3783
f 3786 3851 3785
f 3848 3849 3852
f 3848 3853 3782
f 3848 3852 3853
f 3782 3851 3786
f 3782 3853 3851
f 3790 3854 3789
f 3785 3851 3855
f 3785 3854 3790
f 3785 3855 3854
f 3794 3856 3793
f 3789 3854 3857
f 3789 3856 3794
f 3789 3857 3856
f 3793 3856 3859
f 2956 3867 3815
f 2956 2998 3867
f 3817 3868 3869
f 3817 3869 3816
f 3007 3869 3868
f 3007 3003 3869
f 3007 3868 2998
f 2998 3868 3867
f 3867 3868 3815
f 3815 3868 3817
f 3819 3870 3871
f 3819 3871 3818
f 3870 3872 3871
f 3003 3872 3870
f 3003 3008 3872
f 3003 3870 3869
f 3869 3870 3816
f 3816 3870 3819
f 3821 3873 3874
f 3821 3874 3820
f 3873 3875 3874
f 3873 3876 3875
f 3871 3876 3873
f 3871 3872 3876
f 3871 3873 3818
f 3818 3873 3821
f 3823 3877 3878
f 3823 3878 3822
f 3877 3879 3878
f 3877 3880 3879
f 3874 3880 3877
f 3874 3875 3880
f 3874 3877 3820
f 3820 3877 3823
f 3825 3881 3882
f 3825 3882 3824
f 3881 3883 3882
f 3881 3884 3883
f 3878 3884 3881
f 3878 3879 3884
f 3878 3881 3822
f 3822 3881 3825
f 3827 3885 3886
f 3827 3886 3826
f 3885 3887 3886
f 3885 3888 3887
f 3882 3888 3885
f 3882 3883 3888
f 3882 3885 3824
f 3824 3885 3827
f 3830 3889 3890
f 3830 3890 3829
f 3889 3891 3890
f 3889 3892 3891
f 3886 3892 3889
f 3886 3887 3892
f 3886 3889 3826
f 3826 3889 3830
f 3834 3893 3894
f 3834 3894 3833
f 3893 3895 3894
f 3893 3896 3895
f 3890 3896 3893
f 3890 3891 3896
f 3890 3893 3829
f 3829 3893 3834
f 3838 3897 3898
f 3838 3898 3837
f 3897 3899 3898
f 3897 3900 3899
f 3894 3900 3897
f 3894 3895 3900
f 3894 3897 3833
f 3833 3897 3838
f 3842 3901 3902
f 3842 3902 3841
f 3901 3903 3902
f 3901 3904 3903
f 3898 3904 3901
f 3898 3899 3904
f 3898 3901 3837
f 3837 3901 3842
f 3846 3905 3906
f 3846 3906 3845
f 3905 3907 3906
f 3905 3908 3907
f 3902 3908 3905
f 3902 3903 3908
f 3902 3905 3841
f 3841 3905 3846
f 3850 3909 3849
f 3906 3907 3910
f 3906 3911 3845
f 3906 3910 3911
f 3845 3909 3850
f 3845 3911 3909
f 3849 3909 3912
f 3849 3912 3852
f 3008 3921 3872
f 3008 3030 3921
f 3876 3922 3923
f 3876 3923 3875
f 3039 3923 3922
f 3039 3035 3923
f 3039 3922 3030
f 3030 3922 3921
f 3921 3922 3872
f 3872 3922 3876
f 3880 3924 3925
f 3880 3925 3879
f 3924 3926 3925
f 3035 3926 3924
f 3035 3040 3926
f 3035 3924 3923
f 3923 3924 3875
f 3875 3924 3880
f 3884 3927 3928
f 3884 3928 3883
f 3927 3929 3928
f 3927 3930 3929
f 3925 3930 3927
f 3925 3926 3930
f 3925 3927 3879
f 3879 3927 3884
f 3888 3931 3932
f 3888 3932 3887
f 3931 3933 3932
f 3931 3934 3933
f 3928 3934 3931
f 3928 3929 3934
f 3928 3931 3883
f 3883 3931 3888
f 3892 3935 3936
f 3892 3936 3891
f 3935 3937 3936
f 3935 3938 3937
f 3932 3938 3935
f 3932 3933 3938
f 3932 3935 3887
f 3887 3935 3892
f 3896 3939 3940
f 3896 3940 3895
f 3939 3941 3940
f 3939 3942 3941
f 3936 3942 3939
f 3936 3937 3942
f 3936 3939 3891
f 3891 3939 3896
f 3900 3943 3944
f 3900 3944 3899
f 3943 3945 3944
f 3943 3946 3945
f 3940 3946 3943
f 3940 3941 3946
f 3940 3943 3895
f 3895 3943 3900
f 3904 3947 3948
f 3904 3948 3903
f 3947 3949 3948
f 3947 3950 3949
f 3944 3950 3947
f 3944 3945 3950
f 3944 3947 3899
f 3899 3947 3904
f 3908 3951 3952
f 3908 3952 3907
f 3951 3953 3952
f 3951 3954 3953
f 3948 3954 3951
f 3948 3949 3954
f 3948 3951 3903
f 3903 3951 3908
f 3955 3957 3956
f 3955 3958 3957
f 3955 3959 3958
f 3952 3959 3955
f 3952 3953 3959
f 3952 3955 3907
f 3907 3955 3956
f 3907 3956 3910
f 3957 3958 3960
f 3957 3960 3956
f 3040 3969 3926
f 3040 3060 3969
f 3930 3970 3971
f 3930 3971 3929
f 3069 3971 3970
f 3069 3065 3971
f 3069 3970 3060
f 3060 3970 3969
f 3969 3970 3926
f 3926 3970 3930
f 3934 3972 3973
f 3934 3973 3933
f 3075 3973 3972
f 3075 3071 3973
f 3075 3972 3065
f 3065 3972 3971
f 3971 3972 3929
f 3929 3972 3934
f 3938 3974 3975
f 3938 3975 3937
f 3081 3975 3974
f 3081 3077 3975
f 3081 3974 3071
f 3071 3974 3973
f 3973 3974 3933
f 3933 3974 3938
f 3942 3976 3977
f 3942 3977 3941
f 3976 3978 3977
f 3077 3978 3976
f 3077 3082 3978
f 3077 3976 3975
f 3975 3976 3937
f 3937 3976 3942
f 3946 3979 3980
f 3946 3980 3945
f 3979 3981 3980
f 3979 3982 3981
f 3977 3982 3979
f 3977 3978 3982
f 3977 3979 3941
f 3941 3979 3946
f 3950 3983 3984
f 3950 3984 3949
f 3983 3985 3984
f 3983 3986 3985
f 3980 3986 3983
f 3980 3981 3986
f 3980 3983 3945
f 3945 3983 3950
f 3954 3987 3988
f 3954 3988 3953
f 3987 3989 3988
f 3987 3990 3989
f 3984 3990 3987
f 3984 3985 3990
f 3984 3987 3949
f 3949 3987 3954
f 3959 3991 3992
f 3959 3992 3958
f 3991 3993 3992
f 3991 3994 3993
f 3988 3994 3991
f 3988 3989 3994
f 3988 3991 3953
f 3953 3991 3959
f 3995 3997 3996
f 3995 3998 3997
f 3995 3999 3998
f 3992 3999 3995
f 3992 3993 3999
f 3992 3995 3958
f 3958 3995 3996
f 3958 3996 3960
f 4000 4002 4001
f 4000 4003 4002
f 4000 4004 4003
f 3997 4004 4000
f 3997 3998 4004
f 3997 4000 4005
f 3997 4005 3996
f 4000 4001 4005
f 4002 4003 4006
f 4002 4006 4001
f 3082 4021 3978
f 3082 3101 4021
f 3982 4022 4023
f 3982 4023 3981
f 3109 4023 4022
f 3109 3105 4023
f 3109 4022 3101
f 3101 4022 4021
f 4021 4022 3978
f 3978 4022 3982
f 3986 4024 4025
f 3986 4025 3985
f 3115 4025 4024
f 3115 3111 4025
f 3115 4024 3105
f 3105 4024 4023
f 4023 4024 3981
f 3981 4024 3986
f 3990 4026 4027
f 3990 4027 3989
f 3121 4027 4026
f 3121 3117 4027
f 3121 4026 3111
f 3111 4026 4025
f 4025 4026 3985
f 3985 4026 3990
f 3994 4028 4029
f 3994 4029 3993
f 4028 4030 4029
f 3117 4030 4028
f 3117 3122 4030
f 3117 4028 4027
f 4027 4028 3989
f 3989 4028 3994
f 3999 4031 4032
f 3999 4032 3998
f 4031 4033 4032
f 4031 4034 4033
f 4029 4034 4031
f 4029 4030 4034
f 4029 4031 3993
f 3993 4031 3999
f 4004 4035 4036
f 4004 4036 4003
f 4035 4037 4036
f 4035 4038 4037
f 4032 4038 4035
f 4032 4033 4038
f 4032 4035 3998
f 3998 4035 4004
f 4039 4041 4040
f 4039 4042 4041
f 4039 4043 4042
f 4036 4043 4039
f 4036 4037 4043
f 4036 4039 4003
f 4003 4039 4040
f 4003 4040 4006
f 4041 4048 4040
f 3122 4053 4030
f 3122 3141 4053
f 4034 4054 4055
f 4034 4055 4033
f 3146 4055 4054
f 3146 3144 4055
f 3146 4054 3141
f 3141 4054 4053
f 4053 4054 4030
f 4030 4054 4034
f 4038 4056 4057
f 4038 4057 4037
f 3151 4057 4056
f 3151 3148 4057
f 3151 4056 3144
f 3144 4056 4055
f 4055 4056 4033
f 4033 4056 4038
f 4043 4058 4059
f 4043 4059 4042
f 3157 4059 4058
f 3157 3153 4059
f 3157 4058 3148
f 3148 4058 4057
f 4057 4058 4037
f 4037 4058 4043
f 4059 4060 4042
f 4069 4070 4071
f 3187 4071 3183
f 3187 4069 4071
f 3187 3176 4069
f 4065 4072 4069
f 4069 4072 4070
f 4073 4074 4075
f 3193 4075 3189
f 3193 4073 4075
f 3193 3183 4073
f 3183 4071 4073
f 4071 4070 4076
f 4071 4076 4073
f 4073 4076 4074
f 4077 4078 4079
f 3199 4079 3195
f 3199 4077 4079
f 3199 3189 4077
f 3189 4075 4077
f 4075 4074 4080
f 4075 4080 4077
f 4077 4080 4078
f 4081 4082 4083
f 3205 4083 3201
f 3205 4081 4083
f 3205 3195 4081
f 3195 4079 4081
f 4079 4078 4084
f 4079 4084 4081
f 4081 4084 4082
f 4085 4086 4087
f 3211 4087 3207
f 3211 4085 4087
f 3211 3201 4085
f 3201 4083 4085
f 4083 4082 4088
f 4083 4088 4085
f 4085 4088 4086
f 4089 4090 4091
f 3217 4091 3213
f 3217 4089 4091
f 3217 3207 4089
f 3207 4087 4089
f 4087 4086 4092
f 4087 4092 4089
f 4089 4092 4090
f 4093 4094 4095
f 3223 4095 3219
f 3223 4093 4095
f 3223 3213 4093
f 3213 4091 4093
f 4091 4090 4096
f 4091 4096 4093
f 4093 4096 4094
f 4097 4098 4099
f 3229 4099 3225
f 3229 4097 4099
f 3229 3219 4097
f 3219 4095 4097
f 4095 4094 4100
f 4095 4100 4097
f 4097 4100 4098
f 3235 4101 3231
f 3235 4102 4101
f 3235 3225 4102
f 3225 4103 4102
f 3225 4099 4103
f 4099 4098 4103
f 3241 4104 3237
f 3241 4105 4104
f 3241 3231 4105
f 3231 4101 4105
f 3237 4106 3242
f 3237 4104 4106
f 4102 4115 4101
f 4102 4103 4115
f 4105 4116 4104
f 4101 4115 4117
f 4101 4116 4105
f 4101 4117 4116
f 4106 4119 3242
f 4106 4118 4119
f 3242 4119 3285
f 4104 4116 4120
f 4104 4118 4106
f 4104 4120 4118
f 4121 4122 4123
f 3290 4123 3288
f 3290 4121 4123
f 3290 3285 4121
f 3285 4119 4121
f 4119 4118 4124
f 4119 4124 4121
f 4121 4124 4122
f 4125 4126 4127
f 3294 4127 3292
f 3294 4125 4127
f 3294 3288 4125
f 3288 4123 4125
f 4123 4122 4128
f 4123 4128 4125
f 4125 4128 4126
f 4129 4130 4131
f 3298 4131 3296
f 3298 4129 4131
f 3298 3292 4129
f 3292 4127 4129
f 4127 4126 4132
f 4127 4132 4129
f 4129 4132 4130
f 3302 4133 3300
f 3302 4134 4133
f 3302 3296 4134
f 3296 4135 4134
f 3296 4131 4135
f 4131 4130 4135
f 3306 4136 3304
f 3306 4137 4136
f 3306 3300 4137
f 3300 4133 4137
f 3310 4138 3308
f 3310 4139 4138
f 3310 3304 4139
f 3304 4136 4139
f 3314 4140 3312
f 3314 4141 4140
f 3314 3308 4141
f 3308 4138 4141
f 3318 4142 3316
f 3318 4143 4142
f 3318 3312 4143
f 3312 4140 4143
f 3322 4144 3320
f 3322 4145 4144
f 3322 3316 4145
f 3316 4142 4145
f 3326 4146 3324
f 3326 4147 4146
f 3326 3320 4147
f 3320 4144 4147
f 3330 4148 3328
f 3330 4149 4148
f 3330 3324 4149
f 3324 4146 4149
f 3334 4150 3332
f 3334 4151 4150
f 3334 3328 4151
f 3328 4148 4151
f 3332 4152 3337
f 3332 4150 4152
f 4134 4159 4133
f 4134 4135 4159
f 4137 4160 4136
f 4133 4159 4161
f 4133 4160 4137
f 4133 4161 4160
f 4139 4162 4138
f 4136 4160 4163
f 4136 4162 4139
f 4136 4163 4162
f 4141 4164 4140
f 4138 4162 4165
f 4138 4164 4141
f 4138 4165 4164
f 4143 4166 4142
f 4140 4164 4167
f 4140 4166 4143
f 4140 4167 4166
f 4145 4168 4169
f 4145 4169 4144
f 4168 4170 4169
f 4168 4171 4170
f 4168 4172 4171
f 4142 4172 4168
f 4142 4166 4172
f 4142 4168 4145
f 4147 4173 4174
f 4147 4174 4146
f 4173 4175 4174
f 4173 4176 4175
f 4169 4176 4173
f 4169 4170 4176
f 4169 4173 4144
f 4144 4173 4147
f 4149 4177 4178
f 4149 4178 4148
f 4177 4179 4178
f 4177 4180 4179
f 4174 4180 4177
f 4174 4175 4180
f 4174 4177 4146
f 4146 4177 4149
f 4151 4181 4182
f 4151 4182 4150
f 4181 4183 4182
f 4181 4184 4183
f 4178 4184 4181
f 4178 4179 4184
f 4178 4181 4148
f 4148 4181 4151
f 4152 4185 3337
f 3337 4185 4186
f 3337 4186 3369
f 4185 4187 4186
f 4182 4187 4185
f 4182 4183 4187
f 4182 4185 4150
f 4150 4185 4152
f 3371 4188 3370
f 3371 4189 4188
f 3371 3369 4189
f 3369 4186 4189
f 3373 4190 3372
f 3373 4191 4190
f 3373 3370 4191
f 3370 4188 4191
f 3375 4192 3374
f 3375 4193 4192
f 3375 3372 4193
f 3372 4190 4193
f 3378 4194 3376
f 3378 4195 4194
f 3378 3374 4195
f 3374 4192 4195
f 3376 4196 3381
f 3376 4194 4196
f 4201 4203 4202
f 3389 4203 4201
f 3389 3388 4203
f 3389 4201 3387
f 3387 4201 4199
f 4199 4201 4204
f 4199 4204 4198
f 4201 4202 4204
f 3391 3390 4205
f 3391 4206 3388
f 3391 4205 4206
f 3388 4207 4203
f 3388 4206 4207
f 4203 4207 4202
f 3390 3396 4208
f 3390 4208 4205
f 4171 4209 4210
f 4171 4210 4170
f 4209 4211 4210
f 4209 4212 4211
f 4209 4213 4212
f 4209 4214 4213
f 4171 4214 4209
f 4171 4172 4214
f 4176 4215 4216
f 4176 4216 4175
f 4215 4217 4216
f 4215 4218 4217
f 4210 4218 4215
f 4210 4211 4218
f 4210 4215 4170
f 4170 4215 4176
f 4180 4219 4220
f 4180 4220 4179
f 4219 4221 4220
f 4219 4222 4221
f 4216 4222 4219
f 4216 4217 4222
f 4216 4219 4175
f 4175 4219 4180
f 4184 4223 4224
f 4184 4224 4183
f 4223 4225 4224
f 4223 4226 4225
f 4220 4226 4223
f 4220 4221 4226
f 4220 4223 4179
f 4179 4223 4184
f 4187 4227 4228
f 4187 4228 4186
f 4227 4229 4228
f 4227 4230 4229
f 4224 4230 4227
f 4224 4225 4230
f 4224 4227 4183
f 4183 4227 4187
f 4189 4231 4232
f 4189 4232 4188
f 4231 4233 4232
f 4231 4234 4233
f 4228 4234 4231
f 4228 4229 4234
f 4228 4231 4186
f 4186 4231 4189
f 4191 4235 4236
f 4191 4236 4190
f 4235 4237 4236
f 4235 4238 4237
f 4232 4238 4235
f 4232 4233 4238
f 4232 4235 4188
f 4188 4235 4191
f 4193 4239 4240
f 4193 4240 4192
f 4239 4241 4240
f 4239 4242 4241
f 4236 4242 4239
f 4236 4237 4242
f 4236 4239 4190
f 4190 4239 4193
f 4195 4243 4244
f 4195 4244 4194
f 4243 4245 4244
f 4243 4246 4245
f 4240 4246 4243
f 4240 4241 4246
f 4240 4243 4192
f 4192 4243 4195
f 4196 4247 3381
f 3381 4247 4248
f 3381 4248 3409
f 4247 4249 4248
f 4244 4249 4247
f 4244 4245 4249
f 4244 4247 4194
f 4194 4247 4196
f 3411 4250 3410
f 3411 4251 4250
f 3411 3409 4251
f 3409 4248 4251
f 3413 4252 3412
f 3413 4253 4252
f 3413 3410 4253
f 3410 4250 4253
f 3412 4254 3417
f 3412 4252 4254
f 4206 4205 4255
f 4206 4255 4207
f 4208 4257 4256
f 4208 3396 4257
f 3396 3423 4257
f 4205 4258 4255
f 4205 4256 4258
f 4205 4208 4256
f 4259 4261 4260
f 3425 4261 4259
f 3425 3424 4261
f 3425 4259 3423
f 3423 4259 4257
f 4257 4259 4262
f 4257 4262 4256
f 4259 4260 4262
f 4263 4265 4264
f 3427 4265 4263
f 3427 3426 4265
f 3427 4263 3424
f 3424 4263 4261
f 4261 4263 4266
f 4261 4266 4260
f 4263 4264 4266
f 4267 4269 4268
f 3429 4269 4267
f 3429 3428 4269
f 3429 4267 3426
f 3426 4267 4265
f 4265 4267 4270
f 4265 4270 4264
f 4267 4268 4270
f 4271 4273 4272
f 3431 4273 4271
f 3431 3430 4273
f 3431 4271 3428
f 3428 4271 4269
f 4269 4271 4274
f 4269 4274 4268
f 4271 4272 4274
f 4275 4277 4276
f 3434 4277 4275
f 3434 3432 4277
f 3434 4275 3430
f 3430 4275 4273
f 4273 4275 4278
f 4273 4278 4272
f 4275 4276 4278
f 4279 4281 4280
f 4279 4282 4281
f 3432 4282 4279
f 3432 3437 4282
f 3432 4279 4277
f 4277 4279 4283
f 4277 4283 4276
f 4279 4280 4283
f 4281 4282 4284
f 4281 4284 4280
f 4285 4287 4286
f 4285 4288 4287
f 4285 4289 4288
f 4285 4290 4289
f 4285 4291 4290
f 4285 4286 4291
f 4212 4292 4293
f 4212 4293 4211
f 4292 4294 4293
f 4292 4295 4294
f 4287 4295 4292
f 4287 4288 4295
f 4287 4292 4296
f 4287 4296 4286
f 4212 4296 4292
f 4212 4213 4296
f 4218 4297 4298
f 4218 4298 4217
f 4297 4299 4298
f 4297 4300 4299
f 4293 4300 4297
f 4293 4294 4300
f 4293 4297 4211
f 4211 4297 4218
f 4222 4301 4302
f 4222 4302 4221
f 4301 4303 4302
f 4301 4304 4303
f 4298 4304 4301
f 4298 4299 4304
f 4298 4301 4217
f 4217 4301 4222
f 4226 4305 4306
f 4226 4306 4225
f 4305 4307 4306
f 4305 4308 4307
f 4302 4308 4305
f 4302 4303 4308
f 4302 4305 4221
f 4221 4305 4226
f 4230 4309 4310
f 4230 4310 4229
f 4309 4311 4310
f 4309 4312 4311
f 4306 4312 4309
f 4306 4307 4312
f 4306 4309 4225
f 4225 4309 4230
f 4234 4313 4314
f 4234 4314 4233
f 4313 4315 4314
f 4313 4316 4315
f 4310 4316 4313
f 4310 4311 4316
f 4310 4313 4229
f 4229 4313 4234
f 4238 4317 4318
f 4238 4318 4237
f 4317 4319 4318
f 4317 4320 4319
f 4314 4320 4317
f 4314 4315 4320
f 4314 4317 4233
f 4233 4317 4238
f 4242 4321 4322
f 4242 4322 4241
f 4321 4323 4322
f 4321 4324 4323
f 4318 4324 4321
f 4318 4319 4324
f 4318 4321 4237
f 4237 4321 4242
f 4246 4325 4326
f 4246 4326 4245
f 4325 4327 4326
f 4325 4328 4327
f 4322 4328 4325
f 4322 4323 4328
f 4322 4325 4241
f 4241 4325 4246
f 4249 4329 4330
f 4249 4330 4248
f 4329 4331 4330
f 4329 4332 4331
f 4326 4332 4329
f 4326 4327 4332
f 4326 4329 4245
f 4245 4329 4249
f 4251 4333 4334
f 4251 4334 4250
f 4333 4335 4334
f 4333 4336 4335
f 4330 4336 4333
f 4330 4331 4336
f 4330 4333 4248
f 4248 4333 4251
f 4253 4337 4338
f 4253 4338 4252
f 4337 4339 4338
f 4337 4340 4339
f 4334 4340 4337
f 4334 4335 4340
f 4334 4337 4250
f 4250 4337 4253
f 4254 4341 3417
f 3417 4341 4342
f 3417 4342 3441
f 4341 4343 4342
f 4338 4343 4341
f 4338 4339 4343
f 4338 4341 4252
f 4252 4341 4254
f 3441 4344 3446
f 3441 4342 4344
f 3437 4345 4282
f 3437 3475 4345
f 4346 4348 4347
f 3477 4348 4346
f 3477 3476 4348
f 3477 4346 3475
f 3475 4346 4345
f 4345 4346 4282
f 4282 4346 4347
f 4282 4347 4284
f 4349 4351 4350
f 3480 4351 4349
f 3480 3478 4351
f 3480 4349 3476
f 3476 4349 4348
f 4348 4349 4352
f 4348 4352 4347
f 4349 4350 4352
f 4353 4355 4354
f 3484 4355 4353
f 3484 3482 4355
f 3484 4353 3478
f 3478 4353 4351
f 4351 4353 4356
f 4351 4356 4350
f 4353 4354 4356
f 4357 4359 4358
f 3488 4359 4357
f 3488 3486 4359
f 3488 4357 3482
f 3482 4357 4355
f 4355 4357 4360
f 4355 4360 4354
f 4357 4358 4360
f 4361 4363 4362
f 4361 4364 4363
f 3486 4364 4361
f 3486 3491 4364
f 3486 4361 4359
f 4359 4361 4365
f 4359 4365 4358
f 4361 4362 4365
f 4366 4368 4367
f 4366 4369 4368
f 4366 4370 4369
f 4363 4370 4366
f 4363 4364 4370
f 4363 4366 4371
f 4363 4371 4362
f 4366 4367 4371
f 4372 4374 4373
f 4372 4375 4374
f 4372 4376 4375
f 4368 4376 4372
f 4368 4369 4376
f 4368 4372 4377
f 4368 4377 4367
f 4372 4373 4377
f 4378 4380 4379
f 4378 4381 4380
f 4378 4382 4381
f 4374 4382 4378
f 4374 4375 4382
f 4374 4378 4383
f 4374 4383 4373
f 4378 4379 4383
f 4384 4386 4385
f 3498 4386 4384
f 3498 3494 4386
f 3498 4384 4387
f 3498 4387 3497
f 4380 4387 4384
f 4380 4381 4387
f 4380 4384 4388
f 4380 4388 4379
f 4384 4385 4388
f 4289 4389 4390
f 4289 4390 4288
f 3502 4390 4389
f 3502 3500 4390
f 3502 4389 3494
f 3494 4389 4386
f 4386 4389 4391
f 4386 4391 4385
f 4289 4391 4389
f 4289 4290 4391
f 4295 4392 4393
f 4295 4393 4294
f 3506 4393 4392
f 3506 3504 4393
f 3506 4392 3500
f 3500 4392 4390
f 4390 4392 4288
f 4288 4392 4295
f 4300 4394 4395
f 4300 4395 4299
f 3510 4395 4394
f 3510 3508 4395
f 3510 4394 3504
f 3504 4394 4393
f 4393 4394 4294
f 4294 4394 4300
f 4304 4396 4397
f 4304 4397 4303
f 3514 4397 4396
f 3514 3512 4397
f 3514 4396 3508
f 3508 4396 4395
f 4395 4396 4299
f 4299 4396 4304
f 4308 4398 4399
f 4308 4399 4307
f 3518 4399 4398
f 3518 3516 4399
f 3518 4398 3512
f 3512 4398 4397
f 4397 4398 4303
f 4303 4398 4308
f 4312 4400 4401
f 4312 4401 4311
f 3522 4401 4400
f 3522 3520 4401
f 3522 4400 3516
f 3516 4400 4399
f 4399 4400 4307
f 4307 4400 4312
f 4316 4402 4403
f 4316 4403 4315
f 3527 4403 4402
f 3527 3524 4403
f 3527 4402 3520
f 3520 4402 4401
f 4401 4402 4311
f 4311 4402 4316
f 4320 4404 4405
f 4320 4405 4319
f 3533 4405 4404
f 3533 3529 4405
f 3533 4404 3524
f 3524 4404 4403
f 4403 4404 4315
f 4315 4404 4320
f 4324 4406 4407
f 4324 4407 4323
f 3539 4407 4406
f 3539 3535 4407
f 3539 4406 3529
f 3529 4406 4405
f 4405 4406 4319
f 4319 4406 4324
f 4328 4408 4409
f 4328 4409 4327
f 4408 4410 4409
f 3535 4410 4408
f 3535 3540 4410
f 3535 4408 4407
f 4407 4408 4323
f 4323 4408 4328
f 4332 4411 4412
f 4332 4412 4331
f 4411 4413 4412
f 4411 4414 4413
f 4409 4414 4411
f 4409 4410 4414
f 4409 4411 4327
f 4327 4411 4332
f 4336 4415 4416
f 4336 4416 4335
f 4415 4417 4416
f 4415 4418 4417
f 4412 4418 4415
f 4412 4413 4418
f 4412 4415 4331
f 4331 4415 4336
f 4340 4419 4420
f 4340 4420 4339
f 4419 4421 4420
f 4419 4422 4421
f 4416 4422 4419
f 4416 4417 4422
f 4416 4419 4335
f 4335 4419 4340
f 4343 4423 4424
f 4343 4424 4342
f 4423 4425 4424
f 4423 4426 4425
f 4420 4426 4423
f 4420 4421 4426
f 4420 4423 4339
f 4339 4423 4343
f 4344 4427 3446
f 3446 4427 4428
f 3446 4428 3541
f 4427 4429 4428
f 4424 4429 4427
f 4424 4425 4429
f 4424 4427 4342
f 4342 4427 4344
f 3541 4430 3546
f 3541 4428 4430
f 3491 4431 4364
f 3491 3597 4431
f 4370 4432 4433
f 4370 4433 4369
f 3600 4433 4432
f 3600 3598 4433
f 3600 4432 3597
f 3597 4432 4431
f 4431 4432 4364
f 4364 4432 4370
f 4376 4434 4435
f 4376 4435 4375
f 3604 4435 4434
f 3604 3602 4435
f 3604 4434 3598
f 3598 4434 4433
f 4433 4434 4369
f 4369 4434 4376
f 4382 4436 4437
f 4382 4437 4381
f 3608 4437 4436
f 3608 3606 4437
f 3608 4436 3602
f 3602 4436 4435
f 4435 4436 4375
f 4375 4436 4382
f 4387 4438 3497
f 3497 4438 3610
f 3610 4438 3606
f 3606 4438 4437
f 4437 4438 4381
f 4381 4438 4387
f 3540 4439 4410
f 3540 3617 4439
f 4414 4440 4441
f 4414 4441 4413
f 3623 4441 4440
f 3623 3620 4441
f 3623 4440 3617
f 3617 4440 4439
f 4439 4440 4410
f 4410 4440 4414
f 4418 4442 4443
f 4418 4443 4417
f 3629 4443 4442
f 3629 3625 4443
f 3629 4442 3620
f 3620 4442 4441
f 4441 4442 4413
f 4413 4442 4418
f 4422 4444 4445
f 4422 4445 4421
f 3635 4445 4444
f 3635 3631 4445
f 3635 4444 3625
f 3625 4444 4443
f 4443 4444 4417
f 4417 4444 4422
f 4426 4446 4447
f 4426 4447 4425
f 3641 4447 4446
f 3641 3637 4447
f 3641 4446 3631
f 3631 4446 4445
f 4445 4446 4421
f 4421 4446 4426
f 4429 4448 4449
f 4429 4449 4428
f 3647 4449 4448
f 3647 3643 4449
f 3647 4448 3637
f 3637 4448 4447
f 4447 4448 4425
f 4425 4448 4429
f 4430 4450 3546
f 3546 4450 3652
f 3652 4450 3643
f 3643 4450 4449
f 4449 4450 4428
f 4428 4450 4430
f 3853 4451 3851
f 3853 3852 4451
f 3855 4452 3854
f 3855 4453 4452
f 3855 3851 4453
f 3851 4451 4453
f 3857 4454 3856
f 3857 4455 4454
f 3857 3854 4455
f 3854 4452 4455
f 3859 3856 4457
f 3856 4454 4457
f 3911 4459 3909
f 3911 3910 4459
f 3852 4460 4451
f 3852 4461 4460
f 3852 3912 4461
f 3912 4462 4461
f 3912 3909 4462
f 3909 4459 4462
f 4453 4463 4464
f 4453 4464 4452
f 4463 4465 4464
f 4463 4466 4465
f 4460 4466 4463
f 4460 4461 4466
f 4460 4463 4451
f 4451 4463 4453
f 4455 4467 4468
f 4455 4468 4454
f 4467 4469 4468
f 4467 4470 4469
f 4464 4470 4467
f 4464 4465 4470
f 4464 4467 4452
f 4452 4467 4455
f 4468 4474 4471
f 4468 4469 4474
f 4468 4471 4454
f 4454 4471 4457
f 3910 4477 4459
f 3910 3956 4477
f 4462 4478 4479
f 4462 4479 4461
f 4478 4480 4479
f 3956 4480 4478
f 3956 3960 4480
f 3956 4478 4477
f 4477 4478 4459
f 4459 4478 4462
f 4466 4481 4482
f 4466 4482 4465
f 4481 4483 4482
f 4481 4484 4483
f 4479 4484 4481
f 4479 4480 4484
f 4479 4481 4461
f 4461 4481 4466
f 4470 4485 4486
f 4470 4486 4469
f 4485 4487 4486
f 4485 4488 4487
f 4482 4488 4485
f 4482 4483 4488
f 4482 4485 4465
f 4465 4485 4470
f 4486 4492 4489
f 4486 4487 4492
f 4486 4489 4469
f 4469 4489 4474
f 3960 4495 4480
f 3960 3996 4495
f 4484 4496 4497
f 4484 4497 4483
f 4005 4497 4496
f 4005 4001 4497
f 4005 4496 3996
f 3996 4496 4495
f 4495 4496 4480
f 4480 4496 4484
f 4488 4498 4499
f 4488 4499 4487
f 4498 4500 4499
f 4001 4500 4498
f 4001 4006 4500
f 4001 4498 4497
f 4497 4498 4483
f 4483 4498 4488
f 4499 4503 4501
f 4499 4500 4503
f 4499 4501 4487
f 4487 4501 4492
f 4006 4505 4500
f 4006 4040 4505
f 4048 4506 4040
f 4040 4506 4505
f 4505 4506 4500
f 4500 4506 4503
f 4072 4508 4070
f 4072 4509 4508
f 4072 4064 4509
f 4076 4510 4074
f 4076 4511 4510
f 4076 4070 4511
f 4070 4508 4511
f 4080 4512 4078
f 4080 4513 4512
f 4080 4074 4513
f 4074 4510 4513
f 4084 4514 4082
f 4084 4515 4514
f 4084 4078 4515
f 4078 4512 4515
f 4088 4516 4086
f 4088 4517 4516
f 4088 4082 4517
f 4082 4514 4517
f 4092 4518 4090
f 4092 4519 4518
f 4092 4086 4519
f 4086 4516 4519
f 4096 4520 4094
f 4096 4521 4520
f 4096 4090 4521
f 4090 4518 4521
f 4100 4522 4098
f 4100 4523 4522
f 4100 4094 4523
f 4094 4520 4523
f 4098 4524 4103
f 4098 4522 4524
f 4509 4530 4508
f 4507 4530 4509
f 4507 4531 4530
f 4511 4532 4510
f 4508 4530 4533
f 4508 4532 4511
f 4508 4533 4532
f 4513 4534 4512
f 4510 4532 4535
f 4510 4534 4513
f 4510 4535 4534
f 4515 4536 4514
f 4512 4534 4537
f 4512 4536 4515
f 4512 4537 4536
f 4517 4538 4516
f 4514 4536 4539
f 4514 4538 4517
f 4514 4539 4538
f 4519 4540 4518
f 4516 4538 4541
f 4516 4540 4519
f 4516 4541 4540
f 4521 4542 4543
f 4521 4543 4520
f 4542 4544 4543
f 4542 4545 4544
f 4542 4546 4545
f 4518 4546 4542
f 4518 4540 4546
f 4518 4542 4521
f 4523 4547 4548
f 4523 4548 4522
f 4547 4549 4548
f 4547 4550 4549
f 4543 4550 4547
f 4543 4544 4550
f 4543 4547 4520
f 4520 4547 4523
f 4524 4551 4103
f 4103 4551 4552
f 4103 4552 4115
f 4551 4553 4552
f 4548 4553 4551
f 4548 4549 4553
f 4548 4551 4522
f 4522 4551 4524
f 4117 4554 4116
f 4117 4555 4554
f 4117 4115 4555
f 4115 4552 4555
f 4120 4556 4118
f 4120 4557 4556
f 4120 4116 4557
f 4116 4554 4557
f 4124 4558 4122
f 4124 4559 4558
f 4124 4118 4559
f 4118 4556 4559
f 4128 4560 4126
f 4128 4561 4560
f 4128 4122 4561
f 4122 4558 4561
f 4132 4562 4130
f 4132 4563 4562
f 4132 4126 4563
f 4126 4560 4563
f 4130 4564 4135
f 4130 4562 4564
f 4545 4573 4544
f 4545 4546 4573
f 4550 4574 4549
f 4544 4573 4575
f 4544 4574 4550
f 4544 4575 4574
f 4553 4576 4552
f 4549 4574 4577
f 4549 4576 4553
f 4549 4577 4576
f 4555 4578 4579
f 4555 4579 4554
f 4578 4580 4579
f 4578 4581 4580
f 4578 4582 4581
f 4552 4582 4578
f 4552 4576 4582
f 4552 4578 4555
f 4557 4583 4584
f 4557 4584 4556
f 4583 4585 4584
f 4583 4586 4585
f 4579 4586 4583
f 4579 4580 4586
f 4579 4583 4554
f 4554 4583 4557
f 4559 4587 4588
f 4559 4588 4558
f 4587 4589 4588
f 4587 4590 4589
f 4584 4590 4587
f 4584 4585 4590
f 4584 4587 4556
f 4556 4587 4559
f 4561 4591 4592
f 4561 4592 4560
f 4591 4593 4592
f 4591 4594 4593
f 4588 4594 4591
f 4588 4589 4594
f 4588 4591 4558
f 4558 4591 4561
f 4563 4595 4596
f 4563 4596 4562
f 4595 4597 4596
f 4595 4598 4597
f 4592 4598 4595
f 4592 4593 4598
f 4592 4595 4560
f 4560 4595 4563
f 4564 4599 4135
f 4135 4599 4600
f 4135 4600 4159
f 4599 4601 4600
f 4596 4601 4599
f 4596 4597 4601
f 4596 4599 4562
f 4562 4599 4564
f 4161 4602 4160
f 4161 4603 4602
f 4161 4159 4603
f 4159 4600 4603
f 4163 4604 4162
f 4163 4605 4604
f 4163 4160 4605
f 4160 4602 4605
f 4165 4606 4164
f 4165 4607 4606
f 4165 4162 4607
f 4162 4604 4607
f 4167 4608 4166
f 4167 4609 4608
f 4167 4164 4609
f 4164 4606 4609
f 4166 4610 4172
f 4166 4608 4610
f 4614 4616 4615
f 4204 4616 4614
f 4204 4202 4616
f 4204 4614 4198
f 4570 4614 4615
f 4570 4615 4572
f 4617 4619 4618
f 4617 4620 4619
f 4202 4620 4617
f 4202 4207 4620
f 4202 4617 4616
f 4616 4617 4621
f 4616 4621 4615
f 4617 4618 4621
f 4622 4624 4623
f 4622 4625 4624
f 4622 4626 4625
f 4619 4626 4622
f 4619 4620 4626
f 4619 4622 4627
f 4619 4627 4618
f 4622 4623 4627
f 4628 4630 4629
f 4628 4631 4630
f 4628 4632 4631
f 4624 4632 4628
f 4624 4625 4632
f 4624 4628 4633
f 4624 4633 4623
f 4628 4629 4633
f 4634 4636 4635
f 4634 4637 4636
f 4634 4638 4637
f 4630 4638 4634
f 4630 4631 4638
f 4630 4634 4639
f 4630 4639 4629
f 4634 4635 4639
f 4640 4642 4641
f 4640 4643 4642
f 4640 4644 4643
f 4636 4644 4640
f 4636 4637 4644
f 4636 4640 4645
f 4636 4645 4635
f 4640 4641 4645
f 4646 4648 4647
f 4646 4649 4648
f 4646 4650 4649
f 4642 4650 4646
f 4642 4643 4650
f 4642 4646 4651
f 4642 4651 4641
f 4646 4647 4651
f 4652 4654 4653
f 4652 4655 4654
f 4652 4656 4655
f 4648 4656 4652
f 4648 4649 4656
f 4648 4652 4657
f 4648 4657 4647
f 4652 4653 4657
f 4658 4660 4659
f 4658 4661 4660
f 4658 4662 4661
f 4654 4662 4658
f 4654 4655 4662
f 4654 4658 4663
f 4654 4663 4653
f 4658 4659 4663
f 4581 4664 4665
f 4581 4665 4580
f 4664 4666 4665
f 4664 4667 4666
f 4660 4667 4664
f 4660 4661 4667
f 4660 4664 4668
f 4660 4668 4659
f 4581 4668 4664
f 4581 4582 4668
f 4586 4669 4670
f 4586 4670 4585
f 4669 4671 4670
f 4669 4672 4671
f 4665 4672 4669
f 4665 4666 4672
f 4665 4669 4580
f 4580 4669 4586
f 4590 4673 4674
f 4590 4674 4589
f 4673 4675 4674
f 4673 4676 4675
f 4670 4676 4673
f 4670 4671 4676
f 4670 4673 4585
f 4585 4673 4590
f 4594 4677 4678
f 4594 4678 4593
f 4677 4679 4678
f 4677 4680 4679
f 4674 4680 4677
f 4674 4675 4680
f 4674 4677 4589
f 4589 4677 4594
f 4598 4681 4682
f 4598 4682 4597
f 4681 4683 4682
f 4681 4684 4683
f 4678 4684 4681
f 4678 4679 4684
f 4678 4681 4593
f 4593 4681 4598
f 4601 4685 4686
f 4601 4686 4600
f 4685 4687 4686
f 4685 4688 4687
f 4682 4688 4685
f 4682 4683 4688
f 4682 4685 4597
f 4597 4685 4601
f 4603 4689 4690
f 4603 4690 4602
f 4689 4691 4690
f 4689 4692 4691
f 4686 4692 4689
f 4686 4687 4692
f 4686 4689 4600
f 4600 4689 4603
f 4605 4693 4694
f 4605 4694 4604
f 4693 4695 4694
f 4693 4696 4695
f 4690 4696 4693
f 4690 4691 4696
f 4690 4693 4602
f 4602 4693 4605
f 4607 4697 4698
f 4607 4698 4606
f 4697 4699 4698
f 4697 4700 4699
f 4694 4700 4697
f 4694 4695 4700
f 4694 4697 4604
f 4604 4697 4607
f 4609 4701 4702
f 4609 4702 4608
f 4701 4703 4702
f 4701 4704 4703
f 4698 4704 4701
f 4698 4699 4704
f 4698 4701 4606
f 4606 4701 4609
f 4610 4705 4172
f 4172 4705 4214
f 4214 4705 4706
f 4214 4706 4213
f 4702 4706 4705
f 4702 4703 4706
f 4702 4705 4608
f 4608 4705 4610
f 4207 4707 4620
f 4207 4255 4707
f 4626 4708 4709
f 4626 4709 4625
f 4258 4709 4708
f 4258 4256 4709
f 4258 4708 4255
f 4255 4708 4707
f 4707 4708 4620
f 4620 4708 4626
f 4632 4710 4711
f 4632 4711 4631
f 4262 4711 4710
f 4262 4260 4711
f 4262 4710 4256
f 4256 4710 4709
f 4709 4710 4625
f 4625 4710 4632
f 4638 4712 4713
f 4638 4713 4637
f 4266 4713 4712
f 4266 4264 4713
f 4266 4712 4260
f 4260 4712 4711
f 4711 4712 4631
f 4631 4712 4638
f 4644 4714 4715
f 4644 4715 4643
f 4270 4715 4714
f 4270 4268 4715
f 4270 4714 4264
f 4264 4714 4713
f 4713 4714 4637
f 4637 4714 4644
f 4650 4716 4717
f 4650 4717 4649
f 4274 4717 4716
f 4274 4272 4717
f 4274 4716 4268
f 4268 4716 4715
f 4715 4716 4643
f 4643 4716 4650
f 4656 4718 4719
f 4656 4719 4655
f 4278 4719 4718
f 4278 4276 4719
f 4278 4718 4272
f 4272 4718 4717
f 4717 4718 4649
f 4649 4718 4656
f 4662 4720 4721
f 4662 4721 4661
f 4283 4721 4720
f 4283 4280 4721
f 4283 4720 4276
f 4276 4720 4719
f 4719 4720 4655
f 4655 4720 4662
f 4667 4722 4723
f 4667 4723 4666
f 4722 4724 4723
f 4280 4724 4722
f 4280 4284 4724
f 4280 4722 4721
f 4721 4722 4661
f 4661 4722 4667
f 4672 4725 4726
f 4672 4726 4671
f 4725 4727 4726
f 4725 4728 4727
f 4723 4728 4725
f 4723 4724 4728
f 4723 4725 4666
f 4666 4725 4672
f 4676 4729 4730
f 4676 4730 4675
f 4729 4731 4730
f 4729 4732 4731
f 4726 4732 4729
f 4726 4727 4732
f 4726 4729 4671
f 4671 4729 4676
f 4680 4733 4734
f 4680 4734 4679
f 4733 4735 4734
f 4733 4736 4735
f 4730 4736 4733
f 4730 4731 4736
f 4730 4733 4675
f 4675 4733 4680
f 4684 4737 4738
f 4684 4738 4683
f 4737 4739 4738
f 4737 4740 4739
f 4734 4740 4737
f 4734 4735 4740
f 4734 4737 4679
f 4679 4737 4684
f 4688 4741 4742
f 4688 4742 4687
f 4741 4743 4742
f 4741 4744 4743
f 4738 4744 4741
f 4738 4739 4744
f 4738 4741 4683
f 4683 4741 4688
f 4692 4745 4746
f 4692 4746 4691
f 4745 4747 4746
f 4745 4748 4747
f 4742 4748 4745
f 4742 4743 4748
f 4742 4745 4687
f 4687 4745 4692
f 4696 4749 4750
f 4696 4750 4695
f 4749 4751 4750
f 4749 4752 4751
f 4746 4752 4749
f 4746 4747 4752
f 4746 4749 4691
f 4691 4749 4696
f 4700 4753 4754
f 4700 4754 4699
f 4753 4755 4754
f 4753 4756 4755
f 4750 4756 4753
f 4750 4751 4756
f 4750 4753 4695
f 4695 4753 4700
f 4704 4757 4758
f 4704 4758 4703
f 4291 4758 4757
f 4291 4286 4758
f 4291 4757 4759
f 4291 4759 4290
f 4754 4759 4757
f 4754 4755 4759
f 4754 4757 4699
f 4699 4757 4704
f 4706 4760 4213
f 4213 4760 4296
f 4296 4760 4286
f 4286 4760 4758
f 4758 4760 4703
f 4703 4760 4706
f 4284 4761 4724
f 4284 4347 4761
f 4728 4762 4763
f 4728 4763 4727
f 4352 4763 4762
f 4352 4350 4763
f 4352 4762 4347
f 4347 4762 4761
f 4761 4762 4724
f 4724 4762 4728
f 4732 4764 4765
f 4732 4765 4731
f 4356 4765 4764
f 4356 4354 4765
f 4356 4764 4350
f 4350 4764 4763
f 4763 4764 4727
f 4727 4764 4732
f 4736 4766 4767
f 4736 4767 4735
f 4360 4767 4766
f 4360 4358 4767
f 4360 4766 4354
f 4354 4766 4765
f 4765 4766 4731
f 4731 4766 4736
f 4740 4768 4769
f 4740 4769 4739
f 4365 4769 4768
f 4365 4362 4769
f 4365 4768 4358
f 4358 4768 4767
f 4767 4768 4735
f 4735 4768 4740
f 4744 4770 4771
f 4744 4771 4743
f 4371 4771 4770
f 4371 4367 4771
f 4371 4770 4362
f 4362 4770 4769
f 4769 4770 4739
f 4739 4770 4744
f 4748 4772 4773
f 4748 4773 4747
f 4377 4773 4772
f 4377 4373 4773
f 4377 4772 4367
f 4367 4772 4771
f 4771 4772 4743
f 4743 4772 4748
f 4752 4774 4775
f 4752 4775 4751
f 4383 4775 4774
f 4383 4379 4775
f 4383 4774 4373
f 4373 4774 4773
f 4773 4774 4747
f 4747 4774 4752
f 4756 4776 4777
f 4756 4777 4755
f 4388 4777 4776
f 4388 4385 4777
f 4388 4776 4379
f 4379 4776 4775
f 4775 4776 4751
f 4751 4776 4756
f 4759 4778 4290
f 4290 4778 4391
f 4391 4778 4385
f 4385 4778 4777
f 4777 4778 4755
f 4755 4778 4759
f 4531 4780 4530
f 4531 4781 4780
f 4533 4782 4532
f 4533 4783 4782
f 4533 4530 4783
f 4530 4780 4783
f 4535 4784 4534
f 4535 4785 4784
f 4535 4532 4785
f 4532 4782 4785
f 4537 4786 4536
f 4537 4787 4786
f 4537 4534 4787
f 4534 4784 4787
f 4539 4788 4538
f 4539 4789 4788
f 4539 4536 4789
f 4536 4786 4789
f 4541 4790 4540
f 4541 4791 4790
f 4541 4538 4791
f 4538 4788 4791
f 4540 4792 4546
f 4540 4790 4792
f 4781 4794 4795
f 4781 4795 4780
f 4794 4796 4795
f 4568 4796 4794
f 4568 4572 4796
f 4783 4797 4798
f 4783 4798 4782
f 4797 4799 4798
f 4797 4800 4799
f 4795 4800 4797
f 4795 4796 4800
f 4795 4797 4780
f 4780 4797 4783
f 4785 4801 4802
f 4785 4802 4784
f 4801 4803 4802
f 4801 4804 4803
f 4798 4804 4801
f 4798 4799 4804
f 4798 4801 4782
f 4782 4801 4785
f 4787 4805 4806
f 4787 4806 4786
f 4805 4807 4806
f 4805 4808 4807
f 4802 4808 4805
f 4802 4803 4808
f 4802 4805 4784
f 4784 4805 4787
f 4789 4809 4810
f 4789 4810 4788
f 4809 4811 4810
f 4809 4812 4811
f 4806 4812 4809
f 4806 4807 4812
f 4806 4809 4786
f 4786 4809 4789
f 4791 4813 4814
f 4791 4814 4790
f 4813 4815 4814
f 4813 4816 4815
f 4810 4816 4813
f 4810 4811 4816
f 4810 4813 4788
f 4788 4813 4791
f 4792 4817 4546
f 4546 4817 4818
f 4546 4818 4573
f 4817 4819 4818
f 4814 4819 4817
f 4814 4815 4819
f 4814 4817 4790
f 4790 4817 4792
f 4575 4820 4574
f 4575 4821 4820
f 4575 4573 4821
f 4573 4818 4821
f 4577 4822 4576
f 4577 4823 4822
f 4577 4574 4823
f 4574 4820 4823
f 4576 4824 4582
f 4576 4822 4824
f 4572 4825 4796
f 4572 4615 4825
f 4800 4826 4827
f 4800 4827 4799
f 4621 4827 4826
f 4621 4618 4827
f 4621 4826 4615
f 4615 4826 4825
f 4825 4826 4796
f 4796 4826 4800
f 4804 4828 4829
f 4804 4829 4803
f 4627 4829 4828
f 4627 4623 4829
f 4627 4828 4618
f 4618 4828 4827
f 4827 4828 4799
f 4799 4828 4804
f 4808 4830 4831
f 4808 4831 4807
f 4633 4831 4830
f 4633 4629 4831
f 4633 4830 4623
f 4623 4830 4829
f 4829 4830 4803
f 4803 4830 4808
f 4812 4832 4833
f 4812 4833 4811
f 4639 4833 4832
f 4639 4635 4833
f 4639 4832 4629
f 4629 4832 4831
f 4831 4832 4807
f 4807 4832 4812
f 4816 4834 4835
f 4816 4835 4815
f 4645 4835 4834
f 4645 4641 4835
f 4645 4834 4635
f 4635 4834 4833
f 4833 4834 4811
f 4811 4834 4816
f 4819 4836 4837
f 4819 4837 4818
f 4651 4837 4836
f 4651 4647 4837
f 4651 4836 4641
f 4641 4836 4835
f 4835 4836 4815
f 4815 4836 4819
f 4821 4838 4839
f 4821 4839 4820
f 4657 4839 4838
f 4657 4653 4839
f 4657 4838 4647
f 4647 4838 4837
f 4837 4838 4818
f 4818 4838 4821
f 4823 4840 4841
f 4823 4841 4822
f 4663 4841 4840
f 4663 4659 4841
f 4663 4840 4653
f 4653 4840 4839
f 4839 4840 4820
f 4820 4840 4823
f 4824 4842 4582
f 4582 4842 4668
f 4668 4842 4659
f 4659 4842 4841
f 4841 4842 4822
f 4822 4842 4824
